{
"type": "FeatureCollection",
"name": "geo_citrep",
"crs": { "type": "name", "properties": { "name": "urn:ogc:def:crs:OGC:1.3:CRS84" } },
"features": [
{ "type": "Feature", "properties": { "CTEP": 1.0 }, "geometry": { "type": "MultiPolygon", "coordinates": [ [ [ [ -77.47, 1.51 ], [ -77.48, 1.51 ], [ -77.48, 1.5 ], [ -77.5, 1.49 ], [ -77.5, 1.48 ], [ -77.51, 1.48 ], [ -77.51, 1.47 ], [ -77.52, 1.46 ], [ -77.52, 1.45 ], [ -77.53, 1.45 ], [ -77.54, 1.45 ], [ -77.54, 1.47 ], [ -77.55, 1.47 ], [ -77.55, 1.48 ], [ -77.56, 1.48 ], [ -77.57, 1.49 ], [ -77.58, 1.5 ], [ -77.59, 1.51 ], [ -77.59, 1.52 ], [ -77.58, 1.54 ], [ -77.58, 1.55 ], [ -77.58, 1.56 ], [ -77.59, 1.56 ], [ -77.59, 1.57 ], [ -77.6, 1.58 ], [ -77.61, 1.58 ], [ -77.62, 1.58 ], [ -77.63, 1.58 ], [ -77.66, 1.56 ], [ -77.67, 1.55 ], [ -77.69, 1.55 ], [ -77.69, 1.56 ], [ -77.7, 1.56 ], [ -77.71, 1.57 ], [ -77.72, 1.57 ], [ -77.73, 1.58 ], [ -77.74, 1.58 ], [ -77.74, 1.59 ], [ -77.74, 1.6 ], [ -77.75, 1.6 ], [ -77.76, 1.61 ], [ -77.77, 1.61 ], [ -77.78, 1.62 ], [ -77.78, 1.63 ], [ -77.78, 1.64 ], [ -77.78, 1.65 ], [ -77.79, 1.65 ], [ -77.8, 1.66 ], [ -77.81, 1.66 ], [ -77.82, 1.66 ], [ -77.83, 1.66 ], [ -77.83, 1.65 ], [ -77.84, 1.65 ], [ -77.84, 1.64 ], [ -77.85, 1.64 ], [ -77.85, 1.63 ], [ -77.85, 1.62 ], [ -77.86, 1.63 ], [ -77.87, 1.62 ], [ -77.88, 1.62 ], [ -77.89, 1.62 ], [ -77.89, 1.63 ], [ -77.9, 1.64 ], [ -77.92, 1.66 ], [ -77.92, 1.67 ], [ -77.93, 1.67 ], [ -77.94, 1.67 ], [ -77.95, 1.68 ], [ -77.96, 1.69 ], [ -77.96, 1.7 ], [ -77.95, 1.71 ], [ -77.94, 1.71 ], [ -77.93, 1.7 ], [ -77.92, 1.7 ], [ -77.92, 1.72 ], [ -77.91, 1.72 ], [ -77.91, 1.73 ], [ -77.9, 1.74 ], [ -77.9, 1.75 ], [ -77.89, 1.75 ], [ -77.89, 1.76 ], [ -77.88, 1.76 ], [ -77.89, 1.78 ], [ -77.89, 1.79 ], [ -77.87, 1.8 ], [ -77.86, 1.8 ], [ -77.85, 1.81 ], [ -77.84, 1.81 ], [ -77.83, 1.81 ], [ -77.82, 1.81 ], [ -77.82, 1.82 ], [ -77.83, 1.82 ], [ -77.82, 1.83 ], [ -77.81, 1.83 ], [ -77.8, 1.84 ], [ -77.79, 1.84 ], [ -77.79, 1.85 ], [ -77.78, 1.86 ], [ -77.77, 1.86 ], [ -77.76, 1.86 ], [ -77.74, 1.87 ], [ -77.73, 1.87 ], [ -77.73, 1.85 ], [ -77.73, 1.84 ], [ -77.72, 1.83 ], [ -77.72, 1.82 ], [ -77.71, 1.82 ], [ -77.71, 1.83 ], [ -77.71, 1.84 ], [ -77.71, 1.86 ], [ -77.69, 1.86 ], [ -77.68, 1.86 ], [ -77.67, 1.86 ], [ -77.68, 1.87 ], [ -77.69, 1.88 ], [ -77.69, 1.89 ], [ -77.68, 1.9 ], [ -77.66, 1.91 ], [ -77.65, 1.91 ], [ -77.64, 1.91 ], [ -77.64, 1.92 ], [ -77.63, 1.92 ], [ -77.63, 1.93 ], [ -77.61, 1.93 ], [ -77.6, 1.94 ], [ -77.57, 1.94 ], [ -77.55, 1.93 ], [ -77.53, 1.91 ], [ -77.52, 1.91 ], [ -77.51, 1.91 ], [ -77.5, 1.92 ], [ -77.5, 1.94 ], [ -77.49, 1.95 ], [ -77.49, 1.96 ], [ -77.46, 1.97 ], [ -77.44, 1.98 ], [ -77.43, 1.99 ], [ -77.42, 1.99 ], [ -77.41, 1.98 ], [ -77.4, 1.98 ], [ -77.38, 1.99 ], [ -77.37, 1.99 ], [ -77.37, 1.98 ], [ -77.37, 1.97 ], [ -77.36, 1.96 ], [ -77.35, 1.96 ], [ -77.34, 1.97 ], [ -77.33, 1.96 ], [ -77.32, 1.96 ], [ -77.31, 1.97 ], [ -77.31, 1.99 ], [ -77.31, 2.01 ], [ -77.31, 2.02 ], [ -77.33, 2.03 ], [ -77.34, 2.03 ], [ -77.35, 2.05 ], [ -77.35, 2.06 ], [ -77.34, 2.08 ], [ -77.33, 2.1 ], [ -77.33, 2.11 ], [ -77.32, 2.11 ], [ -77.31, 2.12 ], [ -77.31, 2.13 ], [ -77.31, 2.14 ], [ -77.31, 2.15 ], [ -77.31, 2.17 ], [ -77.32, 2.18 ], [ -77.31, 2.19 ], [ -77.31, 2.2 ], [ -77.32, 2.2 ], [ -77.32, 2.21 ], [ -77.32, 2.22 ], [ -77.34, 2.24 ], [ -77.35, 2.25 ], [ -77.35, 2.26 ], [ -77.36, 2.26 ], [ -77.37, 2.26 ], [ -77.38, 2.27 ], [ -77.39, 2.28 ], [ -77.39, 2.29 ], [ -77.38, 2.29 ], [ -77.38, 2.3 ], [ -77.39, 2.31 ], [ -77.39, 2.32 ], [ -77.39, 2.33 ], [ -77.4, 2.34 ], [ -77.39, 2.35 ], [ -77.4, 2.36 ], [ -77.4, 2.37 ], [ -77.4, 2.38 ], [ -77.4, 2.39 ], [ -77.39, 2.39 ], [ -77.38, 2.4 ], [ -77.36, 2.41 ], [ -77.35, 2.41 ], [ -77.34, 2.43 ], [ -77.32, 2.45 ], [ -77.33, 2.46 ], [ -77.33, 2.47 ], [ -77.33, 2.48 ], [ -77.33, 2.49 ], [ -77.32, 2.5 ], [ -77.31, 2.51 ], [ -77.31, 2.52 ], [ -77.3, 2.53 ], [ -77.31, 2.54 ], [ -77.31, 2.55 ], [ -77.31, 2.56 ], [ -77.3, 2.56 ], [ -77.3, 2.57 ], [ -77.29, 2.57 ], [ -77.29, 2.58 ], [ -77.29, 2.59 ], [ -77.27, 2.6 ], [ -77.26, 2.6 ], [ -77.26, 2.62 ], [ -77.26, 2.63 ], [ -77.26, 2.64 ], [ -77.25, 2.64 ], [ -77.23, 2.64 ], [ -77.21, 2.64 ], [ -77.21, 2.65 ], [ -77.2, 2.66 ], [ -77.2, 2.67 ], [ -77.21, 2.67 ], [ -77.21, 2.69 ], [ -77.22, 2.7 ], [ -77.23, 2.7 ], [ -77.25, 2.7 ], [ -77.25, 2.71 ], [ -77.26, 2.72 ], [ -77.28, 2.73 ], [ -77.27, 2.74 ], [ -77.27, 2.75 ], [ -77.26, 2.77 ], [ -77.26, 2.78 ], [ -77.26, 2.79 ], [ -77.26, 2.81 ], [ -77.25, 2.81 ], [ -77.22, 2.79 ], [ -77.22, 2.77 ], [ -77.17, 2.76 ], [ -77.16, 2.77 ], [ -77.14, 2.79 ], [ -77.13, 2.79 ], [ -77.12, 2.79 ], [ -77.11, 2.8 ], [ -77.11, 2.79 ], [ -77.07, 2.8 ], [ -77.07, 2.81 ], [ -77.07, 2.82 ], [ -77.07, 2.83 ], [ -77.03, 2.82 ], [ -77.01, 2.82 ], [ -77.0, 2.81 ], [ -76.99, 2.8 ], [ -76.98, 2.8 ], [ -76.98, 2.79 ], [ -76.97, 2.79 ], [ -76.96, 2.77 ], [ -76.95, 2.77 ], [ -76.94, 2.77 ], [ -76.93, 2.78 ], [ -76.93, 2.79 ], [ -76.92, 2.79 ], [ -76.92, 2.8 ], [ -76.92, 2.81 ], [ -76.91, 2.81 ], [ -76.92, 2.82 ], [ -76.91, 2.82 ], [ -76.91, 2.84 ], [ -76.9, 2.84 ], [ -76.89, 2.85 ], [ -76.9, 2.86 ], [ -76.9, 2.87 ], [ -76.89, 2.88 ], [ -76.89, 2.89 ], [ -76.88, 2.89 ], [ -76.88, 2.91 ], [ -76.88, 2.93 ], [ -76.88, 2.94 ], [ -76.86, 2.98 ], [ -76.85, 2.98 ], [ -76.85, 2.99 ], [ -76.84, 3.0 ], [ -76.83, 3.0 ], [ -76.83, 3.01 ], [ -76.82, 3.01 ], [ -76.82, 3.02 ], [ -76.81, 3.03 ], [ -76.81, 3.04 ], [ -76.81, 3.05 ], [ -76.81, 3.06 ], [ -76.81, 3.1 ], [ -76.82, 3.11 ], [ -76.81, 3.13 ], [ -76.8, 3.13 ], [ -76.8, 3.14 ], [ -76.8, 3.15 ], [ -76.79, 3.15 ], [ -76.78, 3.17 ], [ -76.78, 3.18 ], [ -76.78, 3.19 ], [ -76.79, 3.19 ], [ -76.79, 3.2 ], [ -76.79, 3.22 ], [ -76.78, 3.22 ], [ -76.78, 3.23 ], [ -76.77, 3.23 ], [ -76.76, 3.22 ], [ -76.76, 3.21 ], [ -76.75, 3.21 ], [ -76.75, 3.2 ], [ -76.75, 3.19 ], [ -76.74, 3.19 ], [ -76.74, 3.18 ], [ -76.74, 3.17 ], [ -76.75, 3.16 ], [ -76.75, 3.15 ], [ -76.75, 3.14 ], [ -76.74, 3.14 ], [ -76.72, 3.12 ], [ -76.71, 3.12 ], [ -76.7, 3.12 ], [ -76.7, 3.11 ], [ -76.69, 3.11 ], [ -76.68, 3.11 ], [ -76.68, 3.1 ], [ -76.67, 3.1 ], [ -76.66, 3.1 ], [ -76.65, 3.1 ], [ -76.64, 3.11 ], [ -76.64, 3.12 ], [ -76.63, 3.12 ], [ -76.62, 3.12 ], [ -76.62, 3.11 ], [ -76.62, 3.1 ], [ -76.62, 3.09 ], [ -76.61, 3.09 ], [ -76.6, 3.09 ], [ -76.59, 3.09 ], [ -76.59, 3.1 ], [ -76.6, 3.1 ], [ -76.6, 3.11 ], [ -76.59, 3.11 ], [ -76.59, 3.12 ], [ -76.58, 3.12 ], [ -76.58, 3.13 ], [ -76.57, 3.13 ], [ -76.57, 3.12 ], [ -76.56, 3.12 ], [ -76.56, 3.11 ], [ -76.56, 3.1 ], [ -76.55, 3.11 ], [ -76.54, 3.11 ], [ -76.54, 3.12 ], [ -76.53, 3.12 ], [ -76.52, 3.12 ], [ -76.52, 3.13 ], [ -76.53, 3.13 ], [ -76.53, 3.14 ], [ -76.52, 3.14 ], [ -76.52, 3.15 ], [ -76.51, 3.15 ], [ -76.5, 3.14 ], [ -76.5, 3.13 ], [ -76.49, 3.13 ], [ -76.48, 3.12 ], [ -76.47, 3.12 ], [ -76.46, 3.12 ], [ -76.45, 3.11 ], [ -76.43, 3.11 ], [ -76.43, 3.12 ], [ -76.42, 3.12 ], [ -76.42, 3.11 ], [ -76.42, 3.1 ], [ -76.41, 3.1 ], [ -76.41, 3.09 ], [ -76.41, 3.08 ], [ -76.4, 3.08 ], [ -76.39, 3.09 ], [ -76.38, 3.07 ], [ -76.37, 3.07 ], [ -76.36, 3.07 ], [ -76.36, 3.08 ], [ -76.35, 3.08 ], [ -76.35, 3.09 ], [ -76.35, 3.1 ], [ -76.35, 3.11 ], [ -76.36, 3.11 ], [ -76.36, 3.13 ], [ -76.37, 3.13 ], [ -76.36, 3.15 ], [ -76.35, 3.15 ], [ -76.35, 3.14 ], [ -76.34, 3.13 ], [ -76.33, 3.13 ], [ -76.29, 3.23 ], [ -76.3, 3.23 ], [ -76.3, 3.22 ], [ -76.31, 3.23 ], [ -76.32, 3.23 ], [ -76.33, 3.24 ], [ -76.34, 3.24 ], [ -76.35, 3.24 ], [ -76.37, 3.24 ], [ -76.37, 3.25 ], [ -76.36, 3.26 ], [ -76.37, 3.26 ], [ -76.35, 3.29 ], [ -76.34, 3.3 ], [ -76.34, 3.31 ], [ -76.33, 3.3 ], [ -76.32, 3.3 ], [ -76.31, 3.32 ], [ -76.31, 3.33 ], [ -76.31, 3.34 ], [ -76.31, 3.35 ], [ -76.3, 3.37 ], [ -76.31, 3.37 ], [ -76.31, 3.38 ], [ -76.32, 3.38 ], [ -76.33, 3.39 ], [ -76.32, 3.39 ], [ -76.32, 3.4 ], [ -76.32, 3.41 ], [ -76.28, 3.47 ], [ -76.28, 3.48 ], [ -76.27, 3.48 ], [ -76.26, 3.48 ], [ -76.25, 3.48 ], [ -76.24, 3.48 ], [ -76.22, 3.48 ], [ -76.2, 3.48 ], [ -76.17, 3.48 ], [ -76.16, 3.48 ], [ -76.15, 3.48 ], [ -76.14, 3.48 ], [ -76.13, 3.47 ], [ -76.12, 3.48 ], [ -76.11, 3.49 ], [ -76.1, 3.48 ], [ -76.08, 3.48 ], [ -76.07, 3.48 ], [ -76.07, 3.47 ], [ -76.06, 3.46 ], [ -76.05, 3.46 ], [ -76.04, 3.46 ], [ -76.04, 3.45 ], [ -76.04, 3.44 ], [ -76.04, 3.43 ], [ -76.04, 3.42 ], [ -76.04, 3.41 ], [ -76.04, 3.4 ], [ -76.04, 3.39 ], [ -76.03, 3.39 ], [ -76.03, 3.38 ], [ -76.04, 3.38 ], [ -76.05, 3.37 ], [ -76.06, 3.36 ], [ -76.06, 3.35 ], [ -76.05, 3.34 ], [ -76.06, 3.33 ], [ -76.04, 3.32 ], [ -76.04, 3.3 ], [ -76.04, 3.29 ], [ -76.05, 3.29 ], [ -76.05, 3.28 ], [ -76.05, 3.27 ], [ -76.04, 3.26 ], [ -76.04, 3.25 ], [ -76.05, 3.24 ], [ -76.06, 3.23 ], [ -76.06, 3.22 ], [ -76.05, 3.22 ], [ -76.06, 3.21 ], [ -76.06, 3.2 ], [ -76.07, 3.2 ], [ -76.08, 3.2 ], [ -76.09, 3.2 ], [ -76.09, 3.19 ], [ -76.09, 3.18 ], [ -76.09, 3.17 ], [ -76.08, 3.16 ], [ -76.09, 3.15 ], [ -76.08, 3.15 ], [ -76.07, 3.14 ], [ -76.08, 3.13 ], [ -76.07, 3.12 ], [ -76.08, 3.12 ], [ -76.08, 3.11 ], [ -76.09, 3.11 ], [ -76.1, 3.11 ], [ -76.11, 3.11 ], [ -76.1, 3.09 ], [ -76.1, 3.1 ], [ -76.09, 3.1 ], [ -76.09, 3.09 ], [ -76.08, 3.09 ], [ -76.07, 3.08 ], [ -76.07, 3.06 ], [ -76.07, 3.05 ], [ -76.08, 3.04 ], [ -76.08, 3.03 ], [ -76.09, 3.02 ], [ -76.09, 3.01 ], [ -76.09, 3.0 ], [ -76.1, 3.0 ], [ -76.1, 2.99 ], [ -76.11, 2.98 ], [ -76.11, 2.97 ], [ -76.12, 2.97 ], [ -76.12, 2.96 ], [ -76.11, 2.96 ], [ -76.11, 2.95 ], [ -76.11, 2.94 ], [ -76.12, 2.93 ], [ -76.12, 2.92 ], [ -76.13, 2.91 ], [ -76.14, 2.92 ], [ -76.15, 2.9 ], [ -76.15, 2.89 ], [ -76.16, 2.89 ], [ -76.17, 2.88 ], [ -76.18, 2.88 ], [ -76.19, 2.88 ], [ -76.21, 2.87 ], [ -76.21, 2.86 ], [ -76.22, 2.85 ], [ -76.22, 2.84 ], [ -76.22, 2.83 ], [ -76.22, 2.82 ], [ -76.22, 2.81 ], [ -76.23, 2.81 ], [ -76.24, 2.79 ], [ -76.24, 2.78 ], [ -76.25, 2.78 ], [ -76.25, 2.77 ], [ -76.26, 2.77 ], [ -76.27, 2.77 ], [ -76.28, 2.78 ], [ -76.29, 2.78 ], [ -76.29, 2.77 ], [ -76.29, 2.76 ], [ -76.31, 2.76 ], [ -76.33, 2.77 ], [ -76.33, 2.76 ], [ -76.34, 2.76 ], [ -76.34, 2.75 ], [ -76.35, 2.75 ], [ -76.36, 2.77 ], [ -76.37, 2.77 ], [ -76.37, 2.76 ], [ -76.38, 2.75 ], [ -76.39, 2.74 ], [ -76.4, 2.73 ], [ -76.41, 2.72 ], [ -76.43, 2.73 ], [ -76.45, 2.73 ], [ -76.46, 2.74 ], [ -76.48, 2.74 ], [ -76.48, 2.75 ], [ -76.49, 2.75 ], [ -76.49, 2.73 ], [ -76.49, 2.72 ], [ -76.5, 2.71 ], [ -76.51, 2.71 ], [ -76.5, 2.7 ], [ -76.51, 2.7 ], [ -76.52, 2.7 ], [ -76.52, 2.69 ], [ -76.51, 2.69 ], [ -76.51, 2.68 ], [ -76.5, 2.66 ], [ -76.49, 2.65 ], [ -76.5, 2.64 ], [ -76.5, 2.63 ], [ -76.5, 2.61 ], [ -76.5, 2.6 ], [ -76.51, 2.6 ], [ -76.51, 2.59 ], [ -76.5, 2.59 ], [ -76.5, 2.58 ], [ -76.51, 2.58 ], [ -76.52, 2.58 ], [ -76.53, 2.59 ], [ -76.54, 2.58 ], [ -76.55, 2.57 ], [ -76.56, 2.56 ], [ -76.57, 2.56 ], [ -76.58, 2.56 ], [ -76.59, 2.55 ], [ -76.6, 2.55 ], [ -76.61, 2.55 ], [ -76.62, 2.55 ], [ -76.62, 2.56 ], [ -76.63, 2.56 ], [ -76.64, 2.55 ], [ -76.65, 2.56 ], [ -76.66, 2.56 ], [ -76.66, 2.57 ], [ -76.67, 2.57 ], [ -76.67, 2.56 ], [ -76.68, 2.56 ], [ -76.69, 2.56 ], [ -76.7, 2.56 ], [ -76.71, 2.56 ], [ -76.72, 2.56 ], [ -76.73, 2.56 ], [ -76.73, 2.57 ], [ -76.74, 2.57 ], [ -76.75, 2.57 ], [ -76.76, 2.57 ], [ -76.77, 2.57 ], [ -76.77, 2.56 ], [ -76.77, 2.54 ], [ -76.77, 2.53 ], [ -76.77, 2.52 ], [ -76.76, 2.51 ], [ -76.75, 2.51 ], [ -76.75, 2.5 ], [ -76.74, 2.49 ], [ -76.73, 2.49 ], [ -76.73, 2.48 ], [ -76.72, 2.47 ], [ -76.73, 2.46 ], [ -76.72, 2.46 ], [ -76.72, 2.45 ], [ -76.71, 2.44 ], [ -76.72, 2.43 ], [ -76.72, 2.42 ], [ -76.72, 2.41 ], [ -76.73, 2.41 ], [ -76.74, 2.41 ], [ -76.74, 2.4 ], [ -76.73, 2.4 ], [ -76.73, 2.39 ], [ -76.74, 2.39 ], [ -76.74, 2.38 ], [ -76.75, 2.38 ], [ -76.76, 2.38 ], [ -76.77, 2.38 ], [ -76.78, 2.38 ], [ -76.79, 2.38 ], [ -76.8, 2.38 ], [ -76.82, 2.39 ], [ -76.82, 2.38 ], [ -76.83, 2.38 ], [ -76.83, 2.37 ], [ -76.82, 2.36 ], [ -76.81, 2.36 ], [ -76.8, 2.36 ], [ -76.78, 2.33 ], [ -76.77, 2.33 ], [ -76.76, 2.33 ], [ -76.74, 2.33 ], [ -76.74, 2.32 ], [ -76.75, 2.32 ], [ -76.76, 2.31 ], [ -76.77, 2.31 ], [ -76.78, 2.31 ], [ -76.8, 2.32 ], [ -76.8, 2.3 ], [ -76.8, 2.29 ], [ -76.81, 2.29 ], [ -76.82, 2.29 ], [ -76.83, 2.3 ], [ -76.84, 2.29 ], [ -76.83, 2.29 ], [ -76.83, 2.28 ], [ -76.84, 2.28 ], [ -76.84, 2.27 ], [ -76.84, 2.26 ], [ -76.84, 2.24 ], [ -76.84, 2.23 ], [ -76.85, 2.22 ], [ -76.86, 2.23 ], [ -76.87, 2.23 ], [ -76.88, 2.23 ], [ -76.89, 2.23 ], [ -76.9, 2.24 ], [ -76.9, 2.25 ], [ -76.9, 2.26 ], [ -76.91, 2.27 ], [ -76.92, 2.26 ], [ -76.93, 2.25 ], [ -76.92, 2.25 ], [ -76.91, 2.24 ], [ -76.91, 2.23 ], [ -76.91, 2.22 ], [ -76.9, 2.22 ], [ -76.91, 2.21 ], [ -76.91, 2.2 ], [ -76.9, 2.2 ], [ -76.9, 2.19 ], [ -76.9, 2.18 ], [ -76.89, 2.17 ], [ -76.89, 2.16 ], [ -76.9, 2.16 ], [ -76.9, 2.15 ], [ -76.91, 2.14 ], [ -76.92, 2.14 ], [ -76.92, 2.13 ], [ -76.93, 2.13 ], [ -76.94, 2.12 ], [ -76.94, 2.11 ], [ -76.95, 2.11 ], [ -76.95, 2.1 ], [ -76.95, 2.09 ], [ -76.96, 2.09 ], [ -76.97, 2.09 ], [ -76.98, 2.07 ], [ -76.99, 2.06 ], [ -76.99, 2.05 ], [ -77.0, 2.05 ], [ -77.0, 2.04 ], [ -77.01, 2.03 ], [ -77.02, 2.02 ], [ -77.02, 2.01 ], [ -77.03, 2.01 ], [ -77.04, 2.0 ], [ -77.05, 2.0 ], [ -77.06, 2.0 ], [ -77.06, 1.99 ], [ -77.07, 1.99 ], [ -77.07, 1.98 ], [ -77.08, 1.97 ], [ -77.09, 1.97 ], [ -77.09, 1.96 ], [ -77.1, 1.96 ], [ -77.11, 1.96 ], [ -77.12, 1.96 ], [ -77.12, 1.95 ], [ -77.13, 1.95 ], [ -77.13, 1.94 ], [ -77.13, 1.93 ], [ -77.12, 1.93 ], [ -77.11, 1.92 ], [ -77.1, 1.92 ], [ -77.1, 1.91 ], [ -77.09, 1.91 ], [ -77.09, 1.89 ], [ -77.08, 1.88 ], [ -77.08, 1.87 ], [ -77.08, 1.86 ], [ -77.08, 1.85 ], [ -77.09, 1.85 ], [ -77.09, 1.84 ], [ -77.08, 1.84 ], [ -77.08, 1.83 ], [ -77.08, 1.82 ], [ -77.07, 1.82 ], [ -77.06, 1.82 ], [ -77.05, 1.82 ], [ -77.04, 1.82 ], [ -77.03, 1.82 ], [ -77.02, 1.82 ], [ -77.02, 1.8 ], [ -77.02, 1.79 ], [ -77.02, 1.77 ], [ -77.03, 1.77 ], [ -77.03, 1.76 ], [ -77.04, 1.75 ], [ -77.04, 1.74 ], [ -77.05, 1.74 ], [ -77.06, 1.73 ], [ -77.08, 1.73 ], [ -77.08, 1.72 ], [ -77.09, 1.72 ], [ -77.09, 1.71 ], [ -77.1, 1.71 ], [ -77.11, 1.71 ], [ -77.11, 1.7 ], [ -77.12, 1.7 ], [ -77.13, 1.69 ], [ -77.13, 1.68 ], [ -77.14, 1.68 ], [ -77.15, 1.68 ], [ -77.16, 1.68 ], [ -77.17, 1.68 ], [ -77.18, 1.67 ], [ -77.19, 1.68 ], [ -77.2, 1.67 ], [ -77.21, 1.67 ], [ -77.22, 1.67 ], [ -77.23, 1.66 ], [ -77.24, 1.66 ], [ -77.25, 1.67 ], [ -77.26, 1.67 ], [ -77.27, 1.67 ], [ -77.27, 1.66 ], [ -77.28, 1.66 ], [ -77.28, 1.67 ], [ -77.29, 1.67 ], [ -77.3, 1.67 ], [ -77.31, 1.68 ], [ -77.32, 1.68 ], [ -77.33, 1.68 ], [ -77.34, 1.67 ], [ -77.35, 1.67 ], [ -77.35, 1.68 ], [ -77.36, 1.66 ], [ -77.37, 1.65 ], [ -77.37, 1.64 ], [ -77.38, 1.62 ], [ -77.39, 1.62 ], [ -77.4, 1.61 ], [ -77.42, 1.6 ], [ -77.42, 1.59 ], [ -77.43, 1.59 ], [ -77.44, 1.59 ], [ -77.45, 1.58 ], [ -77.44, 1.56 ], [ -77.44, 1.55 ], [ -77.44, 1.54 ], [ -77.45, 1.53 ], [ -77.46, 1.52 ], [ -77.47, 1.52 ], [ -77.47, 1.51 ] ] ], [ [ [ -76.49, 2.58 ], [ -76.49, 2.57 ], [ -76.5, 2.58 ], [ -76.49, 2.58 ] ] ], [ [ [ -76.41, 3.13 ], [ -76.42, 3.14 ], [ -76.43, 3.13 ], [ -76.43, 3.12 ], [ -76.45, 3.14 ], [ -76.46, 3.16 ], [ -76.45, 3.16 ], [ -76.44, 3.16 ], [ -76.44, 3.19 ], [ -76.43, 3.18 ], [ -76.43, 3.16 ], [ -76.42, 3.16 ], [ -76.42, 3.15 ], [ -76.41, 3.15 ], [ -76.41, 3.14 ], [ -76.41, 3.13 ] ] ], [ [ [ -76.43, 3.2 ], [ -76.44, 3.19 ], [ -76.44, 3.2 ], [ -76.43, 3.21 ], [ -76.43, 3.2 ] ] ], [ [ [ -76.41, 3.2 ], [ -76.43, 3.2 ], [ -76.42, 3.21 ], [ -76.41, 3.2 ] ] ] ] } },
{ "type": "Feature", "properties": { "CTEP": 2.0 }, "geometry": { "type": "MultiPolygon", "coordinates": [ [ [ [ -71.58, 6.2 ], [ -71.57, 6.19 ], [ -71.58, 6.19 ], [ -71.58, 6.2 ] ] ], [ [ [ -71.24, 6.26 ], [ -71.24, 6.27 ], [ -71.23, 6.26 ], [ -71.24, 6.26 ] ] ], [ [ [ -71.28, 6.26 ], [ -71.28, 6.27 ], [ -71.29, 6.28 ], [ -71.3, 6.27 ], [ -71.31, 6.26 ], [ -71.32, 6.25 ], [ -71.33, 6.26 ], [ -71.33, 6.24 ], [ -71.34, 6.24 ], [ -71.34, 6.23 ], [ -71.35, 6.23 ], [ -71.37, 6.23 ], [ -71.38, 6.23 ], [ -71.38, 6.24 ], [ -71.39, 6.24 ], [ -71.4, 6.24 ], [ -71.42, 6.24 ], [ -71.42, 6.23 ], [ -71.43, 6.23 ], [ -71.43, 6.24 ], [ -71.44, 6.25 ], [ -71.45, 6.25 ], [ -71.45, 6.24 ], [ -71.44, 6.23 ], [ -71.44, 6.22 ], [ -71.44, 6.21 ], [ -71.46, 6.22 ], [ -71.46, 6.21 ], [ -71.47, 6.21 ], [ -71.48, 6.21 ], [ -71.49, 6.2 ], [ -71.49, 6.21 ], [ -71.5, 6.22 ], [ -71.5, 6.21 ], [ -71.5, 6.2 ], [ -71.51, 6.2 ], [ -71.51, 6.21 ], [ -71.52, 6.21 ], [ -71.53, 6.21 ], [ -71.54, 6.21 ], [ -71.55, 6.21 ], [ -71.55, 6.2 ], [ -71.56, 6.2 ], [ -71.56, 6.21 ], [ -71.57, 6.21 ], [ -71.58, 6.2 ], [ -71.59, 6.21 ], [ -71.61, 6.21 ], [ -71.61, 6.22 ], [ -71.61, 6.23 ], [ -71.62, 6.23 ], [ -71.63, 6.23 ], [ -71.64, 6.23 ], [ -71.64, 6.22 ], [ -71.65, 6.22 ], [ -71.64, 6.21 ], [ -71.65, 6.2 ], [ -71.66, 6.2 ], [ -71.67, 6.19 ], [ -71.68, 6.19 ], [ -71.69, 6.19 ], [ -71.71, 6.19 ], [ -71.74, 6.19 ], [ -71.75, 6.19 ], [ -71.78, 6.19 ], [ -71.79, 6.19 ], [ -71.82, 6.19 ], [ -71.83, 6.18 ], [ -71.84, 6.17 ], [ -71.85, 6.17 ], [ -71.88, 6.16 ], [ -71.91, 6.16 ], [ -71.94, 6.17 ], [ -71.95, 6.17 ], [ -71.99, 6.15 ], [ -72.01, 6.13 ], [ -72.04, 6.12 ], [ -72.05, 6.12 ], [ -72.06, 6.12 ], [ -72.08, 6.11 ], [ -72.09, 6.09 ], [ -72.1, 6.09 ], [ -72.11, 6.08 ], [ -72.13, 6.07 ], [ -72.14, 6.07 ], [ -72.15, 6.07 ], [ -72.16, 6.07 ], [ -72.18, 6.08 ], [ -72.18, 6.09 ], [ -72.19, 6.09 ], [ -72.19, 6.1 ], [ -72.21, 6.1 ], [ -72.23, 6.11 ], [ -72.24, 6.11 ], [ -72.26, 6.12 ], [ -72.27, 6.13 ], [ -72.28, 6.14 ], [ -72.28, 6.15 ], [ -72.28, 6.16 ], [ -72.29, 6.16 ], [ -72.29, 6.17 ], [ -72.28, 6.17 ], [ -72.29, 6.19 ], [ -72.29, 6.2 ], [ -72.3, 6.2 ], [ -72.32, 6.21 ], [ -72.32, 6.22 ], [ -72.33, 6.22 ], [ -72.34, 6.22 ], [ -72.34, 6.23 ], [ -72.35, 6.24 ], [ -72.36, 6.26 ], [ -72.36, 6.27 ], [ -72.36, 6.28 ], [ -72.36, 6.29 ], [ -72.37, 6.31 ], [ -72.36, 6.31 ], [ -72.35, 6.32 ], [ -72.35, 6.33 ], [ -72.35, 6.34 ], [ -72.34, 6.35 ], [ -72.33, 6.34 ], [ -72.32, 6.34 ], [ -72.32, 6.36 ], [ -72.3, 6.36 ], [ -72.3, 6.37 ], [ -72.28, 6.38 ], [ -72.28, 6.39 ], [ -72.29, 6.4 ], [ -72.28, 6.41 ], [ -72.28, 6.42 ], [ -72.27, 6.42 ], [ -72.27, 6.43 ], [ -72.27, 6.44 ], [ -72.26, 6.44 ], [ -72.25, 6.43 ], [ -72.25, 6.42 ], [ -72.24, 6.42 ], [ -72.22, 6.44 ], [ -72.22, 6.45 ], [ -72.22, 6.46 ], [ -72.21, 6.46 ], [ -72.21, 6.47 ], [ -72.2, 6.47 ], [ -72.18, 6.46 ], [ -72.18, 6.47 ], [ -72.17, 6.48 ], [ -72.18, 6.49 ], [ -72.18, 6.5 ], [ -72.17, 6.5 ], [ -72.16, 6.51 ], [ -72.15, 6.51 ], [ -72.14, 6.51 ], [ -72.13, 6.52 ], [ -72.12, 6.54 ], [ -72.12, 6.58 ], [ -72.11, 6.59 ], [ -72.11, 6.61 ], [ -72.1, 6.63 ], [ -72.09, 6.65 ], [ -72.09, 6.66 ], [ -72.1, 6.67 ], [ -72.1, 6.68 ], [ -72.1, 6.69 ], [ -72.1, 6.7 ], [ -72.1, 6.72 ], [ -72.09, 6.73 ], [ -72.1, 6.75 ], [ -72.076, 6.754 ], [ -72.07, 6.76 ], [ -72.06, 6.77 ], [ -72.05, 6.77 ], [ -72.04, 6.79 ], [ -72.04, 6.8 ], [ -72.04, 6.81 ], [ -72.03, 6.83 ], [ -72.02, 6.86 ], [ -72.02, 6.87 ], [ -72.01, 6.88 ], [ -72.0, 6.91 ], [ -71.99, 6.93 ], [ -71.99, 6.94 ], [ -71.97, 6.97 ], [ -71.96, 6.99 ], [ -71.96, 7.0 ], [ -71.95, 7.01 ], [ -71.93, 7.01 ], [ -71.9, 7.01 ], [ -71.88, 7.01 ], [ -71.87, 7.02 ], [ -71.86, 7.01 ], [ -71.85, 7.02 ], [ -71.85, 7.01 ], [ -71.84, 7.01 ], [ -71.83, 7.02 ], [ -71.82, 7.03 ], [ -71.82, 7.04 ], [ -71.82, 7.05 ], [ -71.81, 7.06 ], [ -71.81, 7.05 ], [ -71.8, 7.05 ], [ -71.8, 7.06 ], [ -71.77, 7.06 ], [ -71.76, 7.06 ], [ -71.74, 7.06 ], [ -71.73, 7.05 ], [ -71.71, 7.03 ], [ -71.7, 7.03 ], [ -71.69, 7.03 ], [ -71.68, 7.03 ], [ -71.66, 7.03 ], [ -71.65, 7.04 ], [ -71.63, 7.05 ], [ -71.62, 7.05 ], [ -71.61, 7.04 ], [ -71.6, 7.03 ], [ -71.59, 7.03 ], [ -71.59, 7.01 ], [ -71.58, 7.01 ], [ -71.56, 7.03 ], [ -71.55, 7.03 ], [ -71.53, 7.03 ], [ -71.52, 7.03 ], [ -71.51, 7.02 ], [ -71.49, 7.02 ], [ -71.47, 7.01 ], [ -71.45, 7.01 ], [ -71.44, 7.02 ], [ -71.43, 7.02 ], [ -71.43, 7.03 ], [ -71.42, 7.04 ], [ -71.41, 7.03 ], [ -71.4, 7.04 ], [ -71.39, 7.03 ], [ -71.38, 7.02 ], [ -71.37, 7.01 ], [ -71.36, 7.02 ], [ -71.34, 7.01 ], [ -71.32, 7.02 ], [ -71.3, 7.03 ], [ -71.29, 7.03 ], [ -71.28, 7.02 ], [ -71.27, 7.03 ], [ -71.26, 7.03 ], [ -71.26, 7.02 ], [ -71.25, 7.02 ], [ -71.24, 7.01 ], [ -71.23, 7.02 ], [ -71.23, 7.03 ], [ -71.21, 7.02 ], [ -71.2, 7.03 ], [ -71.19, 7.02 ], [ -71.17, 7.03 ], [ -71.15, 7.03 ], [ -71.14, 7.03 ], [ -71.13, 7.03 ], [ -71.12, 7.03 ], [ -71.12, 7.02 ], [ -71.12, 7.01 ], [ -71.11, 7.01 ], [ -71.1, 7.01 ], [ -71.1, 7.0 ], [ -71.11, 7.0 ], [ -71.11, 6.99 ], [ -71.1, 6.99 ], [ -71.09, 6.98 ], [ -71.21, 6.87 ], [ -71.19, 6.87 ], [ -71.18, 6.87 ], [ -71.17, 6.87 ], [ -71.16, 6.87 ], [ -71.15, 6.87 ], [ -71.14, 6.86 ], [ -71.13, 6.86 ], [ -71.12, 6.85 ], [ -71.11, 6.85 ], [ -71.1, 6.86 ], [ -71.1, 6.85 ], [ -71.08, 6.85 ], [ -71.07, 6.85 ], [ -71.07, 6.84 ], [ -71.06, 6.84 ], [ -71.05, 6.84 ], [ -71.04, 6.84 ], [ -71.04, 6.82 ], [ -71.03, 6.82 ], [ -71.03, 6.81 ], [ -71.03, 6.8 ], [ -71.02, 6.8 ], [ -71.02, 6.79 ], [ -71.03, 6.79 ], [ -71.03, 6.78 ], [ -71.02, 6.78 ], [ -71.02, 6.77 ], [ -71.01, 6.77 ], [ -70.96, 6.65 ], [ -70.95, 6.65 ], [ -70.94, 6.65 ], [ -70.93, 6.65 ], [ -70.93, 6.64 ], [ -70.92, 6.64 ], [ -70.91, 6.63 ], [ -70.9, 6.63 ], [ -70.89, 6.63 ], [ -70.89, 6.62 ], [ -70.87, 6.53 ], [ -70.88, 6.53 ], [ -70.89, 6.53 ], [ -70.89, 6.54 ], [ -70.9, 6.54 ], [ -70.9, 6.55 ], [ -70.91, 6.55 ], [ -70.92, 6.55 ], [ -70.93, 6.55 ], [ -70.94, 6.55 ], [ -70.94, 6.56 ], [ -70.95, 6.56 ], [ -70.96, 6.56 ], [ -70.97, 6.56 ], [ -70.98, 6.56 ], [ -70.98, 6.55 ], [ -70.99, 6.55 ], [ -71.0, 6.55 ], [ -71.01, 6.55 ], [ -71.02, 6.55 ], [ -71.02, 6.56 ], [ -71.03, 6.56 ], [ -71.03, 6.55 ], [ -71.04, 6.55 ], [ -71.04, 6.54 ], [ -71.05, 6.55 ], [ -71.06, 6.55 ], [ -71.07, 6.55 ], [ -71.08, 6.55 ], [ -71.09, 6.55 ], [ -71.1, 6.55 ], [ -71.1, 6.56 ], [ -71.11, 6.56 ], [ -71.12, 6.55 ], [ -71.13, 6.55 ], [ -71.14, 6.55 ], [ -71.15, 6.55 ], [ -71.16, 6.55 ], [ -71.18, 6.56 ], [ -71.18, 6.55 ], [ -71.19, 6.54 ], [ -71.19, 6.55 ], [ -71.2, 6.55 ], [ -71.21, 6.55 ], [ -71.22, 6.55 ], [ -71.22, 6.56 ], [ -71.23, 6.56 ], [ -71.24, 6.56 ], [ -71.24, 6.57 ], [ -71.25, 6.57 ], [ -71.25, 6.58 ], [ -71.26, 6.58 ], [ -71.27, 6.58 ], [ -71.28, 6.58 ], [ -71.29, 6.58 ], [ -71.3, 6.58 ], [ -71.31, 6.59 ], [ -71.31, 6.58 ], [ -71.31, 6.57 ], [ -71.33, 6.57 ], [ -71.333529411764701, 6.57 ], [ -71.27, 6.51 ], [ -71.28, 6.3 ], [ -71.27, 6.3 ], [ -71.26, 6.3 ], [ -71.26, 6.29 ], [ -71.25, 6.29 ], [ -71.24, 6.29 ], [ -71.23, 6.29 ], [ -71.22, 6.29 ], [ -71.22, 6.28 ], [ -71.23, 6.28 ], [ -71.24, 6.27 ], [ -71.25, 6.27 ], [ -71.26, 6.28 ], [ -71.27, 6.28 ], [ -71.27, 6.27 ], [ -71.27, 6.26 ], [ -71.28, 6.26 ] ] ] ] } },
{ "type": "Feature", "properties": { "CTEP": 3.0 }, "geometry": { "type": "MultiPolygon", "coordinates": [ [ [ [ -75.5, 7.03 ], [ -75.5, 7.01 ], [ -75.51, 7.01 ], [ -75.51, 7.0 ], [ -75.52, 7.0 ], [ -75.54, 6.99 ], [ -75.55, 6.99 ], [ -75.55, 7.0 ], [ -75.56, 7.01 ], [ -75.56, 7.02 ], [ -75.57, 7.02 ], [ -75.58, 7.02 ], [ -75.59, 7.02 ], [ -75.59, 7.03 ], [ -75.59, 7.04 ], [ -75.59, 7.06 ], [ -75.6, 7.07 ], [ -75.62, 7.05 ], [ -75.63, 7.04 ], [ -75.64, 7.03 ], [ -75.65, 7.03 ], [ -75.66, 7.03 ], [ -75.67, 7.04 ], [ -75.67, 7.05 ], [ -75.67, 7.06 ], [ -75.68, 7.06 ], [ -75.68, 7.07 ], [ -75.69, 7.07 ], [ -75.69, 7.08 ], [ -75.7, 7.09 ], [ -75.72, 7.08 ], [ -75.73, 7.08 ], [ -75.74, 7.08 ], [ -75.74, 7.07 ], [ -75.75, 7.06 ], [ -75.76, 7.06 ], [ -75.77, 7.05 ], [ -75.78, 7.05 ], [ -75.79, 7.06 ], [ -75.8, 7.06 ], [ -75.8, 7.08 ], [ -75.81, 7.09 ], [ -75.82, 7.09 ], [ -75.82, 7.1 ], [ -75.83, 7.1 ], [ -75.84, 7.1 ], [ -75.85, 7.1 ], [ -75.86, 7.09 ], [ -75.87, 7.1 ], [ -75.88, 7.1 ], [ -75.88, 7.11 ], [ -75.88, 7.12 ], [ -75.88, 7.13 ], [ -75.87, 7.14 ], [ -75.89, 7.16 ], [ -75.88, 7.17 ], [ -75.87, 7.18 ], [ -75.88, 7.19 ], [ -75.88, 7.2 ], [ -75.88, 7.22 ], [ -75.89, 7.22 ], [ -75.9, 7.22 ], [ -75.91, 7.22 ], [ -75.91, 7.21 ], [ -75.91, 7.2 ], [ -75.92, 7.2 ], [ -75.92, 7.19 ], [ -75.93, 7.18 ], [ -75.95, 7.19 ], [ -75.95, 7.18 ], [ -75.95, 7.17 ], [ -75.95, 7.16 ], [ -75.95, 7.15 ], [ -75.96, 7.15 ], [ -75.97, 7.13 ], [ -75.98, 7.13 ], [ -75.99, 7.15 ], [ -76.0, 7.15 ], [ -76.01, 7.16 ], [ -76.02, 7.16 ], [ -76.03, 7.16 ], [ -76.04, 7.16 ], [ -76.04, 7.17 ], [ -76.05, 7.17 ], [ -76.06, 7.17 ], [ -76.08, 7.16 ], [ -76.09, 7.16 ], [ -76.1, 7.14 ], [ -76.11, 7.14 ], [ -76.13, 7.15 ], [ -76.14, 7.15 ], [ -76.14, 7.14 ], [ -76.16, 7.13 ], [ -76.18, 7.13 ], [ -76.19, 7.14 ], [ -76.2, 7.14 ], [ -76.21, 7.15 ], [ -76.22, 7.15 ], [ -76.31, 7.29 ], [ -76.33, 7.32 ], [ -76.35, 7.36 ], [ -76.36, 7.36 ], [ -76.37, 7.37 ], [ -76.37, 7.39 ], [ -75.85, 7.35 ], [ -75.83, 7.37 ], [ -75.84, 7.39 ], [ -75.83, 7.4 ], [ -75.83, 7.41 ], [ -75.82, 7.41 ], [ -75.82, 7.42 ], [ -75.83, 7.43 ], [ -75.83, 7.44 ], [ -75.82, 7.44 ], [ -75.81, 7.45 ], [ -75.8, 7.45 ], [ -75.79, 7.45 ], [ -75.79, 7.46 ], [ -75.79, 7.48 ], [ -75.78, 7.48 ], [ -75.78, 7.49 ], [ -75.78, 7.5 ], [ -75.79, 7.51 ], [ -75.78, 7.52 ], [ -75.77, 7.52 ], [ -75.77, 7.53 ], [ -75.77, 7.54 ], [ -75.78, 7.54 ], [ -75.77, 7.55 ], [ -75.77, 7.56 ], [ -75.77, 7.57 ], [ -75.76, 7.58 ], [ -75.76, 7.59 ], [ -75.77, 7.6 ], [ -75.76, 7.61 ], [ -75.75, 7.61 ], [ -75.74, 7.61 ], [ -75.74, 7.6 ], [ -75.71, 7.58 ], [ -75.7, 7.58 ], [ -75.69, 7.59 ], [ -75.68, 7.58 ], [ -75.68, 7.6 ], [ -75.67, 7.6 ], [ -75.67, 7.59 ], [ -75.65, 7.59 ], [ -75.64, 7.59 ], [ -75.63, 7.58 ], [ -75.62, 7.58 ], [ -75.61, 7.59 ], [ -75.6, 7.59 ], [ -75.6, 7.6 ], [ -75.59, 7.6 ], [ -75.59, 7.61 ], [ -75.58, 7.62 ], [ -75.57, 7.62 ], [ -75.56, 7.63 ], [ -75.55, 7.63 ], [ -75.56, 7.64 ], [ -75.55, 7.65 ], [ -75.55, 7.66 ], [ -75.55, 7.67 ], [ -75.55, 7.68 ], [ -75.54, 7.68 ], [ -75.54, 7.69 ], [ -75.53, 7.7 ], [ -75.54, 7.71 ], [ -75.53, 7.72 ], [ -75.52, 7.73 ], [ -75.51, 7.72 ], [ -75.5, 7.72 ], [ -75.49, 7.73 ], [ -75.48, 7.74 ], [ -75.48, 7.75 ], [ -75.48, 7.77 ], [ -75.47, 7.78 ], [ -75.46, 7.79 ], [ -75.45, 7.8 ], [ -75.46, 7.81 ], [ -75.47, 7.82 ], [ -75.47, 7.83 ], [ -75.46, 7.83 ], [ -75.45, 7.83 ], [ -75.43, 7.82 ], [ -75.42, 7.82 ], [ -75.42, 7.83 ], [ -75.42, 7.84 ], [ -75.41, 7.84 ], [ -75.41, 7.85 ], [ -75.4, 7.86 ], [ -75.39, 7.86 ], [ -75.38, 7.86 ], [ -75.36, 7.87 ], [ -75.35, 7.87 ], [ -75.34, 7.88 ], [ -75.34, 7.89 ], [ -75.34, 7.9 ], [ -75.34, 7.91 ], [ -75.34, 7.92 ], [ -75.33, 7.92 ], [ -75.33, 7.93 ], [ -75.33, 7.94 ], [ -75.34, 7.94 ], [ -75.34, 7.95 ], [ -75.33, 7.95 ], [ -75.32, 7.95 ], [ -75.32, 7.94 ], [ -75.31, 7.95 ], [ -75.3, 7.96 ], [ -75.29, 7.96 ], [ -75.29, 7.97 ], [ -75.28, 7.98 ], [ -75.27, 7.99 ], [ -75.27, 8.0 ], [ -75.25, 8.0 ], [ -75.24, 8.01 ], [ -75.24, 8.02 ], [ -75.24, 8.03 ], [ -75.25, 8.04 ], [ -75.23, 8.05 ], [ -75.23, 8.06 ], [ -75.22, 8.06 ], [ -75.21, 8.06 ], [ -75.2, 8.06 ], [ -75.19, 8.05 ], [ -75.19, 8.04 ], [ -75.18, 8.05 ], [ -75.16, 8.05 ], [ -75.15, 8.05 ], [ -75.13, 8.05 ], [ -75.13, 8.04 ], [ -75.12, 8.04 ], [ -75.12, 8.05 ], [ -75.1, 8.06 ], [ -75.1, 8.07 ], [ -75.09, 8.07 ], [ -75.09, 8.06 ], [ -75.08, 8.06 ], [ -75.08, 8.05 ], [ -75.06, 8.05 ], [ -75.05, 8.04 ], [ -75.04, 8.05 ], [ -75.02, 8.06 ], [ -75.01, 8.07 ], [ -75.0, 8.08 ], [ -74.99, 8.07 ], [ -74.98, 8.08 ], [ -74.97, 8.09 ], [ -74.95, 8.08 ], [ -74.94, 8.08 ], [ -74.93, 8.08 ], [ -74.92, 8.09 ], [ -74.91, 8.03 ], [ -74.91, 8.1 ], [ -74.9, 8.11 ], [ -74.89, 8.12 ], [ -74.89, 8.13 ], [ -74.87, 8.16 ], [ -74.87, 8.17 ], [ -74.87, 8.18 ], [ -74.87, 8.19 ], [ -74.87, 8.2 ], [ -74.86, 8.2 ], [ -74.83, 8.2 ], [ -74.82, 8.2 ], [ -74.82, 8.19 ], [ -74.81, 8.18 ], [ -74.81, 8.17 ], [ -74.8, 8.16 ], [ -74.8, 8.15 ], [ -74.79, 8.14 ], [ -74.79, 8.13 ], [ -74.78, 8.13 ], [ -74.77, 8.12 ], [ -74.76, 8.12 ], [ -74.76, 8.13 ], [ -74.75, 8.13 ], [ -74.74, 8.12 ], [ -74.73, 8.12 ], [ -74.72, 8.1 ], [ -74.71, 8.1 ], [ -74.71, 8.09 ], [ -74.7, 8.09 ], [ -74.69, 8.09 ], [ -74.68, 8.08 ], [ -74.67, 8.08 ], [ -74.67, 8.07 ], [ -74.67, 8.06 ], [ -74.66, 8.06 ], [ -74.65, 8.05 ], [ -74.64, 8.06 ], [ -74.63, 8.05 ], [ -74.63, 8.04 ], [ -74.61, 8.03 ], [ -74.6, 8.04 ], [ -74.6, 8.03 ], [ -74.6, 8.02 ], [ -74.59, 8.01 ], [ -74.59, 8.0 ], [ -74.58, 8.0 ], [ -74.58, 7.99 ], [ -74.58, 7.98 ], [ -74.57, 7.98 ], [ -74.56, 7.97 ], [ -74.57, 7.96 ], [ -74.56, 7.96 ], [ -74.55, 7.96 ], [ -74.55, 7.95 ], [ -74.54, 7.95 ], [ -74.54, 7.92 ], [ -74.53, 7.91 ], [ -74.52, 7.9 ], [ -74.52, 7.88 ], [ -74.52, 7.86 ], [ -74.53, 7.85 ], [ -74.53, 7.84 ], [ -74.52, 7.82 ], [ -74.52, 7.81 ], [ -74.52, 7.8 ], [ -74.52, 7.79 ], [ -74.53, 7.78 ], [ -74.52, 7.78 ], [ -74.51, 7.78 ], [ -74.51, 7.74 ], [ -74.51, 7.72 ], [ -74.5, 7.72 ], [ -74.5, 7.71 ], [ -74.49, 7.71 ], [ -74.48, 7.71 ], [ -74.48, 7.7 ], [ -74.48, 7.68 ], [ -74.49, 7.68 ], [ -74.5, 7.68 ], [ -74.51, 7.68 ], [ -74.52, 7.68 ], [ -74.52, 7.67 ], [ -74.53, 7.67 ], [ -74.54, 7.66 ], [ -74.55, 7.65 ], [ -74.56, 7.65 ], [ -74.56, 7.64 ], [ -74.57, 7.62 ], [ -74.56, 7.61 ], [ -74.57, 7.6 ], [ -74.57, 7.58 ], [ -74.57, 7.55 ], [ -74.57, 7.54 ], [ -74.57, 7.53 ], [ -74.57, 7.52 ], [ -74.59, 7.51 ], [ -74.59, 7.49 ], [ -74.59, 7.48 ], [ -74.6, 7.47 ], [ -74.6, 7.46 ], [ -74.59, 7.45 ], [ -74.58, 7.45 ], [ -74.58, 7.44 ], [ -74.58, 7.43 ], [ -74.57, 7.43 ], [ -74.56, 7.43 ], [ -74.56, 7.42 ], [ -74.56, 7.41 ], [ -74.55, 7.41 ], [ -74.54, 7.41 ], [ -74.53, 7.4 ], [ -74.53, 7.39 ], [ -74.52, 7.38 ], [ -74.51, 7.38 ], [ -74.51, 7.36 ], [ -74.49, 7.34 ], [ -74.47, 7.35 ], [ -74.47, 7.36 ], [ -74.45, 7.37 ], [ -74.45, 7.38 ], [ -74.44, 7.38 ], [ -74.43, 7.38 ], [ -74.42, 7.39 ], [ -74.41, 7.4 ], [ -74.42, 7.42 ], [ -74.41, 7.44 ], [ -74.42, 7.44 ], [ -74.41, 7.46 ], [ -74.4, 7.46 ], [ -74.38, 7.47 ], [ -74.37, 7.47 ], [ -74.37, 7.48 ], [ -74.36, 7.48 ], [ -74.35, 7.46 ], [ -74.33, 7.46 ], [ -74.33, 7.45 ], [ -74.32, 7.44 ], [ -74.32, 7.43 ], [ -74.33, 7.43 ], [ -74.34, 7.42 ], [ -74.34, 7.41 ], [ -74.35, 7.4 ], [ -74.36, 7.39 ], [ -74.37, 7.37 ], [ -74.37, 7.36 ], [ -74.39, 7.36 ], [ -74.39, 7.35 ], [ -74.4, 7.35 ], [ -74.4, 7.34 ], [ -74.4, 7.33 ], [ -74.4, 7.32 ], [ -74.4, 7.31 ], [ -74.39, 7.31 ], [ -74.39, 7.3 ], [ -74.39, 7.29 ], [ -74.39, 7.28 ], [ -74.39, 7.27 ], [ -74.63, 7.16 ], [ -74.4, 7.26 ], [ -74.4, 7.25 ], [ -74.4, 7.24 ], [ -74.4, 7.23 ], [ -74.4, 7.22 ], [ -74.41, 7.22 ], [ -74.4, 7.21 ], [ -74.41, 7.2 ], [ -74.41, 7.19 ], [ -74.4, 7.19 ], [ -74.4, 7.17 ], [ -74.39, 7.17 ], [ -74.39, 7.16 ], [ -74.38, 7.15 ], [ -74.38, 7.14 ], [ -74.38, 7.13 ], [ -74.37, 7.13 ], [ -74.37, 7.12 ], [ -74.37, 7.11 ], [ -74.37, 7.1 ], [ -74.37, 7.09 ], [ -74.36, 7.09 ], [ -74.35, 7.09 ], [ -74.35, 7.08 ], [ -74.35, 7.06 ], [ -74.35, 7.03 ], [ -74.35, 7.02 ], [ -74.35, 7.01 ], [ -74.33, 7.01 ], [ -74.32, 7.02 ], [ -74.31, 7.01 ], [ -74.31, 7.0 ], [ -74.3, 7.0 ], [ -74.29, 7.01 ], [ -74.28, 7.01 ], [ -74.26, 7.01 ], [ -74.26, 7.0 ], [ -74.25, 7.0 ], [ -74.24, 7.0 ], [ -74.25, 6.99 ], [ -74.26, 6.99 ], [ -74.26, 6.98 ], [ -74.26, 6.97 ], [ -74.27, 6.97 ], [ -74.28, 6.96 ], [ -74.29, 6.96 ], [ -74.3, 6.96 ], [ -74.31, 6.96 ], [ -74.31, 6.95 ], [ -74.31, 6.94 ], [ -74.31, 6.93 ], [ -74.32, 6.93 ], [ -74.32, 6.92 ], [ -74.33, 6.92 ], [ -74.34, 6.92 ], [ -74.35, 6.92 ], [ -74.36, 6.92 ], [ -74.36, 6.91 ], [ -74.37, 6.91 ], [ -74.38, 6.91 ], [ -74.38, 6.9 ], [ -74.39, 6.89 ], [ -74.4, 6.88 ], [ -74.39, 6.88 ], [ -74.39, 6.87 ], [ -74.39, 6.86 ], [ -74.4, 6.85 ], [ -74.4, 6.84 ], [ -74.41, 6.84 ], [ -74.42, 6.8 ], [ -74.43, 6.8 ], [ -74.43, 6.79 ], [ -74.44, 6.79 ], [ -74.45, 6.79 ], [ -74.45, 6.8 ], [ -74.46, 6.8 ], [ -74.46, 6.81 ], [ -74.47, 6.81 ], [ -74.48, 6.82 ], [ -74.49, 6.82 ], [ -74.49, 6.8 ], [ -74.49, 6.79 ], [ -74.48, 6.79 ], [ -74.47, 6.79 ], [ -74.46, 6.78 ], [ -74.45, 6.78 ], [ -74.45, 6.77 ], [ -74.45, 6.76 ], [ -74.46, 6.74 ], [ -74.47, 6.73 ], [ -74.48, 6.73 ], [ -74.49, 6.72 ], [ -74.49, 6.71 ], [ -74.5, 6.7 ], [ -74.51, 6.7 ], [ -74.52, 6.7 ], [ -74.52, 6.71 ], [ -74.53, 6.71 ], [ -74.55, 6.72 ], [ -74.57, 6.71 ], [ -74.58, 6.71 ], [ -74.58, 6.72 ], [ -74.58, 6.73 ], [ -74.58, 6.74 ], [ -74.58, 6.75 ], [ -74.58, 6.76 ], [ -74.58, 6.78 ], [ -74.58, 6.79 ], [ -74.58, 6.8 ], [ -74.59, 6.8 ], [ -74.59, 6.81 ], [ -74.59, 6.82 ], [ -74.58, 6.82 ], [ -74.58, 6.83 ], [ -74.57, 6.84 ], [ -74.58, 6.85 ], [ -74.57, 6.85 ], [ -74.57, 6.86 ], [ -74.58, 6.87 ], [ -74.59, 6.88 ], [ -74.59, 6.89 ], [ -74.59, 6.9 ], [ -74.59, 6.91 ], [ -74.6, 6.91 ], [ -74.6, 6.92 ], [ -74.61, 6.92 ], [ -74.62, 6.92 ], [ -74.63, 6.92 ], [ -74.64, 6.92 ], [ -74.64, 6.91 ], [ -74.65, 6.91 ], [ -74.66, 6.92 ], [ -74.67, 6.92 ], [ -74.68, 6.92 ], [ -74.69, 6.92 ], [ -74.7, 6.9 ], [ -74.71, 6.9 ], [ -74.72, 6.9 ], [ -74.73, 6.9 ], [ -74.74, 6.9 ], [ -74.75, 6.9 ], [ -74.76, 6.9 ], [ -74.77, 6.9 ], [ -74.78, 6.9 ], [ -74.79, 6.89 ], [ -74.79, 6.88 ], [ -74.81, 6.88 ], [ -74.81, 6.89 ], [ -74.82, 6.9 ], [ -74.82, 6.91 ], [ -74.83, 6.92 ], [ -74.83, 6.93 ], [ -74.84, 6.94 ], [ -74.84, 6.95 ], [ -74.84, 6.96 ], [ -74.84, 6.97 ], [ -74.84, 6.98 ], [ -74.85, 6.97 ], [ -74.85, 6.95 ], [ -74.86, 6.95 ], [ -74.87, 6.95 ], [ -74.87, 6.94 ], [ -74.87, 6.93 ], [ -74.88, 6.93 ], [ -74.88, 6.91 ], [ -74.88, 6.9 ], [ -74.87, 6.9 ], [ -74.87, 6.89 ], [ -74.88, 6.88 ], [ -74.88, 6.87 ], [ -74.87, 6.87 ], [ -74.87, 6.86 ], [ -74.88, 6.86 ], [ -74.87, 6.85 ], [ -74.88, 6.84 ], [ -74.89, 6.84 ], [ -74.89, 6.83 ], [ -74.9, 6.83 ], [ -74.9, 6.82 ], [ -74.91, 6.82 ], [ -74.9, 6.81 ], [ -74.9, 6.8 ], [ -74.9, 6.79 ], [ -74.9, 6.78 ], [ -74.91, 6.78 ], [ -74.91, 6.77 ], [ -74.92, 6.77 ], [ -74.92, 6.76 ], [ -74.92, 6.75 ], [ -74.93, 6.75 ], [ -74.94, 6.75 ], [ -74.94, 6.76 ], [ -74.95, 6.77 ], [ -74.96, 6.77 ], [ -74.96, 6.78 ], [ -74.97, 6.79 ], [ -74.98, 6.79 ], [ -75.0, 6.81 ], [ -75.01, 6.81 ], [ -75.01, 6.82 ], [ -75.03, 6.83 ], [ -75.04, 6.83 ], [ -75.04, 6.82 ], [ -75.04, 6.81 ], [ -75.04, 6.8 ], [ -75.05, 6.8 ], [ -75.04, 6.78 ], [ -75.03, 6.76 ], [ -75.02, 6.76 ], [ -75.03, 6.75 ], [ -75.04, 6.75 ], [ -75.04, 6.76 ], [ -75.06, 6.76 ], [ -75.06, 6.77 ], [ -75.07, 6.77 ], [ -75.08, 6.77 ], [ -75.08, 6.78 ], [ -75.09, 6.78 ], [ -75.1, 6.78 ], [ -75.11, 6.78 ], [ -75.12, 6.78 ], [ -75.13, 6.79 ], [ -75.14, 6.79 ], [ -75.14, 6.8 ], [ -75.17, 6.83 ], [ -75.18, 6.84 ], [ -75.18, 6.85 ], [ -75.18, 6.86 ], [ -75.18, 6.88 ], [ -75.17, 6.9 ], [ -75.17, 6.91 ], [ -75.18, 6.91 ], [ -75.18, 6.92 ], [ -75.19, 6.92 ], [ -75.2, 6.92 ], [ -75.21, 6.92 ], [ -75.22, 6.93 ], [ -75.22, 6.94 ], [ -75.22, 6.95 ], [ -75.22, 6.96 ], [ -75.22, 6.98 ], [ -75.23, 6.99 ], [ -75.23, 7.01 ], [ -75.22, 7.03 ], [ -75.23, 7.04 ], [ -75.23, 7.03 ], [ -75.24, 7.03 ], [ -75.25, 7.04 ], [ -75.26, 7.05 ], [ -75.26, 7.07 ], [ -75.26, 7.08 ], [ -75.26, 7.09 ], [ -75.25, 7.09 ], [ -75.25, 7.1 ], [ -75.26, 7.11 ], [ -75.26, 7.12 ], [ -75.29, 7.13 ], [ -75.3, 7.14 ], [ -75.31, 7.15 ], [ -75.31, 7.16 ], [ -75.32, 7.18 ], [ -75.32, 7.2 ], [ -75.32, 7.21 ], [ -75.31, 7.22 ], [ -75.3, 7.23 ], [ -75.31, 7.23 ], [ -75.31, 7.24 ], [ -75.32, 7.24 ], [ -75.33, 7.23 ], [ -75.34, 7.23 ], [ -75.34, 7.21 ], [ -75.34, 7.2 ], [ -75.36, 7.2 ], [ -75.37, 7.19 ], [ -75.37, 7.18 ], [ -75.38, 7.18 ], [ -75.39, 7.17 ], [ -75.39, 7.16 ], [ -75.4, 7.14 ], [ -75.4, 7.13 ], [ -75.41, 7.11 ], [ -75.42, 7.11 ], [ -75.42, 7.1 ], [ -75.42, 7.09 ], [ -75.43, 7.08 ], [ -75.44, 7.08 ], [ -75.46, 7.07 ], [ -75.46, 7.06 ], [ -75.47, 7.05 ], [ -75.48, 7.06 ], [ -75.48, 7.05 ], [ -75.49, 7.05 ], [ -75.5, 7.05 ], [ -75.5, 7.03 ] ] ] ] } },
{ "type": "Feature", "properties": { "CTEP": 4.0 }, "geometry": { "type": "MultiPolygon", "coordinates": [ [ [ [ -72.61, 8.3 ], [ -72.61, 8.29 ], [ -72.61, 8.28 ], [ -72.61, 8.27 ], [ -72.62, 8.27 ], [ -72.61, 8.26 ], [ -72.6, 8.26 ], [ -72.6, 8.25 ], [ -72.6, 8.24 ], [ -72.61, 8.23 ], [ -72.62, 8.23 ], [ -72.62, 8.22 ], [ -72.63, 8.22 ], [ -72.64, 8.22 ], [ -72.65, 8.22 ], [ -72.65, 8.21 ], [ -72.65, 8.2 ], [ -72.65, 8.19 ], [ -72.66, 8.19 ], [ -72.66, 8.18 ], [ -72.65, 8.18 ], [ -72.65, 8.17 ], [ -72.65, 8.16 ], [ -72.65, 8.15 ], [ -72.66, 8.15 ], [ -72.66, 8.14 ], [ -72.67, 8.14 ], [ -72.68, 8.14 ], [ -72.69, 8.14 ], [ -72.69, 8.12 ], [ -72.69, 8.11 ], [ -72.69, 8.1 ], [ -72.69, 8.09 ], [ -72.69, 8.08 ], [ -72.7, 8.06 ], [ -72.7, 8.05 ], [ -72.71, 8.05 ], [ -72.72, 8.05 ], [ -72.74, 8.04 ], [ -72.75, 8.02 ], [ -72.76, 8.01 ], [ -72.77, 8.0 ], [ -72.78, 8.0 ], [ -72.79, 8.0 ], [ -72.8, 8.01 ], [ -72.8, 8.0 ], [ -72.81, 8.0 ], [ -72.82, 8.0 ], [ -72.83, 8.0 ], [ -72.83, 8.01 ], [ -72.84, 8.01 ], [ -72.84, 8.02 ], [ -72.85, 8.02 ], [ -72.86, 8.03 ], [ -72.85, 8.04 ], [ -72.84, 8.05 ], [ -72.84, 8.06 ], [ -72.84, 8.07 ], [ -72.84, 8.08 ], [ -72.85, 8.08 ], [ -72.85, 8.09 ], [ -72.86, 8.09 ], [ -72.87, 8.09 ], [ -72.87, 8.1 ], [ -72.87, 8.11 ], [ -72.87, 8.12 ], [ -72.88, 8.12 ], [ -72.88, 8.13 ], [ -72.89, 8.13 ], [ -72.9, 8.13 ], [ -72.9, 8.14 ], [ -72.91, 8.14 ], [ -72.92, 8.16 ], [ -72.93, 8.16 ], [ -72.93, 8.17 ], [ -72.94, 8.17 ], [ -72.95, 8.17 ], [ -72.95, 8.18 ], [ -72.96, 8.19 ], [ -72.96, 8.21 ], [ -72.97, 8.23 ], [ -72.97, 8.24 ], [ -72.99, 8.25 ], [ -73.0, 8.27 ], [ -72.99, 8.28 ], [ -73.0, 8.29 ], [ -73.0, 8.28 ], [ -73.02, 8.29 ], [ -73.02, 8.28 ], [ -73.03, 8.28 ], [ -73.04, 8.28 ], [ -73.05, 8.28 ], [ -73.06, 8.29 ], [ -73.08, 8.28 ], [ -73.09, 8.28 ], [ -73.09, 8.25 ], [ -73.11, 8.24 ], [ -73.12, 8.25 ], [ -73.13, 8.25 ], [ -73.14, 8.26 ], [ -73.15, 8.26 ], [ -73.16, 8.27 ], [ -73.16, 8.28 ], [ -73.15, 8.28 ], [ -73.16, 8.29 ], [ -73.16, 8.3 ], [ -73.17, 8.3 ], [ -73.18, 8.31 ], [ -73.17, 8.31 ], [ -73.17, 8.32 ], [ -73.18, 8.32 ], [ -73.18, 8.33 ], [ -73.18, 8.34 ], [ -73.18, 8.35 ], [ -73.18, 8.36 ], [ -73.18, 8.37 ], [ -73.19, 8.37 ], [ -73.2, 8.37 ], [ -73.2, 8.36 ], [ -73.2, 8.35 ], [ -73.2, 8.34 ], [ -73.2, 8.33 ], [ -73.2, 8.32 ], [ -73.21, 8.33 ], [ -73.22, 8.33 ], [ -73.25, 8.34 ], [ -73.26, 8.33 ], [ -73.27, 8.32 ], [ -73.28, 8.33 ], [ -73.29, 8.33 ], [ -73.3, 8.36 ], [ -73.29, 8.37 ], [ -73.29, 8.38 ], [ -73.28, 8.39 ], [ -73.29, 8.39 ], [ -73.3, 8.38 ], [ -73.31, 8.38 ], [ -73.32, 8.38 ], [ -73.32, 8.39 ], [ -73.32, 8.4 ], [ -73.33, 8.41 ], [ -73.33, 8.4 ], [ -73.34, 8.39 ], [ -73.35, 8.39 ], [ -73.35, 8.4 ], [ -73.35, 8.41 ], [ -73.34, 8.42 ], [ -73.34, 8.43 ], [ -73.34, 8.44 ], [ -73.37, 8.46 ], [ -73.38, 8.46 ], [ -73.39, 8.46 ], [ -73.4, 8.46 ], [ -73.41, 8.46 ], [ -73.42, 8.47 ], [ -73.41, 8.44 ], [ -73.41, 8.43 ], [ -73.42, 8.42 ], [ -73.43, 8.42 ], [ -73.44, 8.42 ], [ -73.45, 8.42 ], [ -73.45, 8.41 ], [ -73.46, 8.41 ], [ -73.46, 8.4 ], [ -73.47, 8.4 ], [ -73.48, 8.41 ], [ -73.48, 8.42 ], [ -73.49, 8.42 ], [ -73.49, 8.43 ], [ -73.49, 8.44 ], [ -73.47, 8.45 ], [ -73.47, 8.46 ], [ -73.48, 8.47 ], [ -73.49, 8.47 ], [ -73.5, 8.48 ], [ -73.52, 8.48 ], [ -73.53, 8.48 ], [ -73.55, 8.47 ], [ -73.55, 8.48 ], [ -73.56, 8.48 ], [ -73.56, 8.49 ], [ -73.57, 8.49 ], [ -73.58, 8.5 ], [ -73.57, 8.5 ], [ -73.55, 8.51 ], [ -73.55, 8.52 ], [ -73.54, 8.52 ], [ -73.53, 8.53 ], [ -73.52, 8.53 ], [ -73.52, 8.54 ], [ -73.53, 8.55 ], [ -73.54, 8.55 ], [ -73.54, 8.56 ], [ -73.55, 8.56 ], [ -73.55, 8.58 ], [ -73.54, 8.59 ], [ -73.55, 8.6 ], [ -73.55, 8.61 ], [ -73.54, 8.62 ], [ -73.53, 8.62 ], [ -73.53, 8.63 ], [ -73.52, 8.64 ], [ -73.52, 8.65 ], [ -73.52, 8.66 ], [ -73.51, 8.67 ], [ -73.51, 8.68 ], [ -73.5, 8.69 ], [ -73.49, 8.69 ], [ -73.49, 8.7 ], [ -73.48, 8.7 ], [ -73.47, 8.71 ], [ -73.47, 8.72 ], [ -73.47, 8.73 ], [ -73.46, 8.75 ], [ -73.45, 8.75 ], [ -73.44, 8.76 ], [ -73.42, 8.76 ], [ -73.42, 8.77 ], [ -73.41, 8.78 ], [ -73.42, 8.79 ], [ -73.42, 8.8 ], [ -73.42, 8.81 ], [ -73.43, 8.81 ], [ -73.43, 8.82 ], [ -73.43, 8.83 ], [ -73.45, 8.85 ], [ -73.45, 8.86 ], [ -73.45, 8.87 ], [ -73.44, 8.87 ], [ -73.43, 8.87 ], [ -73.43, 8.9 ], [ -73.44, 8.91 ], [ -73.43, 8.92 ], [ -73.43, 8.96 ], [ -73.44, 8.97 ], [ -73.44, 8.98 ], [ -73.44, 8.99 ], [ -73.44, 9.0 ], [ -73.42, 9.01 ], [ -73.42, 9.03 ], [ -73.42, 9.04 ], [ -73.41, 9.05 ], [ -73.42, 9.06 ], [ -73.42, 9.07 ], [ -73.42, 9.09 ], [ -73.42, 9.1 ], [ -73.43, 9.1 ], [ -73.42, 9.12 ], [ -73.42, 9.13 ], [ -73.42, 9.14 ], [ -73.41, 9.15 ], [ -73.4, 9.16 ], [ -73.39, 9.16 ], [ -73.38, 9.15 ], [ -73.37, 9.16 ], [ -73.37, 9.19 ], [ -73.36, 9.19 ], [ -73.36, 9.2 ], [ -73.36, 9.21 ], [ -73.36, 9.22 ], [ -73.35, 9.22 ], [ -73.35, 9.21 ], [ -73.35, 9.2 ], [ -73.35, 9.19 ], [ -73.35, 9.18 ], [ -73.34, 9.17 ], [ -73.33, 9.17 ], [ -73.32, 9.17 ], [ -73.3, 9.17 ], [ -73.29, 9.17 ], [ -73.28, 9.16 ], [ -73.27, 9.16 ], [ -73.26, 9.16 ], [ -73.25, 9.16 ], [ -73.24, 9.17 ], [ -73.23, 9.17 ], [ -73.23, 9.18 ], [ -73.22, 9.18 ], [ -73.21, 9.18 ], [ -73.2, 9.18 ], [ -73.19, 9.17 ], [ -73.18, 9.18 ], [ -73.17, 9.18 ], [ -73.17, 9.19 ], [ -73.16, 9.19 ], [ -73.15, 9.2 ], [ -73.15, 9.21 ], [ -73.14, 9.21 ], [ -73.14, 9.22 ], [ -73.13, 9.22 ], [ -73.13, 9.23 ], [ -73.12, 9.23 ], [ -73.11, 9.23 ], [ -73.1, 9.23 ], [ -73.09, 9.23 ], [ -73.09, 9.24 ], [ -73.08, 9.24 ], [ -73.08, 9.25 ], [ -73.07, 9.26 ], [ -73.06, 9.26 ], [ -73.05, 9.26 ], [ -73.04, 9.26 ], [ -73.04, 9.27 ], [ -73.04, 9.28 ], [ -73.03, 9.28 ], [ -73.03, 9.29 ], [ -73.01, 9.29 ], [ -73.0, 9.29 ], [ -73.01, 9.27 ], [ -73.0, 9.27 ], [ -72.99, 9.26 ], [ -72.99, 9.25 ], [ -72.99, 9.24 ], [ -72.99, 9.23 ], [ -73.0, 9.23 ], [ -73.0, 9.22 ], [ -72.99, 9.22 ], [ -72.98, 9.22 ], [ -72.97, 9.21 ], [ -72.96, 9.2 ], [ -72.96, 9.18 ], [ -72.96, 9.17 ], [ -72.97, 9.16 ], [ -72.99, 9.15 ], [ -73.0, 9.14 ], [ -72.99, 9.14 ], [ -72.97, 9.13 ], [ -72.96, 9.11 ], [ -72.95, 9.11 ], [ -72.95, 9.1 ], [ -72.95, 9.09 ], [ -72.94, 9.09 ], [ -72.94, 9.08 ], [ -72.93, 9.08 ], [ -72.92, 9.09 ], [ -72.91, 9.1 ], [ -72.9, 9.1 ], [ -72.89, 9.1 ], [ -72.89, 9.11 ], [ -72.88, 9.12 ], [ -72.88, 9.13 ], [ -72.87, 9.13 ], [ -72.85, 9.13 ], [ -72.83, 9.12 ], [ -72.82, 9.12 ], [ -72.82, 9.11 ], [ -72.81, 9.11 ], [ -72.8, 9.11 ], [ -72.8, 9.1 ], [ -72.79, 9.1 ], [ -72.79, 9.11 ], [ -72.78, 9.11 ], [ -72.78, 9.1 ], [ -72.77, 9.1 ], [ -72.76, 9.1 ], [ -72.76, 9.09 ], [ -72.76, 9.08 ], [ -72.75, 9.01 ], [ -72.72, 8.94 ], [ -72.7, 8.81 ], [ -72.65, 8.61 ], [ -72.64, 8.61 ], [ -72.64, 8.6 ], [ -72.63, 8.6 ], [ -72.62, 8.6 ], [ -72.48, 8.43 ], [ -72.49, 8.43 ], [ -72.49, 8.42 ], [ -72.5, 8.41 ], [ -72.5, 8.4 ], [ -72.51, 8.4 ], [ -72.52, 8.41 ], [ -72.52, 8.4 ], [ -72.52, 8.38 ], [ -72.52, 8.37 ], [ -72.53, 8.36 ], [ -72.53, 8.35 ], [ -72.53, 8.34 ], [ -72.53, 8.32 ], [ -72.53, 8.31 ], [ -72.54, 8.31 ], [ -72.55, 8.32 ], [ -72.55, 8.34 ], [ -72.56, 8.34 ], [ -72.57, 8.35 ], [ -72.57, 8.36 ], [ -72.57, 8.37 ], [ -72.58, 8.37 ], [ -72.58, 8.35 ], [ -72.59, 8.35 ], [ -72.59, 8.34 ], [ -72.59, 8.33 ], [ -72.6, 8.33 ], [ -72.6, 8.32 ], [ -72.6, 8.31 ], [ -72.6, 8.3 ], [ -72.61, 8.3 ] ] ] ] } },
{ "type": "Feature", "properties": { "CTEP": 5.0 }, "geometry": { "type": "MultiPolygon", "coordinates": [ [ [ [ -74.68, -0.06 ], [ -74.68, -0.05 ], [ -74.67, -0.04 ], [ -74.66, -0.04 ], [ -74.67, -0.06 ], [ -74.68, -0.06 ] ] ], [ [ [ -71.58, 0.21 ], [ -71.57, 0.22 ], [ -71.56, 0.22 ], [ -71.56, 0.21 ], [ -71.57, 0.2 ], [ -71.58, 0.2 ], [ -71.58, 0.21 ] ] ], [ [ [ -71.72, 0.29 ], [ -71.73, 0.29 ], [ -71.73, 0.3 ], [ -71.73, 0.31 ], [ -71.71, 0.31 ], [ -71.71, 0.32 ], [ -71.7, 0.31 ], [ -71.7, 0.3 ], [ -71.71, 0.29 ], [ -71.72, 0.29 ] ] ], [ [ [ -71.94, 0.57 ], [ -71.94, 0.56 ], [ -71.95, 0.56 ], [ -71.94, 0.57 ] ] ], [ [ [ -75.54, 0.79 ], [ -75.54, 0.82 ], [ -75.54, 0.83 ], [ -75.55, 0.83 ], [ -75.57, 0.83 ], [ -75.58, 0.84 ], [ -75.6, 0.84 ], [ -75.61, 0.84 ], [ -75.62, 0.86 ], [ -75.62, 0.87 ], [ -75.63, 0.87 ], [ -75.64, 0.88 ], [ -75.66, 0.87 ], [ -75.67, 0.86 ], [ -75.68, 0.86 ], [ -75.69, 0.86 ], [ -75.71, 0.86 ], [ -75.72, 0.86 ], [ -75.74, 0.85 ], [ -75.75, 0.84 ], [ -75.76, 0.84 ], [ -75.77, 0.84 ], [ -75.76, 0.85 ], [ -75.78, 0.87 ], [ -75.78, 0.88 ], [ -75.8, 0.89 ], [ -75.81, 0.9 ], [ -75.82, 0.89 ], [ -75.82, 0.88 ], [ -75.83, 0.87 ], [ -75.84, 0.88 ], [ -75.86, 0.89 ], [ -75.86, 0.9 ], [ -75.87, 0.92 ], [ -75.87, 0.93 ], [ -75.89, 0.94 ], [ -75.9, 0.94 ], [ -75.9, 0.95 ], [ -75.9, 0.97 ], [ -75.91, 0.97 ], [ -75.92, 0.98 ], [ -75.94, 0.98 ], [ -75.95, 0.98 ], [ -75.95, 0.99 ], [ -75.93, 0.99 ], [ -75.93, 1.01 ], [ -75.92, 1.02 ], [ -75.92, 1.03 ], [ -75.94, 1.03 ], [ -75.95, 1.03 ], [ -75.97, 1.06 ], [ -75.99, 1.07 ], [ -76.0, 1.07 ], [ -76.0, 1.06 ], [ -75.99, 1.06 ], [ -75.99, 1.05 ], [ -75.99, 1.03 ], [ -76.0, 1.03 ], [ -76.0, 1.05 ], [ -76.01, 1.05 ], [ -76.02, 1.05 ], [ -76.04, 1.05 ], [ -76.05, 1.05 ], [ -76.06, 1.05 ], [ -76.08, 1.06 ], [ -76.08, 1.07 ], [ -76.09, 1.07 ], [ -76.1, 1.07 ], [ -76.1, 1.08 ], [ -76.11, 1.09 ], [ -76.12, 1.08 ], [ -76.12, 1.09 ], [ -76.12, 1.1 ], [ -76.13, 1.1 ], [ -76.14, 1.11 ], [ -76.14, 1.1 ], [ -76.15, 1.1 ], [ -76.15, 1.11 ], [ -76.16, 1.11 ], [ -76.17, 1.11 ], [ -76.18, 1.11 ], [ -76.19, 1.11 ], [ -76.2, 1.12 ], [ -76.21, 1.12 ], [ -76.21, 1.11 ], [ -76.22, 1.11 ], [ -76.23, 1.12 ], [ -76.24, 1.12 ], [ -76.25, 1.12 ], [ -76.26, 1.12 ], [ -76.26, 1.13 ], [ -76.27, 1.13 ], [ -76.28, 1.14 ], [ -76.28, 1.15 ], [ -76.28, 1.16 ], [ -76.29, 1.16 ], [ -76.29, 1.17 ], [ -76.29, 1.18 ], [ -76.3, 1.18 ], [ -76.3, 1.19 ], [ -76.29, 1.2 ], [ -76.29, 1.21 ], [ -76.29, 1.22 ], [ -76.3, 1.22 ], [ -76.3, 1.23 ], [ -76.3, 1.24 ], [ -76.29, 1.24 ], [ -76.29, 1.25 ], [ -76.28, 1.26 ], [ -76.27, 1.27 ], [ -76.26, 1.27 ], [ -76.25, 1.28 ], [ -76.25, 1.29 ], [ -76.25, 1.3 ], [ -76.24, 1.3 ], [ -76.24, 1.31 ], [ -76.23, 1.31 ], [ -76.23, 1.32 ], [ -76.22, 1.32 ], [ -76.22, 1.33 ], [ -76.22, 1.34 ], [ -76.21, 1.34 ], [ -76.21, 1.35 ], [ -76.2, 1.35 ], [ -76.2, 1.37 ], [ -76.2, 1.38 ], [ -76.2, 1.39 ], [ -76.2, 1.4 ], [ -76.2, 1.41 ], [ -76.2, 1.42 ], [ -76.19, 1.42 ], [ -76.19, 1.44 ], [ -76.18, 1.44 ], [ -76.18, 1.45 ], [ -76.18, 1.46 ], [ -76.19, 1.46 ], [ -76.18, 1.48 ], [ -76.18, 1.49 ], [ -76.18, 1.5 ], [ -76.17, 1.51 ], [ -76.16, 1.52 ], [ -76.15, 1.54 ], [ -76.15, 1.55 ], [ -76.16, 1.55 ], [ -76.16, 1.56 ], [ -76.15, 1.56 ], [ -76.16, 1.57 ], [ -76.16, 1.58 ], [ -76.15, 1.58 ], [ -76.14, 1.57 ], [ -76.12, 1.57 ], [ -76.12, 1.56 ], [ -76.12, 1.55 ], [ -76.1, 1.56 ], [ -76.09, 1.57 ], [ -76.09, 1.58 ], [ -76.08, 1.58 ], [ -76.07, 1.58 ], [ -76.07, 1.59 ], [ -76.06, 1.58 ], [ -76.05, 1.58 ], [ -76.04, 1.58 ], [ -76.03, 1.58 ], [ -76.02, 1.59 ], [ -76.01, 1.61 ], [ -75.99, 1.61 ], [ -75.99, 1.62 ], [ -75.98, 1.62 ], [ -75.98, 1.63 ], [ -75.98, 1.64 ], [ -75.98, 1.65 ], [ -75.98, 1.66 ], [ -75.97, 1.66 ], [ -75.96, 1.66 ], [ -75.95, 1.66 ], [ -75.95, 1.67 ], [ -75.94, 1.68 ], [ -75.93, 1.69 ], [ -75.92, 1.7 ], [ -75.91, 1.71 ], [ -75.9, 1.72 ], [ -75.89, 1.72 ], [ -75.88, 1.71 ], [ -75.87, 1.71 ], [ -75.85, 1.72 ], [ -75.84, 1.72 ], [ -75.84, 1.73 ], [ -75.84, 1.74 ], [ -75.83, 1.75 ], [ -75.82, 1.75 ], [ -75.81, 1.75 ], [ -75.8, 1.75 ], [ -75.79, 1.76 ], [ -75.78, 1.76 ], [ -75.77, 1.76 ], [ -75.77, 1.77 ], [ -75.76, 1.77 ], [ -75.76, 1.78 ], [ -75.74, 1.78 ], [ -75.73, 1.79 ], [ -75.73, 1.8 ], [ -75.73, 1.81 ], [ -75.73, 1.82 ], [ -75.73, 1.83 ], [ -75.72, 1.83 ], [ -75.71, 1.84 ], [ -75.7, 1.85 ], [ -75.7, 1.87 ], [ -75.69, 1.87 ], [ -75.69, 1.88 ], [ -75.67, 1.89 ], [ -75.66, 1.89 ], [ -75.65, 1.9 ], [ -75.65, 1.91 ], [ -75.64, 1.91 ], [ -75.64, 1.92 ], [ -75.64, 1.93 ], [ -75.65, 1.94 ], [ -75.64, 1.95 ], [ -75.64, 1.96 ], [ -75.63, 1.96 ], [ -75.62, 1.97 ], [ -75.62, 1.99 ], [ -75.62, 2.0 ], [ -75.59, 2.01 ], [ -75.59, 2.02 ], [ -75.58, 2.03 ], [ -75.58, 2.04 ], [ -75.57, 2.04 ], [ -75.57, 2.05 ], [ -75.56, 2.06 ], [ -75.56, 2.07 ], [ -75.55, 2.08 ], [ -75.54, 2.08 ], [ -75.54, 2.09 ], [ -75.54, 2.1 ], [ -75.54, 2.11 ], [ -75.53, 2.12 ], [ -75.5, 2.12 ], [ -75.49, 2.13 ], [ -75.49, 2.14 ], [ -75.48, 2.14 ], [ -75.47, 2.14 ], [ -75.46, 2.14 ], [ -75.45, 2.15 ], [ -75.44, 2.17 ], [ -75.43, 2.18 ], [ -75.42, 2.19 ], [ -75.43, 2.2 ], [ -75.44, 2.21 ], [ -75.44, 2.22 ], [ -75.43, 2.23 ], [ -75.42, 2.24 ], [ -75.41, 2.25 ], [ -75.41, 2.26 ], [ -75.41, 2.27 ], [ -75.4, 2.29 ], [ -75.39, 2.29 ], [ -75.39, 2.3 ], [ -75.387407407407409, 2.29740740740741 ], [ -75.39, 2.31 ], [ -75.39, 2.33 ], [ -75.4, 2.34 ], [ -75.4, 2.35 ], [ -75.43, 2.35 ], [ -75.43, 2.37 ], [ -75.44, 2.37 ], [ -75.45, 2.39 ], [ -75.44, 2.4 ], [ -75.44, 2.42 ], [ -75.43, 2.43 ], [ -75.43, 2.44 ], [ -75.43, 2.45 ], [ -75.42, 2.45 ], [ -75.42, 2.46 ], [ -75.41, 2.46 ], [ -75.41, 2.47 ], [ -75.4, 2.48 ], [ -75.39, 2.49 ], [ -75.38, 2.5 ], [ -75.38, 2.51 ], [ -75.36, 2.52 ], [ -75.36, 2.53 ], [ -75.35, 2.53 ], [ -75.35, 2.54 ], [ -75.35, 2.55 ], [ -75.34, 2.55 ], [ -75.33, 2.55 ], [ -75.32, 2.56 ], [ -75.31, 2.56 ], [ -75.31, 2.57 ], [ -75.3, 2.57 ], [ -75.3, 2.58 ], [ -75.29, 2.59 ], [ -75.28, 2.6 ], [ -75.26, 2.61 ], [ -75.26, 2.62 ], [ -75.24, 2.62 ], [ -75.24, 2.63 ], [ -75.23, 2.63 ], [ -75.22, 2.64 ], [ -75.22, 2.65 ], [ -75.21, 2.65 ], [ -75.2, 2.65 ], [ -75.2, 2.66 ], [ -75.19, 2.67 ], [ -75.18, 2.67 ], [ -75.17, 2.68 ], [ -75.17, 2.69 ], [ -75.17, 2.7 ], [ -75.16, 2.71 ], [ -75.15, 2.71 ], [ -75.15, 2.72 ], [ -75.14, 2.73 ], [ -75.12, 2.73 ], [ -75.11, 2.73 ], [ -75.1, 2.74 ], [ -75.09, 2.73 ], [ -75.08, 2.73 ], [ -75.07, 2.74 ], [ -75.07, 2.75 ], [ -75.06, 2.76 ], [ -75.04, 2.78 ], [ -75.04, 2.79 ], [ -75.03, 2.79 ], [ -75.03, 2.8 ], [ -75.02, 2.8 ], [ -75.02, 2.81 ], [ -75.01, 2.83 ], [ -75.0, 2.84 ], [ -74.99, 2.86 ], [ -74.98, 2.86 ], [ -74.97, 2.87 ], [ -74.96, 2.87 ], [ -74.96, 2.88 ], [ -74.95, 2.89 ], [ -74.94, 2.91 ], [ -74.93, 2.91 ], [ -74.92, 2.9 ], [ -74.92, 2.89 ], [ -74.91, 2.88 ], [ -74.9, 2.89 ], [ -74.89, 2.9 ], [ -74.88, 2.91 ], [ -74.87, 2.92 ], [ -74.86, 2.92 ], [ -74.85, 2.91 ], [ -74.85, 2.92 ], [ -74.84, 2.91 ], [ -74.83, 2.91 ], [ -74.83, 2.92 ], [ -74.82, 2.92 ], [ -74.82, 2.93 ], [ -74.81, 2.93 ], [ -74.8, 2.94 ], [ -74.79, 2.93 ], [ -74.79, 2.91 ], [ -74.78, 2.9 ], [ -74.78, 2.89 ], [ -74.77, 2.87 ], [ -74.76, 2.87 ], [ -74.75, 2.88 ], [ -74.74, 2.88 ], [ -74.73, 2.88 ], [ -74.72, 2.88 ], [ -74.71, 2.89 ], [ -74.7, 2.89 ], [ -74.69, 2.89 ], [ -74.67, 2.89 ], [ -74.67, 2.88 ], [ -74.67, 2.87 ], [ -74.67, 2.86 ], [ -74.66, 2.86 ], [ -74.66, 2.84 ], [ -74.67, 2.83 ], [ -74.67, 2.82 ], [ -74.67, 2.81 ], [ -74.67, 2.8 ], [ -74.66, 2.8 ], [ -74.65, 2.78 ], [ -74.64, 2.77 ], [ -74.64, 2.76 ], [ -74.62, 2.75 ], [ -74.63, 2.74 ], [ -74.63, 2.72 ], [ -74.63, 2.71 ], [ -74.64, 2.71 ], [ -74.64, 2.7 ], [ -74.62, 2.7 ], [ -74.61, 2.69 ], [ -74.62, 2.69 ], [ -74.62, 2.68 ], [ -74.61, 2.68 ], [ -74.6, 2.68 ], [ -74.6, 2.67 ], [ -74.59, 2.67 ], [ -74.59, 2.66 ], [ -74.6, 2.64 ], [ -74.61, 2.64 ], [ -74.61, 2.63 ], [ -74.62, 2.63 ], [ -74.63, 2.62 ], [ -74.64, 2.61 ], [ -74.65, 2.6 ], [ -74.65, 2.59 ], [ -74.67, 2.57 ], [ -74.68, 2.56 ], [ -74.68, 2.54 ], [ -74.68, 2.53 ], [ -74.68, 2.52 ], [ -74.67, 2.52 ], [ -74.66, 2.51 ], [ -74.65, 2.5 ], [ -74.65, 2.49 ], [ -74.66, 2.49 ], [ -74.66, 2.47 ], [ -74.67, 2.45 ], [ -74.67, 2.43 ], [ -74.68, 2.42 ], [ -74.69, 2.42 ], [ -74.7, 2.39 ], [ -74.71, 2.38 ], [ -74.72, 2.36 ], [ -74.73, 2.36 ], [ -74.73, 2.35 ], [ -74.74, 2.32 ], [ -74.74, 2.31 ], [ -74.74, 2.3 ], [ -74.74, 2.29 ], [ -74.75, 2.28 ], [ -74.75, 2.27 ], [ -74.74, 2.27 ], [ -74.74, 2.28 ], [ -74.73, 2.28 ], [ -74.73, 2.27 ], [ -74.72, 2.27 ], [ -74.71, 2.28 ], [ -74.7, 2.28 ], [ -74.7, 2.27 ], [ -74.69, 2.27 ], [ -74.68, 2.26 ], [ -74.67, 2.26 ], [ -74.67, 2.25 ], [ -74.66, 2.25 ], [ -74.65, 2.25 ], [ -74.65, 2.24 ], [ -74.65, 2.23 ], [ -74.66, 2.23 ], [ -74.66, 2.21 ], [ -74.65, 2.21 ], [ -74.64, 2.21 ], [ -74.64, 2.2 ], [ -74.63, 2.19 ], [ -74.62, 2.2 ], [ -74.61, 2.2 ], [ -74.61, 2.21 ], [ -74.6, 2.2 ], [ -74.59, 2.2 ], [ -74.59, 2.19 ], [ -74.59, 2.17 ], [ -74.59, 2.16 ], [ -74.6, 2.16 ], [ -74.6, 2.15 ], [ -74.6, 2.14 ], [ -74.59, 2.14 ], [ -74.59, 2.13 ], [ -74.58, 2.12 ], [ -74.57, 2.13 ], [ -74.57, 2.12 ], [ -74.56, 2.13 ], [ -74.55, 2.13 ], [ -74.55, 2.12 ], [ -74.54, 2.12 ], [ -74.54, 2.11 ], [ -74.53, 2.11 ], [ -74.52, 2.12 ], [ -74.51, 2.12 ], [ -74.51, 2.13 ], [ -74.5, 2.13 ], [ -74.5, 2.14 ], [ -74.49, 2.14 ], [ -74.49, 2.15 ], [ -74.48, 2.15 ], [ -74.48, 2.13 ], [ -74.48, 2.12 ], [ -74.48, 2.11 ], [ -74.48, 2.1 ], [ -74.47, 2.1 ], [ -74.46, 2.09 ], [ -74.45, 2.09 ], [ -74.44, 2.09 ], [ -74.43, 2.09 ], [ -74.43, 2.08 ], [ -74.42, 2.08 ], [ -74.4, 2.08 ], [ -74.39, 2.08 ], [ -74.38, 2.08 ], [ -74.37, 2.06 ], [ -74.36, 2.06 ], [ -74.32, 2.06 ], [ -74.31, 2.06 ], [ -74.25, 2.06 ], [ -74.24, 2.06 ], [ -74.24, 2.05 ], [ -74.23, 2.05 ], [ -74.23, 2.03 ], [ -74.22, 2.02 ], [ -74.2, 2.0 ], [ -74.2, 1.99 ], [ -74.19, 1.99 ], [ -74.19, 1.98 ], [ -74.18, 1.99 ], [ -74.17, 1.98 ], [ -74.16, 1.98 ], [ -74.15, 1.98 ], [ -74.15, 1.99 ], [ -74.15, 2.0 ], [ -74.14, 2.0 ], [ -74.14, 1.99 ], [ -74.13, 1.99 ], [ -74.12, 1.99 ], [ -74.11, 1.99 ], [ -74.11, 1.98 ], [ -74.11, 1.97 ], [ -74.09, 1.98 ], [ -74.08, 1.98 ], [ -74.07, 1.98 ], [ -74.06, 1.97 ], [ -74.05, 1.97 ], [ -74.04, 1.97 ], [ -73.66, 1.62 ], [ -73.66, 1.61 ], [ -73.66, 1.6 ], [ -73.66, 1.59 ], [ -73.66, 1.58 ], [ -73.65, 1.57 ], [ -73.64, 1.56 ], [ -73.64, 1.55 ], [ -73.63, 1.54 ], [ -73.62, 1.53 ], [ -73.61, 1.5 ], [ -73.6, 1.5 ], [ -73.59, 1.49 ], [ -73.58, 1.49 ], [ -73.58, 1.47 ], [ -73.56, 1.45 ], [ -73.55, 1.45 ], [ -73.55, 1.44 ], [ -73.55, 1.43 ], [ -73.54, 1.42 ], [ -73.55, 1.41 ], [ -73.54, 1.4 ], [ -73.54, 1.39 ], [ -73.52, 1.39 ], [ -73.51, 1.39 ], [ -73.51, 1.38 ], [ -73.5, 1.38 ], [ -73.5, 1.37 ], [ -73.49, 1.37 ], [ -73.48, 1.37 ], [ -73.48, 1.36 ], [ -73.47, 1.36 ], [ -73.47, 1.35 ], [ -73.47, 1.34 ], [ -73.46, 1.34 ], [ -73.46, 1.33 ], [ -73.46, 1.32 ], [ -73.46, 1.31 ], [ -73.45, 1.31 ], [ -73.45, 1.3 ], [ -73.46, 1.29 ], [ -73.45, 1.29 ], [ -73.44, 1.29 ], [ -73.43, 1.29 ], [ -73.43, 1.28 ], [ -73.43, 1.27 ], [ -73.43, 1.26 ], [ -73.42, 1.26 ], [ -73.42, 1.25 ], [ -73.41, 1.25 ], [ -73.41, 1.24 ], [ -73.42, 1.24 ], [ -73.42, 1.23 ], [ -73.42, 1.22 ], [ -73.42, 1.21 ], [ -73.41, 1.21 ], [ -73.41, 1.2 ], [ -73.42, 1.2 ], [ -73.42, 1.19 ], [ -73.42, 1.18 ], [ -73.41, 1.18 ], [ -73.41, 1.17 ], [ -73.4, 1.17 ], [ -73.39, 1.17 ], [ -73.39, 1.16 ], [ -73.4, 1.16 ], [ -73.4, 1.15 ], [ -73.39, 1.15 ], [ -73.38, 1.14 ], [ -73.37, 1.13 ], [ -73.36, 1.13 ], [ -73.36, 1.12 ], [ -73.35, 1.12 ], [ -73.34, 1.12 ], [ -73.34, 1.11 ], [ -73.34, 1.1 ], [ -73.33, 1.1 ], [ -73.33, 1.09 ], [ -73.32, 1.09 ], [ -73.32, 1.08 ], [ -73.31, 1.08 ], [ -73.3, 1.07 ], [ -73.29, 1.07 ], [ -73.28, 1.07 ], [ -73.28, 1.06 ], [ -73.28, 1.05 ], [ -73.27, 1.05 ], [ -73.26, 1.05 ], [ -73.25, 1.05 ], [ -73.25, 1.04 ], [ -73.24, 1.04 ], [ -73.24, 1.03 ], [ -73.24, 1.02 ], [ -73.23, 1.01 ], [ -73.22, 1.0 ], [ -73.21, 1.0 ], [ -73.2, 1.0 ], [ -73.18, 1.0 ], [ -73.17, 0.99 ], [ -73.18, 0.99 ], [ -73.17, 0.98 ], [ -73.18, 0.97 ], [ -73.18, 0.96 ], [ -73.17, 0.95 ], [ -73.16, 0.95 ], [ -73.16, 0.94 ], [ -73.15, 0.94 ], [ -73.15, 0.93 ], [ -73.14, 0.92 ], [ -73.13, 0.91 ], [ -73.12, 0.92 ], [ -73.11, 0.92 ], [ -73.1, 0.92 ], [ -73.1, 0.91 ], [ -73.09, 0.91 ], [ -73.09, 0.9 ], [ -73.08, 0.9 ], [ -73.07, 0.9 ], [ -73.06, 0.9 ], [ -73.06, 0.91 ], [ -73.05, 0.91 ], [ -73.04, 0.91 ], [ -73.03, 0.91 ], [ -73.03, 0.92 ], [ -73.02, 0.92 ], [ -73.02, 0.91 ], [ -73.01, 0.91 ], [ -73.01, 0.92 ], [ -73.0, 0.92 ], [ -72.99, 0.93 ], [ -72.99, 0.95 ], [ -72.99, 0.96 ], [ -72.98, 0.96 ], [ -72.97, 0.96 ], [ -72.96, 0.96 ], [ -72.95, 0.98 ], [ -72.94, 0.98 ], [ -72.94, 0.99 ], [ -72.93, 1.0 ], [ -72.93, 1.01 ], [ -72.92, 1.01 ], [ -72.91, 1.01 ], [ -72.9, 1.01 ], [ -72.88, 1.02 ], [ -72.87, 1.02 ], [ -72.87, 1.03 ], [ -72.87, 1.04 ], [ -72.88, 1.04 ], [ -72.88, 1.05 ], [ -72.87, 1.05 ], [ -72.86, 1.04 ], [ -72.86, 1.06 ], [ -72.86, 1.07 ], [ -72.87, 1.07 ], [ -72.88, 1.07 ], [ -72.88, 1.08 ], [ -72.87, 1.08 ], [ -72.87, 1.09 ], [ -72.88, 1.09 ], [ -72.88, 1.1 ], [ -72.87, 1.1 ], [ -72.87, 1.11 ], [ -72.86, 1.1 ], [ -72.85, 1.1 ], [ -72.85, 1.11 ], [ -72.87, 1.12 ], [ -72.87, 1.14 ], [ -72.87, 1.15 ], [ -72.86, 1.14 ], [ -72.85, 1.14 ], [ -72.85, 1.16 ], [ -72.84, 1.16 ], [ -72.83, 1.16 ], [ -72.83, 1.15 ], [ -72.82, 1.15 ], [ -72.82, 1.16 ], [ -72.82, 1.17 ], [ -72.82, 1.18 ], [ -72.8, 1.18 ], [ -72.79, 1.18 ], [ -72.78, 1.18 ], [ -72.77, 1.18 ], [ -72.78, 1.16 ], [ -72.78, 1.15 ], [ -72.76, 1.13 ], [ -72.75, 1.13 ], [ -72.74, 1.13 ], [ -72.74, 1.14 ], [ -72.74, 1.15 ], [ -72.73, 1.15 ], [ -72.73, 1.16 ], [ -72.73, 1.17 ], [ -72.73, 1.18 ], [ -72.73, 1.19 ], [ -72.72, 1.19 ], [ -72.7, 1.18 ], [ -72.69, 1.18 ], [ -72.69, 1.16 ], [ -72.67, 1.16 ], [ -72.66, 1.16 ], [ -72.65, 1.17 ], [ -72.64, 1.17 ], [ -72.64, 1.16 ], [ -72.64, 1.15 ], [ -72.62, 1.14 ], [ -72.61, 1.13 ], [ -72.59, 1.12 ], [ -72.57, 1.11 ], [ -72.56, 1.09 ], [ -72.54, 1.09 ], [ -72.52, 1.08 ], [ -72.51, 1.07 ], [ -72.5, 1.07 ], [ -72.48, 1.07 ], [ -72.48, 1.08 ], [ -72.47, 1.08 ], [ -72.46, 1.08 ], [ -72.46, 1.07 ], [ -72.45, 1.07 ], [ -72.44, 1.06 ], [ -72.44, 1.05 ], [ -72.43, 1.05 ], [ -72.43, 1.04 ], [ -72.42, 1.02 ], [ -72.41, 1.01 ], [ -72.4, 1.0 ], [ -72.4, 0.99 ], [ -72.41, 0.99 ], [ -72.4, 0.97 ], [ -72.4, 0.96 ], [ -72.38, 0.96 ], [ -72.38, 0.94 ], [ -72.39, 0.92 ], [ -72.37, 0.92 ], [ -72.35, 0.93 ], [ -72.34, 0.93 ], [ -72.35, 0.9 ], [ -72.33, 0.88 ], [ -72.34, 0.87 ], [ -72.33, 0.85 ], [ -72.33, 0.84 ], [ -72.32, 0.84 ], [ -72.32, 0.85 ], [ -72.33, 0.87 ], [ -72.32, 0.88 ], [ -72.31, 0.88 ], [ -72.3, 0.88 ], [ -72.29, 0.87 ], [ -72.29, 0.86 ], [ -72.29, 0.85 ], [ -72.3, 0.85 ], [ -72.3, 0.84 ], [ -72.29, 0.82 ], [ -72.3, 0.82 ], [ -72.31, 0.81 ], [ -72.3, 0.8 ], [ -72.29, 0.78 ], [ -72.27, 0.76 ], [ -72.26, 0.77 ], [ -72.26, 0.78 ], [ -72.27, 0.79 ], [ -72.26, 0.79 ], [ -72.25, 0.79 ], [ -72.24, 0.77 ], [ -72.23, 0.76 ], [ -72.22, 0.75 ], [ -72.22, 0.74 ], [ -72.23, 0.73 ], [ -72.23, 0.72 ], [ -72.22, 0.71 ], [ -72.21, 0.7 ], [ -72.2, 0.7 ], [ -72.19, 0.73 ], [ -72.18, 0.72 ], [ -72.17, 0.71 ], [ -72.16, 0.71 ], [ -72.16, 0.72 ], [ -72.16, 0.73 ], [ -72.15, 0.72 ], [ -72.14, 0.72 ], [ -72.13, 0.74 ], [ -72.12, 0.73 ], [ -72.12, 0.72 ], [ -72.11, 0.7 ], [ -72.09, 0.7 ], [ -72.08, 0.7 ], [ -72.07, 0.69 ], [ -72.07, 0.67 ], [ -72.08, 0.66 ], [ -72.05, 0.66 ], [ -72.03, 0.66 ], [ -72.02, 0.66 ], [ -72.02, 0.65 ], [ -72.01, 0.65 ], [ -72.0, 0.66 ], [ -71.99, 0.64 ], [ -71.99, 0.63 ], [ -71.98, 0.63 ], [ -71.98, 0.62 ], [ -71.99, 0.61 ], [ -72.01, 0.6 ], [ -72.01, 0.59 ], [ -71.99, 0.59 ], [ -71.99, 0.58 ], [ -71.99, 0.56 ], [ -71.98, 0.56 ], [ -71.96, 0.56 ], [ -71.95, 0.54 ], [ -71.94, 0.55 ], [ -71.94, 0.56 ], [ -71.93, 0.55 ], [ -71.93, 0.54 ], [ -71.92, 0.53 ], [ -71.91, 0.51 ], [ -71.93, 0.5 ], [ -71.93, 0.49 ], [ -71.92, 0.48 ], [ -71.91, 0.48 ], [ -71.9, 0.47 ], [ -71.92, 0.46 ], [ -71.92, 0.45 ], [ -71.9, 0.44 ], [ -71.89, 0.45 ], [ -71.89, 0.46 ], [ -71.89, 0.47 ], [ -71.87, 0.46 ], [ -71.86, 0.46 ], [ -71.85, 0.44 ], [ -71.85, 0.43 ], [ -71.85, 0.42 ], [ -71.85, 0.41 ], [ -71.84, 0.41 ], [ -71.83, 0.4 ], [ -71.84, 0.4 ], [ -71.83, 0.37 ], [ -71.84, 0.36 ], [ -71.85, 0.36 ], [ -71.85, 0.35 ], [ -71.83, 0.34 ], [ -71.82, 0.34 ], [ -71.81, 0.35 ], [ -71.8, 0.36 ], [ -71.81, 0.37 ], [ -71.79, 0.36 ], [ -71.78, 0.36 ], [ -71.77, 0.37 ], [ -71.77, 0.36 ], [ -71.77, 0.35 ], [ -71.79, 0.35 ], [ -71.79, 0.34 ], [ -71.78, 0.33 ], [ -71.77, 0.33 ], [ -71.75, 0.33 ], [ -71.75, 0.3 ], [ -71.75, 0.29 ], [ -71.74, 0.29 ], [ -71.73, 0.29 ], [ -71.73, 0.28 ], [ -71.7, 0.24 ], [ -71.66, 0.22 ], [ -71.64, 0.21 ], [ -71.62, 0.22 ], [ -71.63, 0.2 ], [ -71.62, 0.2 ], [ -71.62, 0.19 ], [ -71.63, 0.19 ], [ -71.62, 0.18 ], [ -71.61, 0.18 ], [ -71.59, 0.2 ], [ -71.58, 0.2 ], [ -71.58, 0.18 ], [ -71.59, 0.17 ], [ -71.58, 0.16 ], [ -71.57, 0.17 ], [ -71.56, 0.17 ], [ -71.55, 0.17 ], [ -71.53, 0.17 ], [ -71.53, 0.16 ], [ -71.53, 0.15 ], [ -71.53, 0.14 ], [ -71.54, 0.14 ], [ -71.55, 0.13 ], [ -71.54, 0.12 ], [ -71.53, 0.12 ], [ -71.52, 0.13 ], [ -71.51, 0.13 ], [ -71.5, 0.13 ], [ -71.49, 0.15 ], [ -71.48, 0.15 ], [ -71.48, 0.17 ], [ -71.48, 0.18 ], [ -71.47, 0.18 ], [ -71.46, 0.18 ], [ -71.46, 0.17 ], [ -71.46, 0.16 ], [ -71.47, 0.16 ], [ -71.47, 0.15 ], [ -71.46, 0.15 ], [ -71.45, 0.14 ], [ -71.44, 0.14 ], [ -71.43, 0.14 ], [ -71.42, 0.14 ], [ -71.41, 0.15 ], [ -71.4, 0.16 ], [ -71.4, 0.17 ], [ -71.4, 0.18 ], [ -71.39, 0.18 ], [ -71.38, 0.17 ], [ -71.37, 0.17 ], [ -71.37, 0.16 ], [ -71.37, 0.15 ], [ -71.37, 0.14 ], [ -71.35, 0.14 ], [ -71.34, 0.14 ], [ -71.34, 0.15 ], [ -71.33, 0.15 ], [ -71.32, 0.14 ], [ -71.32, 0.13 ], [ -71.33, 0.12 ], [ -71.33, 0.11 ], [ -71.31, 0.1 ], [ -71.29, 0.1 ], [ -71.29, 0.09 ], [ -71.3, 0.07 ], [ -71.28, 0.07 ], [ -71.26, 0.07 ], [ -71.25, 0.06 ], [ -71.26, 0.05 ], [ -71.26, 0.04 ], [ -71.27, 0.04 ], [ -71.29, 0.04 ], [ -71.29, 0.03 ], [ -71.3, 0.03 ], [ -71.32, 0.02 ], [ -71.33, 0.02 ], [ -71.34, 0.02 ], [ -71.35, 0.02 ], [ -71.36, 0.03 ], [ -71.37, 0.03 ], [ -71.39, 0.03 ], [ -71.39, 0.02 ], [ -71.39, 0.01 ], [ -71.4, 0.01 ], [ -71.42, 0.0 ], [ -71.44, 0.01 ], [ -71.45, 0.0 ], [ -71.45, -0.01 ], [ -71.46, -0.01 ], [ -71.47, -0.01 ], [ -71.49, -0.01 ], [ -71.5, 0.0 ], [ -71.51, 0.01 ], [ -71.55, 0.02 ], [ -71.56, 0.02 ], [ -71.58, 0.02 ], [ -71.58, 0.01 ], [ -71.58, 0.0 ], [ -71.59, -0.01 ], [ -71.63, -0.03 ], [ -71.65, -0.04 ], [ -71.67, -0.06 ], [ -71.69, -0.06 ], [ -71.7, -0.06 ], [ -71.7, -0.07 ], [ -71.7, -0.1 ], [ -71.71, -0.11 ], [ -71.72, -0.12 ], [ -71.73, -0.12 ], [ -71.73, -0.14 ], [ -71.74, -0.15 ], [ -71.73, -0.17 ], [ -71.72, -0.18 ], [ -71.72, -0.19 ], [ -71.71, -0.2 ], [ -71.71, -0.23 ], [ -71.72, -0.24 ], [ -71.73, -0.23 ], [ -71.73, -0.24 ], [ -71.74, -0.24 ], [ -71.74, -0.25 ], [ -71.77, -0.26 ], [ -71.78, -0.27 ], [ -71.79, -0.27 ], [ -71.8, -0.27 ], [ -71.81, -0.26 ], [ -71.82, -0.27 ], [ -71.83, -0.28 ], [ -71.84, -0.28 ], [ -71.84, -0.27 ], [ -71.85, -0.28 ], [ -71.86, -0.27 ], [ -71.87, -0.27 ], [ -71.9, -0.27 ], [ -71.91, -0.27 ], [ -71.93, -0.27 ], [ -71.97, -0.27 ], [ -71.98, -0.27 ], [ -71.98, -0.28 ], [ -72.0, -0.28 ], [ -72.01, -0.27 ], [ -72.02, -0.26 ], [ -72.04, -0.27 ], [ -72.05, -0.27 ], [ -72.05, -0.28 ], [ -72.06, -0.3 ], [ -72.06, -0.31 ], [ -72.06, -0.32 ], [ -72.07, -0.33 ], [ -72.08, -0.33 ], [ -72.08, -0.34 ], [ -72.09, -0.34 ], [ -72.09, -0.33 ], [ -72.11, -0.33 ], [ -72.12, -0.34 ], [ -72.13, -0.34 ], [ -72.14, -0.35 ], [ -72.14, -0.36 ], [ -72.15, -0.36 ], [ -72.16, -0.36 ], [ -72.16, -0.38 ], [ -72.16, -0.39 ], [ -72.15, -0.39 ], [ -72.15, -0.4 ], [ -72.16, -0.41 ], [ -72.17, -0.43 ], [ -72.17, -0.44 ], [ -72.18, -0.46 ], [ -72.19, -0.47 ], [ -72.2, -0.47 ], [ -72.2, -0.48 ], [ -72.23, -0.49 ], [ -72.23, -0.5 ], [ -72.23, -0.51 ], [ -72.23, -0.52 ], [ -72.24, -0.53 ], [ -72.24, -0.56 ], [ -72.25, -0.57 ], [ -72.25, -0.59 ], [ -72.24, -0.61 ], [ -72.25, -0.61 ], [ -72.26, -0.62 ], [ -72.29, -0.63 ], [ -72.29, -0.64 ], [ -72.3, -0.65 ], [ -72.31, -0.65 ], [ -72.32, -0.65 ], [ -72.33, -0.64 ], [ -72.35, -0.64 ], [ -72.37, -0.62 ], [ -72.4, -0.61 ], [ -72.41, -0.6 ], [ -72.4, -0.58 ], [ -72.41, -0.57 ], [ -72.42, -0.56 ], [ -72.43, -0.57 ], [ -72.47, -0.6 ], [ -72.48, -0.61 ], [ -72.5, -0.63 ], [ -72.51, -0.66 ], [ -72.53, -0.67 ], [ -72.54, -0.67 ], [ -72.55, -0.7 ], [ -72.56, -0.71 ], [ -72.59, -0.69 ], [ -72.6, -0.69 ], [ -72.63, -0.66 ], [ -72.67, -0.64 ], [ -72.68, -0.63 ], [ -72.68, -0.62 ], [ -72.69, -0.61 ], [ -72.7, -0.6 ], [ -72.71, -0.59 ], [ -72.72, -0.59 ], [ -72.73, -0.58 ], [ -72.74, -0.58 ], [ -72.75, -0.56 ], [ -72.76, -0.56 ], [ -72.78, -0.58 ], [ -72.79, -0.58 ], [ -72.8, -0.58 ], [ -72.81, -0.59 ], [ -72.81, -0.6 ], [ -72.82, -0.6 ], [ -72.83, -0.6 ], [ -72.85, -0.61 ], [ -72.87, -0.62 ], [ -72.92, -0.62 ], [ -72.94, -0.61 ], [ -72.94, -0.6 ], [ -72.95, -0.58 ], [ -72.95, -0.57 ], [ -72.96, -0.56 ], [ -72.97, -0.55 ], [ -72.99, -0.54 ], [ -73.01, -0.53 ], [ -73.03, -0.53 ], [ -73.04, -0.53 ], [ -73.05, -0.55 ], [ -73.06, -0.56 ], [ -73.06, -0.58 ], [ -73.07, -0.59 ], [ -73.07, -0.62 ], [ -73.08, -0.62 ], [ -73.1, -0.61 ], [ -73.11, -0.6 ], [ -73.12, -0.6 ], [ -73.15, -0.61 ], [ -73.16, -0.62 ], [ -73.17, -0.62 ], [ -73.2, -0.63 ], [ -73.21, -0.63 ], [ -73.21, -0.62 ], [ -73.22, -0.61 ], [ -73.24, -0.59 ], [ -73.26, -0.58 ], [ -73.26, -0.56 ], [ -73.27, -0.56 ], [ -73.28, -0.55 ], [ -73.3, -0.54 ], [ -73.32, -0.53 ], [ -73.32, -0.52 ], [ -73.33, -0.51 ], [ -73.36, -0.52 ], [ -73.37, -0.52 ], [ -73.37, -0.53 ], [ -73.38, -0.54 ], [ -73.4, -0.53 ], [ -73.4, -0.52 ], [ -73.41, -0.52 ], [ -73.43, -0.51 ], [ -73.45, -0.51 ], [ -73.49, -0.53 ], [ -73.51, -0.52 ], [ -73.52, -0.52 ], [ -73.53, -0.5 ], [ -73.53, -0.49 ], [ -73.54, -0.49 ], [ -73.55, -0.51 ], [ -73.56, -0.52 ], [ -73.57, -0.52 ], [ -73.57, -0.51 ], [ -73.57, -0.5 ], [ -73.57, -0.49 ], [ -73.58, -0.48 ], [ -73.58, -0.46 ], [ -73.58, -0.45 ], [ -73.6, -0.44 ], [ -73.61, -0.44 ], [ -73.62, -0.44 ], [ -73.63, -0.45 ], [ -73.65, -0.46 ], [ -73.65, -0.45 ], [ -73.64, -0.44 ], [ -73.64, -0.43 ], [ -73.64, -0.42 ], [ -73.65, -0.42 ], [ -73.67, -0.42 ], [ -73.69, -0.42 ], [ -73.69, -0.41 ], [ -73.71, -0.39 ], [ -73.71, -0.38 ], [ -73.72, -0.38 ], [ -73.73, -0.38 ], [ -73.75, -0.4 ], [ -73.76, -0.41 ], [ -73.81, -0.41 ], [ -73.82, -0.41 ], [ -73.83, -0.41 ], [ -73.86, -0.38 ], [ -73.88, -0.37 ], [ -73.9, -0.37 ], [ -73.94, -0.35 ], [ -74.0, -0.34 ], [ -74.01, -0.34 ], [ -74.02, -0.33 ], [ -74.02, -0.32 ], [ -74.04, -0.31 ], [ -74.04, -0.3 ], [ -74.04, -0.28 ], [ -74.04, -0.27 ], [ -74.05, -0.27 ], [ -74.07, -0.28 ], [ -74.08, -0.28 ], [ -74.11, -0.24 ], [ -74.12, -0.23 ], [ -74.13, -0.23 ], [ -74.15, -0.24 ], [ -74.16, -0.26 ], [ -74.17, -0.27 ], [ -74.18, -0.26 ], [ -74.19, -0.26 ], [ -74.19, -0.23 ], [ -74.19, -0.22 ], [ -74.2, -0.21 ], [ -74.21, -0.21 ], [ -74.22, -0.21 ], [ -74.22, -0.23 ], [ -74.23, -0.24 ], [ -74.26, -0.23 ], [ -74.28, -0.21 ], [ -74.29, -0.2 ], [ -74.29, -0.18 ], [ -74.26, -0.16 ], [ -74.26, -0.15 ], [ -74.27, -0.14 ], [ -74.28, -0.14 ], [ -74.3, -0.15 ], [ -74.31, -0.15 ], [ -74.32, -0.13 ], [ -74.32, -0.12 ], [ -74.34, -0.11 ], [ -74.36, -0.11 ], [ -74.37, -0.11 ], [ -74.4, -0.11 ], [ -74.42, -0.12 ], [ -74.43, -0.13 ], [ -74.44, -0.14 ], [ -74.45, -0.14 ], [ -74.45, -0.13 ], [ -74.43, -0.11 ], [ -74.42, -0.11 ], [ -74.42, -0.1 ], [ -74.43, -0.09 ], [ -74.44, -0.08 ], [ -74.45, -0.07 ], [ -74.46, -0.08 ], [ -74.46, -0.11 ], [ -74.47, -0.13 ], [ -74.48, -0.14 ], [ -74.49, -0.14 ], [ -74.5, -0.14 ], [ -74.51, -0.13 ], [ -74.51, -0.1 ], [ -74.51, -0.09 ], [ -74.52, -0.09 ], [ -74.53, -0.09 ], [ -74.53, -0.1 ], [ -74.52, -0.12 ], [ -74.53, -0.12 ], [ -74.54, -0.12 ], [ -74.58, -0.11 ], [ -74.6, -0.1 ], [ -74.63, -0.09 ], [ -74.63, -0.08 ], [ -74.62, -0.08 ], [ -74.62, -0.07 ], [ -74.62, -0.06 ], [ -74.62, -0.05 ], [ -74.65, -0.04 ], [ -74.66, -0.04 ], [ -74.66, -0.03 ], [ -74.66, -0.01 ], [ -74.68, 0.01 ], [ -74.69, 0.02 ], [ -74.7, 0.04 ], [ -74.69, 0.04 ], [ -74.68, 0.04 ], [ -74.66, 0.06 ], [ -74.66, 0.07 ], [ -74.66, 0.08 ], [ -74.67, 0.08 ], [ -74.69, 0.08 ], [ -74.7, 0.08 ], [ -74.71, 0.09 ], [ -74.71, 0.1 ], [ -74.69, 0.09 ], [ -74.68, 0.09 ], [ -74.67, 0.1 ], [ -74.67, 0.12 ], [ -74.68, 0.16 ], [ -74.69, 0.18 ], [ -74.7, 0.18 ], [ -74.71, 0.19 ], [ -74.72, 0.2 ], [ -74.75, 0.21 ], [ -74.77, 0.21 ], [ -74.78, 0.21 ], [ -74.82, 0.22 ], [ -74.83, 0.22 ], [ -74.83, 0.21 ], [ -74.84, 0.21 ], [ -74.86, 0.22 ], [ -74.88, 0.24 ], [ -74.9, 0.25 ], [ -74.92, 0.25 ], [ -74.93, 0.25 ], [ -74.95, 0.24 ], [ -74.96, 0.24 ], [ -74.97, 0.25 ], [ -74.99, 0.27 ], [ -75.0, 0.27 ], [ -75.01, 0.28 ], [ -75.01, 0.29 ], [ -75.01, 0.3 ], [ -74.99, 0.3 ], [ -74.98, 0.31 ], [ -74.98, 0.32 ], [ -75.0, 0.33 ], [ -75.01, 0.34 ], [ -75.01, 0.35 ], [ -75.01, 0.37 ], [ -75.02, 0.38 ], [ -75.01, 0.39 ], [ -74.99, 0.4 ], [ -74.98, 0.4 ], [ -74.98, 0.41 ], [ -74.99, 0.42 ], [ -75.01, 0.44 ], [ -75.01, 0.46 ], [ -75.02, 0.47 ], [ -75.03, 0.48 ], [ -75.05, 0.48 ], [ -75.06, 0.48 ], [ -75.07, 0.48 ], [ -75.09, 0.48 ], [ -75.1, 0.47 ], [ -75.11, 0.47 ], [ -75.11, 0.48 ], [ -75.1, 0.49 ], [ -75.09, 0.5 ], [ -75.1, 0.51 ], [ -75.11, 0.51 ], [ -75.12, 0.51 ], [ -75.14, 0.49 ], [ -75.16, 0.48 ], [ -75.18, 0.49 ], [ -75.2, 0.48 ], [ -75.22, 0.49 ], [ -75.22, 0.5 ], [ -75.2, 0.5 ], [ -75.2, 0.51 ], [ -75.21, 0.52 ], [ -75.22, 0.54 ], [ -75.23, 0.55 ], [ -75.24, 0.57 ], [ -75.23, 0.58 ], [ -75.21, 0.59 ], [ -75.21, 0.6 ], [ -75.21, 0.61 ], [ -75.22, 0.63 ], [ -75.23, 0.65 ], [ -75.27, 0.66 ], [ -75.28, 0.67 ], [ -75.26, 0.69 ], [ -75.26, 0.7 ], [ -75.26, 0.71 ], [ -75.27, 0.73 ], [ -75.3, 0.73 ], [ -75.3, 0.74 ], [ -75.31, 0.75 ], [ -75.32, 0.75 ], [ -75.33, 0.75 ], [ -75.33, 0.76 ], [ -75.34, 0.77 ], [ -75.35, 0.77 ], [ -75.36, 0.75 ], [ -75.38, 0.75 ], [ -75.4, 0.74 ], [ -75.42, 0.74 ], [ -75.43, 0.75 ], [ -75.47, 0.76 ], [ -75.47, 0.77 ], [ -75.48, 0.78 ], [ -75.49, 0.78 ], [ -75.5, 0.77 ], [ -75.51, 0.77 ], [ -75.52, 0.78 ], [ -75.54, 0.79 ] ] ] ] } },
{ "type": "Feature", "properties": { "CTEP": 6.0 }, "geometry": { "type": "MultiPolygon", "coordinates": [ [ [ [ -77.28, 4.54 ], [ -77.27, 4.54 ], [ -77.26, 4.53 ], [ -77.25, 4.53 ], [ -77.25, 4.52 ], [ -77.25, 4.51 ], [ -77.24, 4.51 ], [ -77.24, 4.5 ], [ -77.24, 4.49 ], [ -77.23, 4.49 ], [ -77.22, 4.49 ], [ -77.22, 4.48 ], [ -77.21, 4.48 ], [ -77.21, 4.47 ], [ -77.2, 4.47 ], [ -77.2, 4.46 ], [ -77.2, 4.45 ], [ -77.19, 4.45 ], [ -77.18, 4.45 ], [ -77.17, 4.45 ], [ -77.16, 4.44 ], [ -77.14, 4.44 ], [ -77.14, 4.45 ], [ -77.13, 4.45 ], [ -77.12, 4.45 ], [ -77.11, 4.44 ], [ -77.1, 4.45 ], [ -77.11, 4.46 ], [ -77.1, 4.46 ], [ -77.1, 4.47 ], [ -77.11, 4.47 ], [ -77.11, 4.48 ], [ -77.1, 4.48 ], [ -77.09, 4.49 ], [ -77.08, 4.48 ], [ -77.07, 4.47 ], [ -77.06, 4.47 ], [ -77.05, 4.48 ], [ -77.05, 4.49 ], [ -77.04, 4.49 ], [ -77.04, 4.5 ], [ -77.04, 4.51 ], [ -77.05, 4.52 ], [ -77.06, 4.52 ], [ -77.06, 4.51 ], [ -77.07, 4.51 ], [ -77.08, 4.51 ], [ -77.09, 4.5 ], [ -77.1, 4.5 ], [ -77.11, 4.5 ], [ -77.12, 4.51 ], [ -77.13, 4.5 ], [ -77.15, 4.5 ], [ -77.16, 4.52 ], [ -77.15, 4.53 ], [ -77.15, 4.55 ], [ -77.14, 4.55 ], [ -77.14, 4.56 ], [ -77.13, 4.57 ], [ -77.13, 4.58 ], [ -77.13, 4.59 ], [ -77.13, 4.6 ], [ -77.11, 4.61 ], [ -77.1, 4.61 ], [ -77.1, 4.62 ], [ -77.09, 4.63 ], [ -77.09, 4.64 ], [ -77.09, 4.65 ], [ -77.08, 4.65 ], [ -77.07, 4.65 ], [ -77.06, 4.66 ], [ -77.06, 4.67 ], [ -77.05, 4.68 ], [ -77.06, 4.69 ], [ -77.06, 4.7 ], [ -77.05, 4.7 ], [ -77.05, 4.71 ], [ -77.04, 4.71 ], [ -77.02, 4.72 ], [ -77.02, 4.73 ], [ -77.02, 4.74 ], [ -77.0, 4.74 ], [ -76.99, 4.74 ], [ -76.98, 4.76 ], [ -76.98, 4.77 ], [ -76.97, 4.77 ], [ -76.96, 4.76 ], [ -76.95, 4.77 ], [ -76.94, 4.77 ], [ -76.94, 4.78 ], [ -76.95, 4.8 ], [ -76.94, 4.82 ], [ -76.94, 4.83 ], [ -76.95, 4.83 ], [ -76.95, 4.84 ], [ -76.97, 4.84 ], [ -76.99, 4.85 ], [ -76.99, 4.86 ], [ -77.0, 4.86 ], [ -76.99, 4.87 ], [ -76.98, 4.87 ], [ -76.98, 4.88 ], [ -76.97, 4.89 ], [ -76.97, 4.9 ], [ -76.98, 4.92 ], [ -76.96, 4.93 ], [ -76.95, 4.93 ], [ -76.94, 4.94 ], [ -76.94, 4.95 ], [ -76.93, 4.95 ], [ -76.93, 4.96 ], [ -76.92, 4.96 ], [ -76.9, 4.96 ], [ -76.9, 4.95 ], [ -76.89, 4.95 ], [ -76.88, 4.94 ], [ -76.88, 4.95 ], [ -76.88, 4.96 ], [ -76.87, 4.97 ], [ -76.87, 4.99 ], [ -76.86, 5.0 ], [ -76.85, 5.01 ], [ -76.85, 5.02 ], [ -76.85, 5.03 ], [ -76.83, 5.04 ], [ -76.82, 5.05 ], [ -76.83, 5.06 ], [ -76.82, 5.07 ], [ -76.81, 5.08 ], [ -76.8, 5.09 ], [ -76.81, 5.1 ], [ -76.81, 5.11 ], [ -76.81, 5.12 ], [ -76.8, 5.13 ], [ -76.8, 5.14 ], [ -76.8, 5.15 ], [ -76.79, 5.16 ], [ -76.79, 5.17 ], [ -76.8, 5.17 ], [ -76.81, 5.17 ], [ -76.82, 5.17 ], [ -76.83, 5.17 ], [ -76.84, 5.18 ], [ -76.84, 5.19 ], [ -76.85, 5.2 ], [ -76.85, 5.21 ], [ -76.85, 5.22 ], [ -76.85, 5.23 ], [ -76.85, 5.24 ], [ -76.85, 5.25 ], [ -76.85, 5.26 ], [ -76.84, 5.27 ], [ -76.83, 5.27 ], [ -76.81, 5.27 ], [ -76.8, 5.27 ], [ -76.79, 5.27 ], [ -76.78, 5.27 ], [ -76.77, 5.28 ], [ -76.75, 5.28 ], [ -76.74, 5.28 ], [ -76.75, 5.25 ], [ -76.71, 5.24 ], [ -76.71, 5.23 ], [ -76.7, 5.23 ], [ -76.7, 5.22 ], [ -76.68, 5.22 ], [ -76.68, 5.21 ], [ -76.69, 5.2 ], [ -76.68, 5.19 ], [ -76.67, 5.19 ], [ -76.66, 5.19 ], [ -76.65, 5.2 ], [ -76.64, 5.2 ], [ -76.64, 5.21 ], [ -76.63, 5.21 ], [ -76.62, 5.21 ], [ -76.62, 5.2 ], [ -76.62, 5.19 ], [ -76.61, 5.19 ], [ -76.6, 5.19 ], [ -76.6, 5.2 ], [ -76.59, 5.2 ], [ -76.58, 5.2 ], [ -76.58, 5.21 ], [ -76.57, 5.22 ], [ -76.56, 5.22 ], [ -76.55, 5.22 ], [ -76.55, 5.23 ], [ -76.54, 5.23 ], [ -76.54, 5.24 ], [ -76.53, 5.24 ], [ -76.53, 5.23 ], [ -76.54, 5.22 ], [ -76.53, 5.21 ], [ -76.53, 5.2 ], [ -76.53, 5.19 ], [ -76.54, 5.18 ], [ -76.55, 5.18 ], [ -76.55, 5.17 ], [ -76.56, 5.17 ], [ -76.58, 5.17 ], [ -76.59, 5.17 ], [ -76.6, 5.17 ], [ -76.61, 5.17 ], [ -76.62, 5.16 ], [ -76.63, 5.15 ], [ -76.64, 5.13 ], [ -76.65, 5.14 ], [ -76.66, 5.14 ], [ -76.67, 5.14 ], [ -76.68, 5.13 ], [ -76.69, 5.12 ], [ -76.68, 5.12 ], [ -76.68, 5.11 ], [ -76.67, 5.1 ], [ -76.65, 5.11 ], [ -76.64, 5.1 ], [ -76.63, 5.1 ], [ -76.62, 5.1 ], [ -76.61, 5.1 ], [ -76.6, 5.09 ], [ -76.6, 5.1 ], [ -76.59, 5.1 ], [ -76.58, 5.1 ], [ -76.58, 5.11 ], [ -76.57, 5.11 ], [ -76.56, 5.12 ], [ -76.55, 5.12 ], [ -76.54, 5.12 ], [ -76.54, 5.13 ], [ -76.53, 5.12 ], [ -76.53, 5.15 ], [ -76.52, 5.15 ], [ -76.49, 5.15 ], [ -76.5, 5.14 ], [ -76.49, 5.14 ], [ -76.48, 5.14 ], [ -76.47, 5.14 ], [ -76.47, 5.15 ], [ -76.46, 5.15 ], [ -76.45, 5.16 ], [ -76.44, 5.14 ], [ -76.43, 5.13 ], [ -76.43, 5.12 ], [ -76.42, 5.12 ], [ -76.41, 5.12 ], [ -76.4, 5.13 ], [ -76.39, 5.12 ], [ -76.38, 5.12 ], [ -76.37, 5.12 ], [ -76.36, 5.13 ], [ -76.35, 5.15 ], [ -76.34, 5.16 ], [ -76.33, 5.16 ], [ -76.33, 5.17 ], [ -76.33, 5.18 ], [ -76.34, 5.18 ], [ -76.34, 5.19 ], [ -76.35, 5.19 ], [ -76.36, 5.19 ], [ -76.36, 5.2 ], [ -76.35, 5.2 ], [ -76.34, 5.21 ], [ -76.33, 5.21 ], [ -76.32, 5.21 ], [ -76.31, 5.19 ], [ -76.3, 5.19 ], [ -76.3, 5.18 ], [ -76.3, 5.17 ], [ -76.29, 5.15 ], [ -76.29, 5.13 ], [ -76.3, 5.13 ], [ -76.31, 5.13 ], [ -76.33, 5.13 ], [ -76.35, 5.11 ], [ -76.38, 5.11 ], [ -76.39, 5.1 ], [ -76.4, 5.1 ], [ -76.41, 5.1 ], [ -76.42, 5.1 ], [ -76.43, 5.1 ], [ -76.42, 5.07 ], [ -76.42, 5.06 ], [ -76.43, 5.05 ], [ -76.43, 5.04 ], [ -76.44, 5.03 ], [ -76.43, 5.02 ], [ -76.43, 5.01 ], [ -76.42, 5.0 ], [ -76.43, 4.99 ], [ -76.43, 4.97 ], [ -76.42, 4.96 ], [ -76.42, 4.95 ], [ -76.43, 4.94 ], [ -76.45, 4.94 ], [ -76.45, 4.93 ], [ -76.47, 4.93 ], [ -76.47, 4.92 ], [ -76.47, 4.91 ], [ -76.47, 4.9 ], [ -76.47, 4.88 ], [ -76.48, 4.88 ], [ -76.49, 4.87 ], [ -76.5, 4.87 ], [ -76.5, 4.85 ], [ -76.51, 4.83 ], [ -76.51, 4.82 ], [ -76.51, 4.81 ], [ -76.51, 4.8 ], [ -76.5, 4.79 ], [ -76.49, 4.78 ], [ -76.49, 4.77 ], [ -76.48, 4.76 ], [ -76.47, 4.76 ], [ -76.47, 4.75 ], [ -76.46, 4.75 ], [ -76.45, 4.75 ], [ -76.44, 4.75 ], [ -76.42, 4.75 ], [ -76.41, 4.75 ], [ -76.4, 4.75 ], [ -76.39, 4.75 ], [ -76.38, 4.75 ], [ -76.37, 4.75 ], [ -76.36, 4.75 ], [ -76.35, 4.76 ], [ -76.34, 4.75 ], [ -76.32, 4.75 ], [ -76.31, 4.75 ], [ -76.31, 4.74 ], [ -76.29, 4.73 ], [ -76.29, 4.71 ], [ -76.29, 4.7 ], [ -76.3, 4.7 ], [ -76.3, 4.69 ], [ -76.3, 4.68 ], [ -76.3, 4.67 ], [ -76.3, 4.66 ], [ -76.31, 4.64 ], [ -76.31, 4.63 ], [ -76.32, 4.62 ], [ -76.32, 4.61 ], [ -76.32, 4.6 ], [ -76.33, 4.6 ], [ -76.33, 4.59 ], [ -76.34, 4.58 ], [ -76.34, 4.57 ], [ -76.34, 4.56 ], [ -76.36, 4.56 ], [ -76.37, 4.56 ], [ -76.38, 4.56 ], [ -76.38, 4.55 ], [ -76.4, 4.53 ], [ -76.39, 4.53 ], [ -76.39, 4.52 ], [ -76.38, 4.52 ], [ -76.38, 4.51 ], [ -76.37, 4.5 ], [ -76.37, 4.49 ], [ -76.38, 4.49 ], [ -76.39, 4.49 ], [ -76.39, 4.48 ], [ -76.4, 4.47 ], [ -76.41, 4.47 ], [ -76.41, 4.46 ], [ -76.42, 4.46 ], [ -76.42, 4.45 ], [ -76.43, 4.45 ], [ -76.43, 4.44 ], [ -76.45, 4.44 ], [ -76.45, 4.43 ], [ -76.47, 4.42 ], [ -76.48, 4.41 ], [ -76.5, 4.41 ], [ -76.52, 4.4 ], [ -76.53, 4.4 ], [ -76.54, 4.4 ], [ -76.55, 4.4 ], [ -76.56, 4.4 ], [ -76.56, 4.39 ], [ -76.56, 4.37 ], [ -76.55, 4.35 ], [ -76.55, 4.34 ], [ -76.54, 4.33 ], [ -76.53, 4.32 ], [ -76.53, 4.31 ], [ -76.53, 4.3 ], [ -76.52, 4.27 ], [ -76.51, 4.27 ], [ -76.51, 4.26 ], [ -76.51, 4.25 ], [ -76.49, 4.24 ], [ -76.48, 4.23 ], [ -76.47, 4.23 ], [ -76.46, 4.23 ], [ -76.45, 4.21 ], [ -76.45, 4.2 ], [ -76.44, 4.19 ], [ -76.45, 4.16 ], [ -76.45, 4.14 ], [ -76.46, 4.13 ], [ -76.47, 4.1 ], [ -76.49, 4.08 ], [ -76.49, 4.07 ], [ -76.5, 4.06 ], [ -76.51, 4.06 ], [ -76.51, 4.07 ], [ -76.52, 4.07 ], [ -76.53, 4.06 ], [ -76.54, 4.05 ], [ -76.54, 4.04 ], [ -76.54, 4.03 ], [ -76.54, 4.02 ], [ -76.54, 4.01 ], [ -76.55, 4.01 ], [ -76.56, 4.01 ], [ -76.56, 4.0 ], [ -76.56, 3.99 ], [ -76.57, 3.98 ], [ -76.59, 3.97 ], [ -76.59, 3.98 ], [ -76.59, 3.99 ], [ -76.59, 4.0 ], [ -76.6, 4.0 ], [ -76.62, 4.01 ], [ -76.65, 4.0 ], [ -76.66, 3.99 ], [ -76.66, 3.98 ], [ -76.68, 3.97 ], [ -76.69, 3.97 ], [ -76.7, 3.98 ], [ -76.75, 3.98 ], [ -76.75, 3.99 ], [ -76.76, 3.99 ], [ -76.77, 3.99 ], [ -76.77, 4.0 ], [ -76.79, 4.0 ], [ -76.79, 4.01 ], [ -76.8, 4.01 ], [ -76.81, 4.01 ], [ -76.82, 4.01 ], [ -76.82, 4.02 ], [ -76.82, 4.03 ], [ -76.83, 4.03 ], [ -76.83, 4.04 ], [ -76.85, 4.04 ], [ -76.85, 4.03 ], [ -76.86, 4.03 ], [ -76.87, 4.03 ], [ -76.87, 4.04 ], [ -76.87, 4.05 ], [ -76.88, 4.05 ], [ -76.88, 4.06 ], [ -76.89, 4.07 ], [ -76.9, 4.07 ], [ -76.9, 4.08 ], [ -76.91, 4.08 ], [ -76.91, 4.1 ], [ -76.92, 4.1 ], [ -76.93, 4.11 ], [ -76.94, 4.11 ], [ -76.95, 4.11 ], [ -76.95, 4.12 ], [ -76.97, 4.12 ], [ -76.98, 4.12 ], [ -76.99, 4.11 ], [ -76.99, 4.12 ], [ -77.0, 4.12 ], [ -77.0, 4.1 ], [ -77.01, 4.1 ], [ -77.02, 4.1 ], [ -77.03, 4.09 ], [ -77.04, 4.09 ], [ -77.04, 4.1 ], [ -77.05, 4.1 ], [ -77.06, 4.1 ], [ -77.07, 4.1 ], [ -77.07, 4.11 ], [ -77.08, 4.11 ], [ -77.09, 4.12 ], [ -77.1, 4.12 ], [ -77.1, 4.11 ], [ -77.11, 4.11 ], [ -77.11, 4.12 ], [ -77.12, 4.12 ], [ -77.12, 4.13 ], [ -77.13, 4.14 ], [ -77.13, 4.16 ], [ -77.14, 4.16 ], [ -77.15, 4.18 ], [ -77.16, 4.18 ], [ -77.17, 4.18 ], [ -77.19, 4.17 ], [ -77.2, 4.17 ], [ -77.21, 4.16 ], [ -77.22, 4.16 ], [ -77.25, 4.18 ], [ -77.25, 4.2 ], [ -77.25, 4.23 ], [ -77.26, 4.23 ], [ -77.27, 4.23 ], [ -77.28, 4.22 ], [ -77.29, 4.21 ], [ -77.29, 4.19 ], [ -77.29, 4.18 ], [ -77.31, 4.17 ], [ -77.32, 4.17 ], [ -77.33, 4.19 ], [ -77.34, 4.2 ], [ -77.35, 4.2 ], [ -77.36, 4.19 ], [ -77.37, 4.18 ], [ -77.38, 4.17 ], [ -77.39, 4.16 ], [ -77.39, 4.15 ], [ -77.42, 4.14 ], [ -77.44, 4.15 ], [ -77.44, 4.14 ], [ -77.44, 4.13 ], [ -77.44, 4.12 ], [ -77.43, 4.11 ], [ -77.43, 4.09 ], [ -77.44, 4.06 ], [ -77.45, 4.04 ], [ -77.46, 4.05 ], [ -77.49, 4.09 ], [ -77.49, 4.1 ], [ -77.51, 4.11 ], [ -77.53, 4.13 ], [ -77.53, 4.14 ], [ -77.52, 4.17 ], [ -77.53, 4.19 ], [ -77.53, 4.2 ], [ -77.53, 4.23 ], [ -77.52, 4.26 ], [ -77.51, 4.28 ], [ -77.5, 4.29 ], [ -77.48, 4.29 ], [ -77.49, 4.27 ], [ -77.5, 4.26 ], [ -77.49, 4.26 ], [ -77.47, 4.27 ], [ -77.46, 4.27 ], [ -77.45, 4.28 ], [ -77.44, 4.28 ], [ -77.43, 4.28 ], [ -77.42, 4.29 ], [ -77.41, 4.29 ], [ -77.41, 4.3 ], [ -77.42, 4.3 ], [ -77.44, 4.31 ], [ -77.43, 4.32 ], [ -77.4, 4.35 ], [ -77.39, 4.37 ], [ -77.38, 4.37 ], [ -77.37, 4.37 ], [ -77.37, 4.38 ], [ -77.37, 4.39 ], [ -77.37, 4.4 ], [ -77.36, 4.41 ], [ -77.35, 4.42 ], [ -77.35, 4.43 ], [ -77.35, 4.44 ], [ -77.34, 4.51 ], [ -77.33, 4.51 ], [ -77.32, 4.52 ], [ -77.32, 4.53 ], [ -77.33, 4.53 ], [ -77.34, 4.54 ], [ -77.33, 4.56 ], [ -77.33, 4.57 ], [ -77.32, 4.57 ], [ -77.31, 4.57 ], [ -77.31, 4.56 ], [ -77.3, 4.56 ], [ -77.29, 4.56 ], [ -77.28, 4.56 ], [ -77.28, 4.55 ], [ -77.28, 4.54 ] ] ], [ [ [ -76.7, 5.25 ], [ -76.7, 5.24 ], [ -76.71, 5.24 ], [ -76.7, 5.25 ] ] ], [ [ [ -76.99, 6.03 ], [ -76.98, 6.03 ], [ -76.98, 6.02 ], [ -76.99, 6.02 ], [ -76.99, 6.03 ] ] ], [ [ [ -76.83, 6.33 ], [ -76.84, 6.32 ], [ -76.83, 6.31 ], [ -76.83, 6.3 ], [ -76.84, 6.29 ], [ -76.85, 6.28 ], [ -76.85, 6.27 ], [ -76.86, 6.27 ], [ -76.87, 6.27 ], [ -76.87, 6.26 ], [ -76.88, 6.25 ], [ -76.89, 6.25 ], [ -76.89, 6.24 ], [ -76.9, 6.24 ], [ -76.91, 6.24 ], [ -76.92, 6.23 ], [ -76.93, 6.24 ], [ -76.94, 6.24 ], [ -76.95, 6.24 ], [ -76.96, 6.25 ], [ -76.97, 6.25 ], [ -76.98, 6.26 ], [ -76.99, 6.26 ], [ -77.0, 6.27 ], [ -77.0, 6.28 ], [ -77.01, 6.28 ], [ -77.02, 6.29 ], [ -77.03, 6.3 ], [ -77.04, 6.29 ], [ -77.04, 6.28 ], [ -77.04, 6.27 ], [ -77.05, 6.27 ], [ -77.06, 6.25 ], [ -77.07, 6.25 ], [ -77.07, 6.24 ], [ -77.08, 6.23 ], [ -77.08, 6.22 ], [ -77.07, 6.21 ], [ -77.07, 6.22 ], [ -77.06, 6.22 ], [ -77.05, 6.21 ], [ -77.05, 6.2 ], [ -77.05, 6.19 ], [ -77.05, 6.18 ], [ -77.06, 6.17 ], [ -77.06, 6.16 ], [ -77.06, 6.15 ], [ -77.07, 6.14 ], [ -77.08, 6.14 ], [ -77.08, 6.13 ], [ -77.09, 6.13 ], [ -77.1, 6.13 ], [ -77.1, 6.12 ], [ -77.1, 6.1 ], [ -77.12, 6.1 ], [ -77.13, 6.09 ], [ -77.13, 6.07 ], [ -77.13, 6.06 ], [ -77.13, 6.05 ], [ -77.14, 6.04 ], [ -77.15, 6.04 ], [ -77.16, 6.04 ], [ -77.17, 6.04 ], [ -77.18, 6.05 ], [ -77.19, 6.05 ], [ -77.2, 6.04 ], [ -77.2, 6.03 ], [ -77.21, 6.02 ], [ -77.22, 6.02 ], [ -77.23, 6.02 ], [ -77.24, 6.02 ], [ -77.25, 6.02 ], [ -77.27, 6.02 ], [ -77.27, 6.03 ], [ -77.27, 6.04 ], [ -77.27, 6.05 ], [ -77.28, 6.05 ], [ -77.29, 6.05 ], [ -77.29, 6.06 ], [ -77.29, 6.07 ], [ -77.29, 6.08 ], [ -77.28, 6.08 ], [ -77.28, 6.09 ], [ -77.27, 6.09 ], [ -77.27, 6.1 ], [ -77.26, 6.12 ], [ -77.25, 6.13 ], [ -77.24, 6.13 ], [ -77.23, 6.13 ], [ -77.22, 6.14 ], [ -77.22, 6.15 ], [ -77.22, 6.16 ], [ -77.23, 6.17 ], [ -77.23, 6.19 ], [ -77.24, 6.2 ], [ -77.25, 6.21 ], [ -77.25, 6.22 ], [ -77.24, 6.22 ], [ -77.24, 6.23 ], [ -77.23, 6.24 ], [ -77.24, 6.24 ], [ -77.25, 6.25 ], [ -77.26, 6.26 ], [ -77.28, 6.26 ], [ -77.28, 6.27 ], [ -77.29, 6.27 ], [ -77.3, 6.27 ], [ -77.3, 6.26 ], [ -77.31, 6.26 ], [ -77.32, 6.27 ], [ -77.33, 6.29 ], [ -77.32, 6.3 ], [ -77.31, 6.31 ], [ -77.31, 6.32 ], [ -77.32, 6.33 ], [ -77.31, 6.34 ], [ -77.3, 6.35 ], [ -77.3, 6.36 ], [ -77.3, 6.37 ], [ -77.3, 6.38 ], [ -77.32, 6.4 ], [ -77.32, 6.41 ], [ -77.33, 6.41 ], [ -77.34, 6.42 ], [ -77.33, 6.43 ], [ -77.33, 6.44 ], [ -77.31, 6.43 ], [ -77.31, 6.44 ], [ -77.32, 6.45 ], [ -77.32, 6.46 ], [ -77.31, 6.47 ], [ -77.32, 6.48 ], [ -77.32, 6.49 ], [ -77.33, 6.49 ], [ -77.33, 6.5 ], [ -77.33, 6.51 ], [ -77.32, 6.52 ], [ -77.31, 6.55 ], [ -77.32, 6.56 ], [ -77.32, 6.58 ], [ -77.33, 6.58 ], [ -77.33, 6.6 ], [ -77.34, 6.6 ], [ -77.35, 6.6 ], [ -77.35, 6.62 ], [ -77.36, 6.62 ], [ -77.37, 6.62 ], [ -77.37, 6.63 ], [ -77.38, 6.63 ], [ -77.38, 6.64 ], [ -77.38, 6.65 ], [ -77.38, 6.66 ], [ -77.37, 6.66 ], [ -77.38, 6.67 ], [ -77.37, 6.68 ], [ -77.37, 6.69 ], [ -77.38, 6.69 ], [ -77.37, 6.7 ], [ -77.38, 6.71 ], [ -77.39, 6.71 ], [ -77.4, 6.72 ], [ -77.39, 6.72 ], [ -77.38, 6.73 ], [ -77.37, 6.73 ], [ -77.37, 6.74 ], [ -77.36, 6.74 ], [ -77.35, 6.75 ], [ -77.35, 6.76 ], [ -77.34, 6.76 ], [ -77.32, 6.76 ], [ -77.31, 6.77 ], [ -77.32, 6.77 ], [ -77.34, 6.78 ], [ -77.34, 6.79 ], [ -77.35, 6.8 ], [ -77.36, 6.81 ], [ -77.37, 6.81 ], [ -77.38, 6.81 ], [ -77.39, 6.82 ], [ -77.4, 6.82 ], [ -77.41, 6.82 ], [ -77.41, 6.81 ], [ -77.42, 6.81 ], [ -77.42, 6.82 ], [ -77.43, 6.82 ], [ -77.44, 6.82 ], [ -77.46, 6.82 ], [ -77.47, 6.81 ], [ -77.47, 6.8 ], [ -77.47, 6.79 ], [ -77.48, 6.78 ], [ -77.48, 6.77 ], [ -77.49, 6.77 ], [ -77.49, 6.76 ], [ -77.49, 6.75 ], [ -77.5, 6.75 ], [ -77.51, 6.75 ], [ -77.52, 6.74 ], [ -77.52, 6.73 ], [ -77.53, 6.73 ], [ -77.54, 6.73 ], [ -77.54, 6.74 ], [ -77.54, 6.75 ], [ -77.54, 6.76 ], [ -77.54, 6.77 ], [ -77.55, 6.78 ], [ -77.54, 6.78 ], [ -77.53, 6.79 ], [ -77.53, 6.8 ], [ -77.53, 6.81 ], [ -77.54, 6.81 ], [ -77.54, 6.82 ], [ -77.54, 6.83 ], [ -77.54, 6.85 ], [ -77.54, 6.86 ], [ -77.55, 6.86 ], [ -77.55, 6.87 ], [ -77.55, 6.88 ], [ -77.56, 6.88 ], [ -77.57, 6.88 ], [ -77.57, 6.89 ], [ -77.57, 6.9 ], [ -77.57, 6.91 ], [ -77.58, 6.92 ], [ -77.59, 6.93 ], [ -77.59, 6.94 ], [ -77.58, 6.95 ], [ -77.58, 6.96 ], [ -77.57, 6.96 ], [ -77.57, 6.97 ], [ -77.56, 6.98 ], [ -77.56, 6.99 ], [ -77.56, 7.0 ], [ -77.56, 7.01 ], [ -77.57, 7.01 ], [ -77.58, 7.02 ], [ -77.58, 7.03 ], [ -77.58, 7.04 ], [ -77.58, 7.05 ], [ -77.58, 7.06 ], [ -77.58, 7.07 ], [ -77.59, 7.08 ], [ -77.6, 7.09 ], [ -77.6, 7.1 ], [ -77.6, 7.11 ], [ -77.6, 7.12 ], [ -77.6, 7.13 ], [ -77.6, 7.14 ], [ -77.6, 7.15 ], [ -77.6, 7.16 ], [ -77.59, 7.16 ], [ -77.59, 7.17 ], [ -77.59, 7.18 ], [ -77.59, 7.19 ], [ -77.6, 7.2 ], [ -77.6, 7.21 ], [ -77.61, 7.21 ], [ -77.61, 7.2 ], [ -77.63, 7.21 ], [ -77.64, 7.22 ], [ -77.65, 7.22 ], [ -77.66, 7.22 ], [ -77.67, 7.22 ], [ -77.67, 7.23 ], [ -77.67, 7.24 ], [ -77.68, 7.25 ], [ -77.68, 7.26 ], [ -77.68, 7.28 ], [ -77.7, 7.29 ], [ -77.7, 7.31 ], [ -77.71, 7.31 ], [ -77.72, 7.32 ], [ -77.72, 7.33 ], [ -77.72, 7.34 ], [ -77.72, 7.36 ], [ -77.73, 7.36 ], [ -77.73, 7.37 ], [ -77.73, 7.38 ], [ -77.74, 7.39 ], [ -77.73, 7.39 ], [ -77.73, 7.4 ], [ -77.73, 7.41 ], [ -77.73, 7.42 ], [ -77.74, 7.42 ], [ -77.74, 7.44 ], [ -77.73, 7.44 ], [ -77.72, 7.43 ], [ -77.72, 7.44 ], [ -77.71, 7.44 ], [ -77.71, 7.45 ], [ -77.7, 7.46 ], [ -77.7, 7.47 ], [ -77.71, 7.47 ], [ -77.71, 7.48 ], [ -77.71, 7.49 ], [ -77.71, 7.5 ], [ -77.7, 7.51 ], [ -77.7, 7.52 ], [ -77.71, 7.53 ], [ -77.72, 7.54 ], [ -77.73, 7.56 ], [ -77.73, 7.57 ], [ -77.74, 7.59 ], [ -77.74, 7.6 ], [ -77.74, 7.61 ], [ -77.75, 7.61 ], [ -77.75, 7.62 ], [ -77.74, 7.63 ], [ -77.74, 7.64 ], [ -77.75, 7.65 ], [ -77.75, 7.66 ], [ -77.74, 7.67 ], [ -77.74, 7.68 ], [ -77.74, 7.69 ], [ -77.73, 7.69 ], [ -77.73, 7.7 ], [ -77.72, 7.7 ], [ -77.71, 7.69 ], [ -77.7, 7.69 ], [ -77.69, 7.69 ], [ -77.69, 7.68 ], [ -77.68, 7.68 ], [ -77.67, 7.67 ], [ -77.66, 7.66 ], [ -77.65, 7.65 ], [ -77.64, 7.63 ], [ -77.64, 7.62 ], [ -77.64, 7.61 ], [ -77.63, 7.6 ], [ -77.63, 7.59 ], [ -77.62, 7.58 ], [ -77.61, 7.56 ], [ -77.61, 7.55 ], [ -77.61, 7.54 ], [ -77.6, 7.54 ], [ -77.59, 7.54 ], [ -77.59, 7.53 ], [ -77.59, 7.52 ], [ -77.58, 7.51 ], [ -77.57, 7.51 ], [ -77.56, 7.51 ], [ -77.56, 7.52 ], [ -77.55, 7.52 ], [ -77.55, 7.53 ], [ -77.54, 7.54 ], [ -77.53, 7.54 ], [ -77.53, 7.56 ], [ -77.53, 7.57 ], [ -77.52, 7.57 ], [ -77.51, 7.57 ], [ -77.5, 7.57 ], [ -77.49, 7.57 ], [ -77.49, 7.58 ], [ -77.49, 7.59 ], [ -77.48, 7.6 ], [ -77.48, 7.61 ], [ -77.47, 7.62 ], [ -77.47, 7.63 ], [ -77.47, 7.64 ], [ -77.47, 7.65 ], [ -77.47, 7.66 ], [ -77.44, 7.66 ], [ -77.44, 7.67 ], [ -77.44, 7.69 ], [ -77.43, 7.69 ], [ -77.42, 7.69 ], [ -77.42, 7.7 ], [ -77.42, 7.71 ], [ -77.42, 7.72 ], [ -77.41, 7.72 ], [ -77.4, 7.72 ], [ -77.4, 7.73 ], [ -77.4, 7.74 ], [ -77.4, 7.75 ], [ -77.39, 7.75 ], [ -77.39, 7.76 ], [ -77.38, 7.76 ], [ -77.38, 7.77 ], [ -77.37, 7.77 ], [ -77.35, 7.77 ], [ -77.35, 7.76 ], [ -77.34, 7.76 ], [ -77.34, 7.77 ], [ -77.34, 7.78 ], [ -77.35, 7.8 ], [ -77.36, 7.81 ], [ -77.36, 7.82 ], [ -77.36, 7.83 ], [ -77.36, 7.84 ], [ -77.35, 7.84 ], [ -77.35, 7.85 ], [ -77.34, 7.85 ], [ -77.34, 7.86 ], [ -77.34, 7.87 ], [ -77.33, 7.88 ], [ -77.32, 7.88 ], [ -77.33, 7.89 ], [ -77.32, 7.9 ], [ -77.31, 7.9 ], [ -77.3, 7.91 ], [ -77.29, 7.91 ], [ -77.28, 7.91 ], [ -77.27, 7.91 ], [ -77.26, 7.92 ], [ -77.24, 7.92 ], [ -77.23, 7.92 ], [ -77.22, 7.92 ], [ -77.21, 7.92 ], [ -77.2, 7.92 ], [ -77.19, 7.92 ], [ -77.18, 7.92 ], [ -77.17, 7.92 ], [ -77.16, 7.93 ], [ -77.16, 7.94 ], [ -77.17, 7.94 ], [ -77.17, 7.95 ], [ -77.18, 7.96 ], [ -77.17, 7.96 ], [ -77.17, 7.97 ], [ -77.18, 7.98 ], [ -77.19, 7.99 ], [ -77.2, 8.0 ], [ -77.21, 8.01 ], [ -77.22, 8.02 ], [ -77.23, 8.02 ], [ -77.22, 8.03 ], [ -77.22, 8.04 ], [ -77.23, 8.04 ], [ -77.23, 8.05 ], [ -77.23, 8.06 ], [ -77.23, 8.07 ], [ -77.22, 8.07 ], [ -77.22, 8.09 ], [ -77.23, 8.1 ], [ -77.23, 8.11 ], [ -77.23, 8.12 ], [ -77.23, 8.13 ], [ -77.23, 8.14 ], [ -77.25, 8.15 ], [ -77.25, 8.16 ], [ -77.25, 8.17 ], [ -77.25, 8.19 ], [ -77.26, 8.19 ], [ -77.26, 8.2 ], [ -77.26, 8.21 ], [ -77.27, 8.21 ], [ -77.28, 8.22 ], [ -77.28, 8.23 ], [ -77.29, 8.24 ], [ -77.29, 8.25 ], [ -77.29, 8.26 ], [ -77.29, 8.27 ], [ -77.3, 8.27 ], [ -77.3, 8.28 ], [ -77.31, 8.28 ], [ -77.31, 8.27 ], [ -77.32, 8.27 ], [ -77.33, 8.27 ], [ -77.33, 8.28 ], [ -77.34, 8.28 ], [ -77.34, 8.29 ], [ -77.35, 8.3 ], [ -77.36, 8.32 ], [ -77.35, 8.33 ], [ -77.35, 8.35 ], [ -77.35, 8.36 ], [ -77.36, 8.37 ], [ -77.36, 8.38 ], [ -77.36, 8.39 ], [ -77.36, 8.4 ], [ -77.37, 8.41 ], [ -77.38, 8.42 ], [ -77.39, 8.43 ], [ -77.39, 8.44 ], [ -77.39, 8.45 ], [ -77.4, 8.46 ], [ -77.4, 8.47 ], [ -77.4, 8.48 ], [ -77.42, 8.48 ], [ -77.44, 8.47 ], [ -77.45, 8.47 ], [ -77.45, 8.48 ], [ -77.45, 8.49 ], [ -77.45, 8.5 ], [ -77.45, 8.51 ], [ -77.44, 8.52 ], [ -77.44, 8.54 ], [ -77.44, 8.55 ], [ -77.44, 8.56 ], [ -77.43, 8.56 ], [ -77.42, 8.56 ], [ -77.42, 8.57 ], [ -77.41, 8.57 ], [ -77.41, 8.58 ], [ -77.4, 8.58 ], [ -77.39, 8.58 ], [ -77.39, 8.59 ], [ -77.39, 8.6 ], [ -77.4, 8.6 ], [ -77.4, 8.61 ], [ -77.4, 8.62 ], [ -77.41, 8.63 ], [ -77.41, 8.64 ], [ -77.41, 8.65 ], [ -77.4, 8.65 ], [ -77.39, 8.65 ], [ -77.39, 8.64 ], [ -77.38, 8.64 ], [ -77.37, 8.64 ], [ -77.37, 8.65 ], [ -77.37, 8.66 ], [ -77.37, 8.67 ], [ -77.36, 8.67 ], [ -77.36, 8.66 ], [ -77.35, 8.66 ], [ -77.34, 8.65 ], [ -77.35, 8.64 ], [ -77.34, 8.63 ], [ -77.34, 8.62 ], [ -77.33, 8.62 ], [ -77.32, 8.61 ], [ -77.32, 8.6 ], [ -77.31, 8.6 ], [ -77.31, 8.59 ], [ -77.3, 8.59 ], [ -77.3, 8.58 ], [ -77.29, 8.58 ], [ -77.29, 8.57 ], [ -77.29, 8.56 ], [ -77.28, 8.56 ], [ -77.28, 8.55 ], [ -77.28, 8.54 ], [ -77.27, 8.53 ], [ -77.27, 8.52 ], [ -77.28, 8.51 ], [ -77.27, 8.5 ], [ -77.25, 8.49 ], [ -77.25, 8.47 ], [ -77.19, 8.44 ], [ -77.17, 8.43 ], [ -77.16, 8.43 ], [ -77.16, 8.42 ], [ -77.15, 8.42 ], [ -77.14, 8.42 ], [ -77.13, 8.41 ], [ -77.13, 8.4 ], [ -77.12, 8.39 ], [ -77.11, 8.39 ], [ -77.11, 8.38 ], [ -77.12, 8.38 ], [ -77.12, 8.37 ], [ -77.11, 8.36 ], [ -77.09, 8.35 ], [ -77.09, 8.34 ], [ -77.09, 8.33 ], [ -77.08, 8.33 ], [ -77.08, 8.32 ], [ -77.08, 8.31 ], [ -77.07, 8.31 ], [ -77.07, 8.3 ], [ -77.07, 8.29 ], [ -77.06, 8.29 ], [ -77.05, 8.28 ], [ -77.05, 8.27 ], [ -77.04, 8.27 ], [ -77.04, 8.26 ], [ -77.04, 8.25 ], [ -77.01, 8.25 ], [ -76.98, 8.26 ], [ -76.98, 8.23 ], [ -76.97, 8.19 ], [ -76.95, 8.17 ], [ -76.95, 8.15 ], [ -76.96, 8.12 ], [ -76.95, 8.11 ], [ -76.95, 8.1 ], [ -76.94, 8.1 ], [ -76.94, 8.09 ], [ -76.94, 8.06 ], [ -76.95, 8.05 ], [ -76.96, 8.04 ], [ -76.97, 8.03 ], [ -76.99, 8.03 ], [ -76.99, 8.02 ], [ -77.01, 7.99 ], [ -77.01, 7.97 ], [ -77.0, 7.96 ], [ -77.01, 7.95 ], [ -77.02, 7.95 ], [ -77.01, 7.94 ], [ -77.01, 7.93 ], [ -77.02, 7.91 ], [ -77.03, 7.88 ], [ -77.06, 7.85 ], [ -77.07, 7.85 ], [ -77.08, 7.84 ], [ -77.09, 7.83 ], [ -77.1, 7.82 ], [ -77.11, 7.82 ], [ -77.12, 7.83 ], [ -77.13, 7.83 ], [ -77.12, 7.81 ], [ -77.12, 7.79 ], [ -77.12, 7.78 ], [ -77.11, 7.78 ], [ -77.04, 7.7 ], [ -77.0, 7.67 ], [ -76.96, 7.64 ], [ -76.94, 7.59 ], [ -76.94, 7.58 ], [ -76.9, 7.58 ], [ -76.83, 7.58 ], [ -76.8, 7.57 ], [ -76.66, 7.45 ], [ -76.62, 7.32 ], [ -76.61, 7.31 ], [ -76.6, 7.31 ], [ -76.6, 7.3 ], [ -76.59, 7.3 ], [ -76.58, 7.3 ], [ -76.57, 7.29 ], [ -76.57, 7.28 ], [ -76.56, 7.27 ], [ -76.55, 7.26 ], [ -76.54, 7.26 ], [ -76.53, 7.26 ], [ -76.52, 7.24 ], [ -76.52, 7.23 ], [ -76.52, 7.22 ], [ -76.51, 7.21 ], [ -76.51, 7.2 ], [ -76.5, 7.19 ], [ -76.51, 7.19 ], [ -76.51, 7.18 ], [ -76.5, 7.18 ], [ -76.5, 7.17 ], [ -76.5, 7.16 ], [ -76.5, 7.15 ], [ -76.49, 7.14 ], [ -76.49, 7.13 ], [ -76.5, 7.14 ], [ -76.51, 7.14 ], [ -76.52, 7.14 ], [ -76.51, 7.13 ], [ -76.51, 7.11 ], [ -76.53, 7.11 ], [ -76.52, 7.1 ], [ -76.53, 7.1 ], [ -76.53, 7.09 ], [ -76.53, 7.08 ], [ -76.54, 7.07 ], [ -76.53, 7.06 ], [ -76.53, 7.05 ], [ -76.54, 7.05 ], [ -76.54, 7.04 ], [ -76.55, 7.02 ], [ -76.55, 7.01 ], [ -76.55, 7.0 ], [ -76.55, 6.99 ], [ -76.54, 6.99 ], [ -76.54, 6.98 ], [ -76.55, 6.97 ], [ -76.54, 6.96 ], [ -76.53, 6.96 ], [ -76.52, 6.96 ], [ -76.51, 6.93 ], [ -76.52, 6.91 ], [ -76.53, 6.9 ], [ -76.54, 6.89 ], [ -76.56, 6.88 ], [ -76.56, 6.87 ], [ -76.56, 6.86 ], [ -76.57, 6.85 ], [ -76.57, 6.83 ], [ -76.57, 6.82 ], [ -76.58, 6.81 ], [ -76.58, 6.8 ], [ -76.58, 6.79 ], [ -76.59, 6.77 ], [ -76.59, 6.76 ], [ -76.6, 6.76 ], [ -76.62, 6.75 ], [ -76.61, 6.74 ], [ -76.61, 6.73 ], [ -76.61, 6.72 ], [ -76.6, 6.72 ], [ -76.59, 6.71 ], [ -76.58, 6.7 ], [ -76.58, 6.69 ], [ -76.57, 6.67 ], [ -76.57, 6.66 ], [ -76.57, 6.65 ], [ -76.57, 6.64 ], [ -76.57, 6.63 ], [ -76.58, 6.62 ], [ -76.57, 6.61 ], [ -76.57, 6.6 ], [ -76.56, 6.6 ], [ -76.56, 6.59 ], [ -76.56, 6.58 ], [ -76.57, 6.56 ], [ -76.57, 6.55 ], [ -76.57, 6.54 ], [ -76.58, 6.54 ], [ -76.58, 6.53 ], [ -76.57, 6.52 ], [ -76.56, 6.51 ], [ -76.56, 6.5 ], [ -76.55, 6.49 ], [ -76.54, 6.49 ], [ -76.54, 6.47 ], [ -76.55, 6.46 ], [ -76.55, 6.45 ], [ -76.55, 6.44 ], [ -76.54, 6.43 ], [ -76.53, 6.42 ], [ -76.54, 6.41 ], [ -76.54, 6.4 ], [ -76.53, 6.4 ], [ -76.53, 6.39 ], [ -76.53, 6.38 ], [ -76.53, 6.37 ], [ -76.52, 6.37 ], [ -76.52, 6.36 ], [ -76.52, 6.35 ], [ -76.53, 6.34 ], [ -76.52, 6.33 ], [ -76.53, 6.32 ], [ -76.53, 6.31 ], [ -76.52, 6.29 ], [ -76.52, 6.25 ], [ -76.52, 6.24 ], [ -76.52, 6.23 ], [ -76.52, 6.22 ], [ -76.52, 6.21 ], [ -76.51, 6.2 ], [ -76.5, 6.2 ], [ -76.5, 6.21 ], [ -76.49, 6.21 ], [ -76.48, 6.22 ], [ -76.46, 6.2 ], [ -76.45, 6.19 ], [ -76.45, 6.18 ], [ -76.45, 6.17 ], [ -76.44, 6.17 ], [ -76.43, 6.17 ], [ -76.42, 6.17 ], [ -76.41, 6.17 ], [ -76.41, 6.18 ], [ -76.41, 6.19 ], [ -76.39, 6.19 ], [ -76.38, 6.19 ], [ -76.36, 6.19 ], [ -76.35, 6.2 ], [ -76.33, 6.2 ], [ -76.31, 6.2 ], [ -76.3, 6.2 ], [ -76.29, 6.19 ], [ -76.26, 6.21 ], [ -76.25, 6.21 ], [ -76.25, 6.2 ], [ -76.25, 6.19 ], [ -76.26, 6.19 ], [ -76.27, 6.19 ], [ -76.27, 6.18 ], [ -76.28, 6.17 ], [ -76.28, 6.16 ], [ -76.28, 6.15 ], [ -76.29, 6.15 ], [ -76.3, 6.14 ], [ -76.31, 6.13 ], [ -76.32, 6.13 ], [ -76.33, 6.12 ], [ -76.34, 6.11 ], [ -76.35, 6.09 ], [ -76.37, 6.09 ], [ -76.37, 6.08 ], [ -76.38, 6.08 ], [ -76.38, 6.06 ], [ -76.4, 6.06 ], [ -76.42, 6.04 ], [ -76.43, 6.04 ], [ -76.44, 6.04 ], [ -76.45, 6.02 ], [ -76.45, 6.01 ], [ -76.47, 6.01 ], [ -76.48, 6.01 ], [ -76.49, 6.0 ], [ -76.5, 6.0 ], [ -76.51, 6.0 ], [ -76.52, 6.01 ], [ -76.52, 5.99 ], [ -76.52, 5.98 ], [ -76.53, 5.98 ], [ -76.53, 5.97 ], [ -76.54, 5.96 ], [ -76.55, 5.96 ], [ -76.56, 5.95 ], [ -76.57, 5.94 ], [ -76.58, 5.93 ], [ -76.59, 5.93 ], [ -76.59, 5.92 ], [ -76.59, 5.91 ], [ -76.6, 5.91 ], [ -76.61, 5.91 ], [ -76.63, 5.9 ], [ -76.64, 5.89 ], [ -76.65, 5.89 ], [ -76.66, 5.88 ], [ -76.67, 5.88 ], [ -76.68, 5.87 ], [ -76.69, 5.87 ], [ -76.69, 5.88 ], [ -76.7, 5.88 ], [ -76.71, 5.88 ], [ -76.71, 5.87 ], [ -76.71, 5.86 ], [ -76.71, 5.85 ], [ -76.72, 5.84 ], [ -76.72, 5.83 ], [ -76.73, 5.83 ], [ -76.74, 5.84 ], [ -76.77, 5.83 ], [ -76.77, 5.82 ], [ -76.78, 5.82 ], [ -76.78, 5.83 ], [ -76.79, 5.83 ], [ -76.81, 5.82 ], [ -76.82, 5.82 ], [ -76.83, 5.82 ], [ -76.84, 5.81 ], [ -76.85, 5.82 ], [ -76.86, 5.82 ], [ -76.86, 5.83 ], [ -76.86, 5.84 ], [ -76.87, 5.84 ], [ -76.88, 5.84 ], [ -76.89, 5.87 ], [ -76.9, 5.87 ], [ -76.91, 5.87 ], [ -76.91, 5.88 ], [ -76.92, 5.89 ], [ -76.93, 5.89 ], [ -76.93, 5.91 ], [ -76.93, 5.92 ], [ -76.93, 5.93 ], [ -76.93, 5.94 ], [ -76.93, 5.95 ], [ -76.93, 5.96 ], [ -76.92, 5.96 ], [ -76.92, 5.97 ], [ -76.92, 5.98 ], [ -76.91, 5.98 ], [ -76.91, 5.99 ], [ -76.9, 5.99 ], [ -76.9, 6.0 ], [ -76.91, 6.0 ], [ -76.92, 6.0 ], [ -76.93, 6.0 ], [ -76.93, 6.01 ], [ -76.93, 6.02 ], [ -76.94, 6.02 ], [ -76.94, 6.03 ], [ -76.95, 6.03 ], [ -76.96, 6.03 ], [ -76.97, 6.04 ], [ -76.98, 6.04 ], [ -76.98, 6.05 ], [ -76.98, 6.06 ], [ -76.98, 6.07 ], [ -76.97, 6.07 ], [ -76.97, 6.08 ], [ -76.96, 6.08 ], [ -76.96, 6.09 ], [ -76.97, 6.09 ], [ -76.97, 6.1 ], [ -76.96, 6.1 ], [ -76.96, 6.11 ], [ -76.96, 6.12 ], [ -76.95, 6.12 ], [ -76.95, 6.13 ], [ -76.94, 6.13 ], [ -76.94, 6.14 ], [ -76.94, 6.15 ], [ -76.93, 6.15 ], [ -76.92, 6.14 ], [ -76.91, 6.14 ], [ -76.91, 6.13 ], [ -76.9, 6.13 ], [ -76.89, 6.13 ], [ -76.89, 6.12 ], [ -76.88, 6.12 ], [ -76.87, 6.12 ], [ -76.86, 6.12 ], [ -76.85, 6.13 ], [ -76.84, 6.13 ], [ -76.84, 6.14 ], [ -76.83, 6.13 ], [ -76.82, 6.13 ], [ -76.82, 6.12 ], [ -76.8, 6.12 ], [ -76.79, 6.12 ], [ -76.77, 6.12 ], [ -76.77, 6.13 ], [ -76.76, 6.13 ], [ -76.75, 6.13 ], [ -76.75, 6.14 ], [ -76.75, 6.15 ], [ -76.74, 6.15 ], [ -76.74, 6.16 ], [ -76.73, 6.15 ], [ -76.72, 6.16 ], [ -76.72, 6.17 ], [ -76.72, 6.18 ], [ -76.71, 6.19 ], [ -76.72, 6.2 ], [ -76.72, 6.22 ], [ -76.73, 6.22 ], [ -76.72, 6.24 ], [ -76.73, 6.24 ], [ -76.75, 6.24 ], [ -76.76, 6.25 ], [ -76.76, 6.26 ], [ -76.75, 6.27 ], [ -76.75, 6.28 ], [ -76.76, 6.29 ], [ -76.78, 6.29 ], [ -76.78, 6.3 ], [ -76.78, 6.31 ], [ -76.79, 6.32 ], [ -76.79, 6.33 ], [ -76.78, 6.33 ], [ -76.78, 6.34 ], [ -76.79, 6.34 ], [ -76.8, 6.34 ], [ -76.8, 6.35 ], [ -76.81, 6.34 ], [ -76.82, 6.34 ], [ -76.83, 6.33 ] ] ], [ [ [ -77.41, 8.59 ], [ -77.41, 8.58 ], [ -77.42, 8.58 ], [ -77.42, 8.59 ], [ -77.41, 8.59 ] ] ] ] } },
{ "type": "Feature", "properties": { "CTEP": 7.0 }, "geometry": { "type": "MultiPolygon", "coordinates": [ [ [ [ -72.73, 1.15 ], [ -72.74, 1.15 ], [ -72.74, 1.14 ], [ -72.74, 1.13 ], [ -72.75, 1.13 ], [ -72.76, 1.13 ], [ -72.78, 1.15 ], [ -72.78, 1.17 ], [ -72.77, 1.18 ], [ -72.78, 1.18 ], [ -72.79, 1.18 ], [ -72.8, 1.18 ], [ -72.82, 1.18 ], [ -72.82, 1.17 ], [ -72.82, 1.16 ], [ -72.82, 1.15 ], [ -72.83, 1.15 ], [ -72.83, 1.16 ], [ -72.84, 1.16 ], [ -72.85, 1.16 ], [ -72.85, 1.14 ], [ -72.86, 1.14 ], [ -72.87, 1.15 ], [ -72.87, 1.14 ], [ -72.87, 1.12 ], [ -72.85, 1.11 ], [ -72.85, 1.1 ], [ -72.86, 1.1 ], [ -72.87, 1.11 ], [ -72.87, 1.1 ], [ -72.88, 1.1 ], [ -72.88, 1.09 ], [ -72.87, 1.09 ], [ -72.87, 1.08 ], [ -72.88, 1.08 ], [ -72.88, 1.07 ], [ -72.87, 1.07 ], [ -72.86, 1.07 ], [ -72.86, 1.06 ], [ -72.86, 1.04 ], [ -72.87, 1.05 ], [ -72.88, 1.05 ], [ -72.88, 1.04 ], [ -72.87, 1.04 ], [ -72.87, 1.03 ], [ -72.87, 1.02 ], [ -72.88, 1.02 ], [ -72.9, 1.01 ], [ -72.91, 1.01 ], [ -72.92, 1.01 ], [ -72.93, 1.01 ], [ -72.93, 1.0 ], [ -72.94, 0.99 ], [ -72.94, 0.98 ], [ -72.95, 0.98 ], [ -72.96, 0.96 ], [ -72.97, 0.96 ], [ -72.98, 0.96 ], [ -72.99, 0.96 ], [ -72.99, 0.95 ], [ -72.99, 0.93 ], [ -73.0, 0.92 ], [ -73.01, 0.92 ], [ -73.01, 0.91 ], [ -73.02, 0.91 ], [ -73.02, 0.92 ], [ -73.03, 0.92 ], [ -73.03, 0.91 ], [ -73.04, 0.91 ], [ -73.05, 0.91 ], [ -73.06, 0.91 ], [ -73.06, 0.9 ], [ -73.07, 0.9 ], [ -73.08, 0.9 ], [ -73.09, 0.9 ], [ -73.09, 0.91 ], [ -73.1, 0.91 ], [ -73.1, 0.92 ], [ -73.11, 0.92 ], [ -73.12, 0.92 ], [ -73.13, 0.91 ], [ -73.14, 0.92 ], [ -73.15, 0.93 ], [ -73.15, 0.94 ], [ -73.16, 0.94 ], [ -73.16, 0.95 ], [ -73.17, 0.95 ], [ -73.18, 0.96 ], [ -73.18, 0.97 ], [ -73.17, 0.98 ], [ -73.18, 0.99 ], [ -73.17, 0.99 ], [ -73.18, 1.0 ], [ -73.19, 1.0 ], [ -73.2, 1.0 ], [ -73.21, 1.0 ], [ -73.22, 1.0 ], [ -73.23, 1.01 ], [ -73.24, 1.02 ], [ -73.24, 1.03 ], [ -73.24, 1.04 ], [ -73.25, 1.04 ], [ -73.25, 1.05 ], [ -73.26, 1.05 ], [ -73.27, 1.05 ], [ -73.28, 1.05 ], [ -73.28, 1.06 ], [ -73.28, 1.07 ], [ -73.29, 1.07 ], [ -73.3, 1.07 ], [ -73.31, 1.08 ], [ -73.32, 1.08 ], [ -73.32, 1.09 ], [ -73.33, 1.09 ], [ -73.33, 1.1 ], [ -73.34, 1.1 ], [ -73.34, 1.11 ], [ -73.34, 1.12 ], [ -73.35, 1.12 ], [ -73.36, 1.12 ], [ -73.36, 1.13 ], [ -73.37, 1.13 ], [ -73.38, 1.14 ], [ -73.39, 1.15 ], [ -73.4, 1.15 ], [ -73.4, 1.16 ], [ -73.39, 1.16 ], [ -73.39, 1.17 ], [ -73.4, 1.17 ], [ -73.41, 1.17 ], [ -73.41, 1.18 ], [ -73.42, 1.18 ], [ -73.42, 1.19 ], [ -73.42, 1.2 ], [ -73.41, 1.2 ], [ -73.41, 1.21 ], [ -73.42, 1.21 ], [ -73.42, 1.22 ], [ -73.42, 1.23 ], [ -73.42, 1.24 ], [ -73.41, 1.24 ], [ -73.41, 1.25 ], [ -73.42, 1.25 ], [ -73.42, 1.26 ], [ -73.43, 1.26 ], [ -73.43, 1.27 ], [ -73.43, 1.28 ], [ -73.43, 1.29 ], [ -73.44, 1.29 ], [ -73.45, 1.29 ], [ -73.46, 1.29 ], [ -73.45, 1.3 ], [ -73.45, 1.31 ], [ -73.46, 1.31 ], [ -73.46, 1.32 ], [ -73.46, 1.33 ], [ -73.46, 1.34 ], [ -73.47, 1.34 ], [ -73.47, 1.35 ], [ -73.47, 1.36 ], [ -73.48, 1.36 ], [ -73.48, 1.37 ], [ -73.49, 1.37 ], [ -73.5, 1.37 ], [ -73.5, 1.38 ], [ -73.51, 1.38 ], [ -73.51, 1.39 ], [ -73.52, 1.39 ], [ -73.53, 1.39 ], [ -73.54, 1.39 ], [ -73.54, 1.4 ], [ -73.55, 1.41 ], [ -73.54, 1.42 ], [ -73.55, 1.43 ], [ -73.55, 1.44 ], [ -73.55, 1.45 ], [ -73.56, 1.45 ], [ -73.58, 1.47 ], [ -73.58, 1.49 ], [ -73.59, 1.49 ], [ -73.6, 1.5 ], [ -73.61, 1.5 ], [ -73.62, 1.53 ], [ -73.63, 1.54 ], [ -73.64, 1.55 ], [ -73.64, 1.56 ], [ -73.65, 1.57 ], [ -73.66, 1.58 ], [ -73.66, 1.59 ], [ -73.66, 1.61 ], [ -73.66, 1.62 ], [ -74.04, 1.97 ], [ -74.05, 1.97 ], [ -74.06, 1.97 ], [ -74.07, 1.98 ], [ -74.08, 1.98 ], [ -74.09, 1.98 ], [ -74.11, 1.97 ], [ -74.11, 1.98 ], [ -74.11, 1.99 ], [ -74.12, 1.99 ], [ -74.13, 1.99 ], [ -74.14, 1.99 ], [ -74.14, 2.0 ], [ -74.15, 2.0 ], [ -74.15, 1.99 ], [ -74.15, 1.98 ], [ -74.16, 1.98 ], [ -74.17, 1.98 ], [ -74.18, 1.99 ], [ -74.19, 1.98 ], [ -74.19, 1.99 ], [ -74.2, 1.99 ], [ -74.2, 2.0 ], [ -74.22, 2.02 ], [ -74.23, 2.03 ], [ -74.23, 2.05 ], [ -74.24, 2.05 ], [ -74.24, 2.06 ], [ -74.25, 2.06 ], [ -74.31, 2.06 ], [ -74.32, 2.06 ], [ -74.36, 2.06 ], [ -74.37, 2.06 ], [ -74.38, 2.08 ], [ -74.39, 2.08 ], [ -74.4, 2.08 ], [ -74.42, 2.08 ], [ -74.43, 2.08 ], [ -74.43, 2.09 ], [ -74.44, 2.09 ], [ -74.45, 2.09 ], [ -74.46, 2.09 ], [ -74.47, 2.1 ], [ -74.48, 2.1 ], [ -74.48, 2.11 ], [ -74.48, 2.12 ], [ -74.48, 2.13 ], [ -74.48, 2.15 ], [ -74.49, 2.15 ], [ -74.49, 2.14 ], [ -74.5, 2.14 ], [ -74.5, 2.13 ], [ -74.51, 2.13 ], [ -74.51, 2.12 ], [ -74.52, 2.12 ], [ -74.53, 2.11 ], [ -74.54, 2.11 ], [ -74.54, 2.12 ], [ -74.55, 2.12 ], [ -74.55, 2.13 ], [ -74.56, 2.13 ], [ -74.57, 2.12 ], [ -74.57, 2.13 ], [ -74.58, 2.12 ], [ -74.59, 2.13 ], [ -74.59, 2.14 ], [ -74.6, 2.14 ], [ -74.6, 2.15 ], [ -74.6, 2.16 ], [ -74.59, 2.16 ], [ -74.59, 2.17 ], [ -74.59, 2.19 ], [ -74.59, 2.2 ], [ -74.6, 2.2 ], [ -74.61, 2.21 ], [ -74.61, 2.2 ], [ -74.62, 2.2 ], [ -74.63, 2.19 ], [ -74.64, 2.2 ], [ -74.64, 2.21 ], [ -74.65, 2.21 ], [ -74.66, 2.21 ], [ -74.66, 2.23 ], [ -74.65, 2.23 ], [ -74.65, 2.24 ], [ -74.65, 2.25 ], [ -74.66, 2.25 ], [ -74.67, 2.25 ], [ -74.67, 2.26 ], [ -74.68, 2.26 ], [ -74.69, 2.27 ], [ -74.7, 2.27 ], [ -74.7, 2.28 ], [ -74.71, 2.28 ], [ -74.72, 2.27 ], [ -74.73, 2.27 ], [ -74.73, 2.28 ], [ -74.74, 2.28 ], [ -74.74, 2.27 ], [ -74.75, 2.27 ], [ -74.75, 2.28 ], [ -74.74, 2.29 ], [ -74.74, 2.3 ], [ -74.74, 2.31 ], [ -74.74, 2.32 ], [ -74.73, 2.35 ], [ -74.73, 2.36 ], [ -74.72, 2.36 ], [ -74.71, 2.38 ], [ -74.7, 2.39 ], [ -74.69, 2.42 ], [ -74.68, 2.42 ], [ -74.67, 2.43 ], [ -74.67, 2.45 ], [ -74.66, 2.47 ], [ -74.66, 2.49 ], [ -74.65, 2.49 ], [ -74.65, 2.5 ], [ -74.66, 2.51 ], [ -74.67, 2.52 ], [ -74.68, 2.52 ], [ -74.68, 2.53 ], [ -74.68, 2.54 ], [ -74.68, 2.56 ], [ -74.67, 2.57 ], [ -74.65, 2.59 ], [ -74.65, 2.6 ], [ -74.65, 2.61 ], [ -74.63, 2.61 ], [ -74.63, 2.62 ], [ -74.62, 2.63 ], [ -74.61, 2.62 ], [ -74.61, 2.63 ], [ -74.61, 2.64 ], [ -74.6, 2.64 ], [ -74.59, 2.66 ], [ -74.59, 2.67 ], [ -74.6, 2.67 ], [ -74.6, 2.68 ], [ -74.61, 2.68 ], [ -74.62, 2.68 ], [ -74.62, 2.69 ], [ -74.61, 2.69 ], [ -74.62, 2.7 ], [ -74.64, 2.7 ], [ -74.64, 2.71 ], [ -74.63, 2.71 ], [ -74.63, 2.72 ], [ -74.63, 2.74 ], [ -74.62, 2.75 ], [ -74.64, 2.76 ], [ -74.64, 2.77 ], [ -74.65, 2.78 ], [ -74.66, 2.8 ], [ -74.67, 2.8 ], [ -74.67, 2.81 ], [ -74.67, 2.82 ], [ -74.67, 2.83 ], [ -74.66, 2.84 ], [ -74.66, 2.86 ], [ -74.67, 2.86 ], [ -74.67, 2.87 ], [ -74.67, 2.88 ], [ -74.67, 2.89 ], [ -74.69, 2.89 ], [ -74.7, 2.89 ], [ -74.71, 2.89 ], [ -74.72, 2.88 ], [ -74.73, 2.88 ], [ -74.74, 2.88 ], [ -74.75, 2.88 ], [ -74.76, 2.87 ], [ -74.77, 2.87 ], [ -74.78, 2.89 ], [ -74.78, 2.9 ], [ -74.79, 2.91 ], [ -74.79, 2.93 ], [ -74.8, 2.94 ], [ -74.81, 2.93 ], [ -74.82, 2.93 ], [ -74.82, 2.92 ], [ -74.83, 2.92 ], [ -74.83, 2.91 ], [ -74.84, 2.91 ], [ -74.85, 2.92 ], [ -74.85, 2.91 ], [ -74.86, 2.92 ], [ -74.87, 2.92 ], [ -74.88, 2.91 ], [ -74.89, 2.9 ], [ -74.9, 2.89 ], [ -74.91, 2.88 ], [ -74.92, 2.89 ], [ -74.92, 2.9 ], [ -74.93, 2.91 ], [ -74.93, 2.92 ], [ -74.91, 2.93 ], [ -74.9, 2.95 ], [ -74.9, 2.96 ], [ -74.89, 2.97 ], [ -74.88, 2.97 ], [ -74.87, 2.97 ], [ -74.87, 2.98 ], [ -74.87, 2.99 ], [ -74.86, 2.99 ], [ -74.85, 2.99 ], [ -74.84, 3.01 ], [ -74.83, 3.04 ], [ -74.82, 3.04 ], [ -74.82, 3.05 ], [ -74.8, 3.05 ], [ -74.8, 3.06 ], [ -74.79, 3.06 ], [ -74.79, 3.07 ], [ -74.78, 3.08 ], [ -74.77, 3.09 ], [ -74.77, 3.1 ], [ -74.76, 3.11 ], [ -74.75, 3.11 ], [ -74.75, 3.12 ], [ -74.73, 3.14 ], [ -74.73, 3.15 ], [ -74.72, 3.15 ], [ -74.72, 3.16 ], [ -74.71, 3.17 ], [ -74.7, 3.17 ], [ -74.68, 3.18 ], [ -74.67, 3.19 ], [ -74.67, 3.21 ], [ -74.67, 3.22 ], [ -74.67, 3.23 ], [ -74.66, 3.24 ], [ -74.66, 3.25 ], [ -74.65, 3.26 ], [ -74.64, 3.26 ], [ -74.64, 3.27 ], [ -74.64, 3.28 ], [ -74.63, 3.28 ], [ -74.62, 3.29 ], [ -74.63, 3.3 ], [ -74.62, 3.32 ], [ -74.62, 3.33 ], [ -74.63, 3.35 ], [ -74.63, 3.36 ], [ -74.64, 3.37 ], [ -74.62, 3.38 ], [ -74.63, 3.39 ], [ -74.62, 3.39 ], [ -74.61, 3.41 ], [ -74.61, 3.42 ], [ -74.62, 3.43 ], [ -74.61, 3.45 ], [ -74.62, 3.46 ], [ -74.63, 3.47 ], [ -74.61, 3.5 ], [ -74.6, 3.51 ], [ -74.59, 3.52 ], [ -74.59, 3.53 ], [ -74.58, 3.53 ], [ -74.58, 3.52 ], [ -74.57, 3.52 ], [ -74.56, 3.53 ], [ -74.55, 3.55 ], [ -74.54, 3.56 ], [ -74.53, 3.58 ], [ -74.53, 3.59 ], [ -74.52, 3.6 ], [ -74.51, 3.6 ], [ -74.52, 3.61 ], [ -74.51, 3.62 ], [ -74.51, 3.64 ], [ -74.5, 3.65 ], [ -74.49, 3.65 ], [ -74.48, 3.66 ], [ -74.47, 3.66 ], [ -74.46, 3.67 ], [ -74.45, 3.69 ], [ -74.44, 3.69 ], [ -74.44, 3.7 ], [ -74.44, 3.71 ], [ -74.42, 3.71 ], [ -74.42, 3.72 ], [ -74.41, 3.72 ], [ -74.42, 3.73 ], [ -74.42, 3.74 ], [ -74.41, 3.74 ], [ -74.4, 3.74 ], [ -74.39, 3.74 ], [ -74.38, 3.74 ], [ -74.38, 3.73 ], [ -74.37, 3.73 ], [ -74.37, 3.72 ], [ -74.36, 3.72 ], [ -74.35, 3.72 ], [ -74.35, 3.71 ], [ -74.33, 3.72 ], [ -74.31, 3.72 ], [ -74.3, 3.72 ], [ -74.28, 3.72 ], [ -74.26, 3.74 ], [ -74.25, 3.75 ], [ -74.24, 3.76 ], [ -74.23, 3.76 ], [ -74.23, 3.77 ], [ -74.22, 3.77 ], [ -74.22, 3.76 ], [ -74.22, 3.75 ], [ -74.22, 3.74 ], [ -74.22, 3.73 ], [ -74.23, 3.72 ], [ -74.23, 3.71 ], [ -74.24, 3.71 ], [ -74.24, 3.69 ], [ -74.24, 3.68 ], [ -74.24, 3.67 ], [ -74.25, 3.67 ], [ -74.25, 3.66 ], [ -74.25, 3.65 ], [ -74.25, 3.64 ], [ -74.24, 3.64 ], [ -74.23, 3.64 ], [ -74.24, 3.63 ], [ -74.23, 3.62 ], [ -74.24, 3.62 ], [ -74.24, 3.61 ], [ -74.24, 3.6 ], [ -74.24, 3.59 ], [ -74.23, 3.57 ], [ -74.23, 3.56 ], [ -74.23, 3.55 ], [ -74.23, 3.54 ], [ -74.23, 3.53 ], [ -74.22, 3.53 ], [ -74.21, 3.53 ], [ -74.2, 3.54 ], [ -74.19, 3.54 ], [ -74.19, 3.56 ], [ -74.18, 3.56 ], [ -74.17, 3.56 ], [ -74.16, 3.56 ], [ -74.14, 3.56 ], [ -74.13, 3.55 ], [ -74.14, 3.54 ], [ -74.14, 3.53 ], [ -74.13, 3.52 ], [ -74.13, 3.51 ], [ -74.12, 3.5 ], [ -74.13, 3.48 ], [ -74.12, 3.47 ], [ -74.11, 3.47 ], [ -74.09, 3.48 ], [ -74.08, 3.47 ], [ -74.07, 3.47 ], [ -74.07, 3.46 ], [ -74.06, 3.46 ], [ -74.05, 3.45 ], [ -74.05, 3.46 ], [ -74.03, 3.45 ], [ -74.02, 3.43 ], [ -74.01, 3.41 ], [ -74.01, 3.4 ], [ -74.01, 3.39 ], [ -74.01, 3.37 ], [ -74.0, 3.37 ], [ -74.0, 3.36 ], [ -74.0, 3.35 ], [ -73.99, 3.35 ], [ -73.98, 3.35 ], [ -73.97, 3.35 ], [ -73.97, 3.34 ], [ -73.96, 3.34 ], [ -73.96, 3.33 ], [ -73.97, 3.32 ], [ -73.97, 3.31 ], [ -73.98, 3.3 ], [ -73.98, 3.29 ], [ -73.98, 3.28 ], [ -73.97, 3.27 ], [ -73.99, 3.25 ], [ -73.99, 3.24 ], [ -73.98, 3.24 ], [ -73.98, 3.23 ], [ -73.99, 3.22 ], [ -74.0, 3.21 ], [ -74.01, 3.21 ], [ -74.01, 3.22 ], [ -74.01, 3.23 ], [ -74.01, 3.24 ], [ -74.02, 3.24 ], [ -74.03, 3.24 ], [ -74.04, 3.24 ], [ -74.06, 3.22 ], [ -74.0, 3.04 ], [ -74.03, 3.13 ], [ -74.01, 3.14 ], [ -74.0, 3.14 ], [ -73.99, 3.14 ], [ -73.97, 3.15 ], [ -73.97, 3.16 ], [ -73.97, 3.17 ], [ -73.94, 3.17 ], [ -73.93, 3.18 ], [ -73.92, 3.18 ], [ -73.91, 3.18 ], [ -73.9, 3.19 ], [ -73.9, 3.2 ], [ -73.89, 3.2 ], [ -73.88, 3.2 ], [ -73.88, 3.21 ], [ -73.87, 3.21 ], [ -73.86, 3.21 ], [ -73.85, 3.21 ], [ -73.81, 3.25 ], [ -73.8, 3.24 ], [ -73.78, 3.22 ], [ -73.78, 3.21 ], [ -73.77, 3.21 ], [ -73.77, 3.2 ], [ -73.76, 3.2 ], [ -73.75, 3.2 ], [ -73.73, 3.19 ], [ -73.72, 3.19 ], [ -73.71, 3.18 ], [ -73.69, 3.17 ], [ -73.68, 3.18 ], [ -73.67, 3.17 ], [ -73.66, 3.17 ], [ -73.66, 3.18 ], [ -73.65, 3.18 ], [ -73.65, 3.17 ], [ -73.64, 3.17 ], [ -73.63, 3.17 ], [ -73.63, 3.16 ], [ -73.62, 3.17 ], [ -73.61, 3.16 ], [ -73.6, 3.16 ], [ -73.59, 3.16 ], [ -73.59, 3.15 ], [ -73.58, 3.15 ], [ -73.57, 3.15 ], [ -73.57, 3.14 ], [ -73.56, 3.14 ], [ -73.56, 3.15 ], [ -73.56, 3.16 ], [ -73.55, 3.15 ], [ -73.54, 3.15 ], [ -73.53, 3.15 ], [ -73.53, 3.14 ], [ -73.52, 3.14 ], [ -73.51, 3.14 ], [ -73.51, 3.13 ], [ -73.5, 3.13 ], [ -73.49, 3.12 ], [ -73.52, 3.09 ], [ -73.48, 3.12 ], [ -73.47, 3.12 ], [ -73.47, 3.14 ], [ -73.47, 3.15 ], [ -73.46, 3.15 ], [ -73.46, 3.16 ], [ -73.48, 3.17 ], [ -73.48, 3.18 ], [ -73.49, 3.18 ], [ -73.5, 3.18 ], [ -73.5, 3.19 ], [ -73.51, 3.19 ], [ -73.53, 3.19 ], [ -73.54, 3.2 ], [ -73.54, 3.22 ], [ -73.54, 3.23 ], [ -73.55, 3.23 ], [ -73.55, 3.24 ], [ -73.55, 3.25 ], [ -73.55, 3.27 ], [ -73.56, 3.27 ], [ -73.57, 3.27 ], [ -73.57, 3.28 ], [ -73.58, 3.28 ], [ -73.59, 3.28 ], [ -73.6, 3.29 ], [ -73.6, 3.3 ], [ -73.59, 3.3 ], [ -73.57, 3.3 ], [ -73.56, 3.3 ], [ -73.54, 3.3 ], [ -73.53, 3.29 ], [ -73.53, 3.3 ], [ -73.52, 3.31 ], [ -73.5, 3.31 ], [ -73.5, 3.32 ], [ -73.49, 3.32 ], [ -73.48, 3.32 ], [ -73.47, 3.32 ], [ -73.47, 3.31 ], [ -73.46, 3.31 ], [ -73.46, 3.3 ], [ -73.45, 3.3 ], [ -73.44, 3.3 ], [ -73.44, 3.31 ], [ -73.43, 3.31 ], [ -73.42, 3.35 ], [ -73.42, 3.37 ], [ -73.41, 3.38 ], [ -73.41, 3.39 ], [ -73.41, 3.41 ], [ -73.41, 3.42 ], [ -73.4, 3.43 ], [ -73.39, 3.44 ], [ -73.38, 3.44 ], [ -73.38, 3.45 ], [ -73.38, 3.46 ], [ -73.38, 3.47 ], [ -73.38, 3.48 ], [ -73.37, 3.48 ], [ -73.36, 3.49 ], [ -73.36, 3.5 ], [ -73.35, 3.5 ], [ -73.34, 3.5 ], [ -73.34, 3.49 ], [ -73.33, 3.48 ], [ -73.32, 3.48 ], [ -73.31, 3.48 ], [ -73.3, 3.48 ], [ -73.29, 3.47 ], [ -73.28, 3.47 ], [ -73.27, 3.45 ], [ -73.26, 3.44 ], [ -73.25, 3.44 ], [ -73.25, 3.43 ], [ -73.24, 3.43 ], [ -73.24, 3.42 ], [ -73.23, 3.42 ], [ -73.23, 3.41 ], [ -73.22, 3.41 ], [ -73.22, 3.4 ], [ -73.22, 3.39 ], [ -73.22, 3.38 ], [ -73.21, 3.38 ], [ -73.21, 3.37 ], [ -73.21, 3.36 ], [ -73.2, 3.36 ], [ -73.19, 3.36 ], [ -73.18, 3.36 ], [ -73.18, 3.35 ], [ -73.17, 3.35 ], [ -73.16, 3.35 ], [ -73.15, 3.34 ], [ -73.14, 3.34 ], [ -73.13, 3.34 ], [ -73.12, 3.34 ], [ -73.12, 3.33 ], [ -73.12, 3.32 ], [ -73.11, 3.31 ], [ -73.1, 3.31 ], [ -73.09, 3.31 ], [ -73.09, 3.3 ], [ -73.09, 3.29 ], [ -73.09, 3.28 ], [ -73.08, 3.28 ], [ -73.07, 3.28 ], [ -73.07, 3.29 ], [ -73.06, 3.28 ], [ -73.06, 3.27 ], [ -73.05, 3.27 ], [ -73.05, 3.26 ], [ -73.04, 3.27 ], [ -73.03, 3.27 ], [ -73.02, 3.27 ], [ -73.02, 3.26 ], [ -73.01, 3.26 ], [ -73.0, 3.26 ], [ -72.99, 3.26 ], [ -72.99, 3.25 ], [ -72.99, 3.24 ], [ -72.98, 3.24 ], [ -72.98, 3.25 ], [ -72.97, 3.25 ], [ -72.96, 3.25 ], [ -72.95, 3.25 ], [ -72.95, 3.26 ], [ -72.94, 3.26 ], [ -72.93, 3.26 ], [ -72.93, 3.25 ], [ -72.92, 3.25 ], [ -72.92, 3.26 ], [ -72.91, 3.26 ], [ -72.9, 3.26 ], [ -72.89, 3.26 ], [ -72.89, 3.27 ], [ -72.88, 3.27 ], [ -72.87, 3.27 ], [ -72.87, 3.26 ], [ -72.86, 3.26 ], [ -72.86, 3.27 ], [ -72.85, 3.27 ], [ -72.85, 3.26 ], [ -72.84, 3.26 ], [ -72.84, 3.27 ], [ -72.83, 3.27 ], [ -72.83, 3.26 ], [ -72.82, 3.26 ], [ -72.81, 3.26 ], [ -72.8, 3.26 ], [ -72.79, 3.26 ], [ -72.79, 3.27 ], [ -72.78, 3.27 ], [ -72.78, 3.28 ], [ -72.77, 3.28 ], [ -72.76, 3.27 ], [ -72.75, 3.27 ], [ -72.75, 3.26 ], [ -72.74, 3.26 ], [ -72.74, 3.27 ], [ -72.73, 3.27 ], [ -72.72, 3.27 ], [ -72.71, 3.28 ], [ -72.7, 3.28 ], [ -72.71, 3.29 ], [ -72.7, 3.3 ], [ -72.69, 3.3 ], [ -72.69, 3.29 ], [ -72.68, 3.29 ], [ -72.67, 3.29 ], [ -72.67, 3.3 ], [ -72.66, 3.3 ], [ -72.65, 3.3 ], [ -72.65, 3.31 ], [ -72.64, 3.31 ], [ -72.64, 3.32 ], [ -72.64, 3.33 ], [ -72.63, 3.32 ], [ -72.62, 3.33 ], [ -72.61, 3.33 ], [ -72.6, 3.33 ], [ -72.6, 3.34 ], [ -72.59, 3.35 ], [ -72.59, 3.34 ], [ -72.59, 3.33 ], [ -72.58, 3.33 ], [ -72.58, 3.32 ], [ -72.57, 3.32 ], [ -72.57, 3.33 ], [ -72.56, 3.33 ], [ -72.56, 3.32 ], [ -72.55, 3.32 ], [ -72.55, 3.33 ], [ -72.54, 3.33 ], [ -72.54, 3.32 ], [ -72.53, 3.32 ], [ -72.53, 3.33 ], [ -72.53, 3.34 ], [ -72.52, 3.33 ], [ -72.51, 3.33 ], [ -72.5, 3.33 ], [ -72.5, 3.34 ], [ -72.5, 3.35 ], [ -72.49, 3.35 ], [ -72.48, 3.35 ], [ -72.48, 3.36 ], [ -72.47, 3.36 ], [ -72.47, 3.37 ], [ -72.46, 3.37 ], [ -72.45, 3.37 ], [ -72.45, 3.38 ], [ -72.44, 3.38 ], [ -72.43, 3.38 ], [ -72.43, 3.39 ], [ -72.44, 3.39 ], [ -72.43, 3.4 ], [ -72.43, 3.41 ], [ -72.43, 3.42 ], [ -72.42, 3.41 ], [ -72.41, 3.41 ], [ -72.41, 3.43 ], [ -72.4, 3.43 ], [ -72.4, 3.42 ], [ -72.4, 3.41 ], [ -72.39, 3.41 ], [ -72.38, 3.41 ], [ -72.38, 3.4 ], [ -72.38, 3.39 ], [ -72.37, 3.39 ], [ -72.37, 3.38 ], [ -72.36, 3.38 ], [ -72.36, 3.37 ], [ -72.35, 3.37 ], [ -72.34, 3.37 ], [ -72.33, 3.37 ], [ -72.32, 3.37 ], [ -72.32, 3.36 ], [ -72.31, 3.36 ], [ -72.31, 3.37 ], [ -72.3, 3.37 ], [ -72.3, 3.36 ], [ -72.29, 3.36 ], [ -72.29, 3.37 ], [ -72.28, 3.37 ], [ -72.27, 3.37 ], [ -72.27, 3.36 ], [ -72.26, 3.36 ], [ -72.25, 3.36 ], [ -72.25, 3.37 ], [ -72.24, 3.37 ], [ -72.24, 3.36 ], [ -72.23, 3.36 ], [ -72.22, 3.35 ], [ -72.21, 3.35 ], [ -72.21, 3.34 ], [ -72.2, 3.34 ], [ -72.21, 3.33 ], [ -72.2, 3.32 ], [ -72.2, 3.31 ], [ -72.2, 3.3 ], [ -72.19, 3.29 ], [ -72.2, 3.29 ], [ -72.2, 3.28 ], [ -72.19, 3.28 ], [ -72.18, 3.27 ], [ -72.16, 3.28 ], [ -72.15, 3.28 ], [ -72.14, 3.3 ], [ -72.13, 3.3 ], [ -72.12, 3.3 ], [ -72.11, 3.31 ], [ -72.1, 3.31 ], [ -72.09, 3.31 ], [ -72.08, 3.31 ], [ -72.07, 3.31 ], [ -72.07, 3.32 ], [ -72.07, 3.33 ], [ -72.05, 3.33 ], [ -72.05, 3.34 ], [ -72.04, 3.35 ], [ -72.03, 3.34 ], [ -72.02, 3.35 ], [ -72.02, 3.36 ], [ -72.01, 3.36 ], [ -72.0, 3.36 ], [ -71.99, 3.37 ], [ -71.98, 3.37 ], [ -71.97, 3.37 ], [ -71.96, 3.38 ], [ -71.96, 3.39 ], [ -71.95, 3.39 ], [ -71.94, 3.39 ], [ -71.93, 3.39 ], [ -71.92, 3.39 ], [ -71.91, 3.39 ], [ -71.91, 3.4 ], [ -71.9, 3.4 ], [ -71.89, 3.41 ], [ -71.89, 3.4 ], [ -71.88, 3.4 ], [ -71.88, 3.41 ], [ -71.87, 3.4 ], [ -71.86, 3.4 ], [ -71.86, 3.41 ], [ -71.85, 3.41 ], [ -71.84, 3.41 ], [ -71.84, 3.4 ], [ -71.83, 3.4 ], [ -71.83, 3.39 ], [ -71.82, 3.39 ], [ -71.82, 3.4 ], [ -71.81, 3.39 ], [ -71.8, 3.4 ], [ -71.8, 3.41 ], [ -71.79, 3.41 ], [ -71.78, 3.42 ], [ -71.78, 3.43 ], [ -71.77, 3.43 ], [ -71.77, 3.42 ], [ -71.76, 3.42 ], [ -71.75, 3.42 ], [ -71.75, 3.43 ], [ -71.74, 3.43 ], [ -71.73, 3.43 ], [ -71.73, 3.44 ], [ -71.72, 3.45 ], [ -71.71, 3.45 ], [ -71.7, 3.45 ], [ -71.7, 3.46 ], [ -71.69, 3.46 ], [ -71.69, 3.47 ], [ -71.68, 3.47 ], [ -71.67, 3.47 ], [ -71.66, 3.47 ], [ -71.66, 3.48 ], [ -71.65, 3.48 ], [ -71.65, 3.49 ], [ -71.64, 3.49 ], [ -71.64, 3.48 ], [ -71.63, 3.48 ], [ -71.62, 3.47 ], [ -71.61, 3.48 ], [ -71.61, 3.47 ], [ -71.6, 3.48 ], [ -71.59, 3.48 ], [ -71.58, 3.48 ], [ -71.57, 3.48 ], [ -71.57, 3.47 ], [ -71.56, 3.47 ], [ -71.55, 3.47 ], [ -71.55, 3.46 ], [ -71.54, 3.46 ], [ -71.53, 3.46 ], [ -71.53, 3.45 ], [ -71.52, 3.45 ], [ -71.51, 3.45 ], [ -71.5, 3.45 ], [ -71.5, 3.46 ], [ -71.49, 3.46 ], [ -71.49, 3.47 ], [ -71.48, 3.46 ], [ -71.47, 3.46 ], [ -71.47, 3.47 ], [ -71.46, 3.47 ], [ -71.45, 3.47 ], [ -71.45, 3.48 ], [ -71.44, 3.48 ], [ -71.43, 3.48 ], [ -71.42, 3.48 ], [ -71.41, 3.48 ], [ -71.4, 3.48 ], [ -71.39, 3.48 ], [ -71.38, 3.48 ], [ -71.37, 3.48 ], [ -71.36, 3.48 ], [ -71.35, 3.48 ], [ -71.34, 3.48 ], [ -71.34, 3.47 ], [ -71.33, 3.47 ], [ -71.33, 3.48 ], [ -71.32, 3.48 ], [ -71.32, 3.47 ], [ -71.32, 3.46 ], [ -71.31, 3.46 ], [ -71.31, 3.45 ], [ -71.3, 3.45 ], [ -71.29, 3.45 ], [ -71.28, 3.44 ], [ -71.26, 3.45 ], [ -71.25, 3.45 ], [ -71.25, 3.46 ], [ -71.25, 3.47 ], [ -71.24, 3.47 ], [ -71.24, 3.46 ], [ -71.23, 3.46 ], [ -71.22, 3.46 ], [ -71.21, 3.46 ], [ -71.2, 3.45 ], [ -71.2, 3.46 ], [ -71.19, 3.46 ], [ -71.19, 3.45 ], [ -71.18, 3.45 ], [ -71.18, 3.44 ], [ -71.17, 3.44 ], [ -71.16, 3.44 ], [ -71.16, 3.43 ], [ -71.17, 3.42 ], [ -71.16, 3.42 ], [ -71.16, 3.41 ], [ -71.15, 3.41 ], [ -71.15, 3.4 ], [ -71.14, 3.4 ], [ -71.14, 3.39 ], [ -71.13, 3.39 ], [ -71.12, 3.39 ], [ -71.11, 3.39 ], [ -71.1, 3.39 ], [ -71.1, 3.38 ], [ -71.09, 3.38 ], [ -71.09, 3.37 ], [ -71.09, 3.36 ], [ -71.08, 3.36 ], [ -71.08, 2.88 ], [ -71.07, 2.87 ], [ -71.06, 2.86 ], [ -71.06, 2.85 ], [ -71.03, 2.85 ], [ -71.02, 2.85 ], [ -71.02, 2.86 ], [ -71.01, 2.86 ], [ -71.01, 2.85 ], [ -71.0, 2.84 ], [ -70.99, 2.83 ], [ -70.98, 2.83 ], [ -70.96, 2.84 ], [ -70.95, 2.84 ], [ -70.95, 2.83 ], [ -70.95, 2.82 ], [ -70.96, 2.8 ], [ -70.95, 2.79 ], [ -70.94, 2.79 ], [ -70.93, 2.79 ], [ -70.93, 2.82 ], [ -70.94, 2.83 ], [ -70.94, 2.84 ], [ -70.94, 2.85 ], [ -70.94, 2.86 ], [ -70.93, 2.86 ], [ -70.91, 2.85 ], [ -70.9, 2.81 ], [ -70.89, 2.8 ], [ -70.88, 2.79 ], [ -70.87, 2.79 ], [ -70.87, 2.78 ], [ -70.86, 2.78 ], [ -70.85, 2.8 ], [ -70.84, 2.8 ], [ -70.82, 2.81 ], [ -70.81, 2.81 ], [ -70.8, 2.8 ], [ -70.8, 2.79 ], [ -70.79, 2.78 ], [ -70.8, 2.78 ], [ -70.81, 2.77 ], [ -70.81, 2.76 ], [ -70.8, 2.76 ], [ -70.78, 2.77 ], [ -70.76, 2.77 ], [ -70.75, 2.77 ], [ -70.74, 2.78 ], [ -70.73, 2.79 ], [ -70.72, 2.8 ], [ -70.72, 2.79 ], [ -70.72, 2.78 ], [ -70.72, 2.75 ], [ -70.72, 2.74 ], [ -70.71, 2.74 ], [ -70.7, 2.74 ], [ -70.69, 2.76 ], [ -70.68, 2.78 ], [ -70.66, 2.78 ], [ -70.65, 2.79 ], [ -70.64, 2.8 ], [ -70.64, 2.82 ], [ -70.65, 2.83 ], [ -70.66, 2.84 ], [ -70.66, 2.85 ], [ -70.66, 2.86 ], [ -70.64, 2.85 ], [ -70.63, 2.83 ], [ -70.63, 2.81 ], [ -70.63, 2.8 ], [ -70.62, 2.79 ], [ -70.61, 2.8 ], [ -70.6, 2.84 ], [ -70.59, 2.84 ], [ -70.57, 2.83 ], [ -70.55, 2.82 ], [ -70.53, 2.81 ], [ -70.51, 2.79 ], [ -70.94, 2.61 ], [ -70.93, 2.59 ], [ -70.93, 2.57 ], [ -70.92, 2.57 ], [ -70.92, 2.56 ], [ -70.91, 2.56 ], [ -70.9, 2.56 ], [ -70.89, 2.56 ], [ -70.88, 2.56 ], [ -70.87, 2.57 ], [ -70.86, 2.57 ], [ -70.85, 2.57 ], [ -70.85, 2.56 ], [ -70.84, 2.56 ], [ -70.83, 2.54 ], [ -70.83, 2.53 ], [ -70.82, 2.53 ], [ -70.81, 2.53 ], [ -70.8, 2.53 ], [ -70.79, 2.52 ], [ -70.78, 2.53 ], [ -70.77, 2.54 ], [ -70.76, 2.54 ], [ -70.75, 2.54 ], [ -70.75, 2.53 ], [ -70.74, 2.52 ], [ -70.75, 2.5 ], [ -70.74, 2.5 ], [ -70.73, 2.49 ], [ -70.73, 2.48 ], [ -70.72, 2.48 ], [ -70.71, 2.47 ], [ -70.7, 2.47 ], [ -70.7, 2.46 ], [ -70.7, 2.45 ], [ -70.69, 2.44 ], [ -70.68, 2.44 ], [ -70.68, 2.43 ], [ -70.68, 2.42 ], [ -70.68, 2.41 ], [ -70.67, 2.41 ], [ -70.67, 2.4 ], [ -70.67, 2.39 ], [ -70.66, 2.39 ], [ -70.66, 2.38 ], [ -70.65, 2.38 ], [ -70.65, 2.37 ], [ -70.65, 2.36 ], [ -70.64, 2.36 ], [ -70.64, 2.35 ], [ -70.64, 2.34 ], [ -70.63, 2.33 ], [ -70.63, 2.32 ], [ -70.63, 2.31 ], [ -70.62, 2.31 ], [ -70.61, 2.31 ], [ -70.61, 2.3 ], [ -70.6, 2.29 ], [ -70.59, 2.29 ], [ -70.58, 2.29 ], [ -70.57, 2.29 ], [ -70.56, 2.29 ], [ -70.55, 2.29 ], [ -70.55, 2.28 ], [ -70.54, 2.28 ], [ -70.54, 2.27 ], [ -70.53, 2.27 ], [ -70.52, 2.27 ], [ -70.52, 2.28 ], [ -70.51, 2.28 ], [ -70.51, 2.27 ], [ -70.51, 2.26 ], [ -70.51, 2.25 ], [ -70.5, 2.23 ], [ -70.48, 2.23 ], [ -70.47, 2.24 ], [ -70.46, 2.23 ], [ -70.46, 2.24 ], [ -70.46, 2.25 ], [ -70.46, 2.26 ], [ -70.44, 2.26 ], [ -70.43, 2.27 ], [ -70.42, 2.27 ], [ -70.42, 2.26 ], [ -70.41, 2.26 ], [ -70.4, 2.26 ], [ -70.4, 2.27 ], [ -70.39, 2.27 ], [ -70.39, 2.26 ], [ -70.39, 2.25 ], [ -70.38, 2.25 ], [ -70.37, 2.24 ], [ -70.36, 2.24 ], [ -70.35, 2.25 ], [ -70.34, 2.25 ], [ -70.34, 2.23 ], [ -70.33, 2.23 ], [ -70.32, 2.22 ], [ -70.31, 2.21 ], [ -70.3, 2.22 ], [ -70.29, 2.22 ], [ -70.29, 2.23 ], [ -70.3, 2.24 ], [ -70.3, 2.25 ], [ -70.28, 2.24 ], [ -70.27, 2.24 ], [ -70.27, 2.25 ], [ -70.26, 2.25 ], [ -70.26, 2.26 ], [ -70.25, 2.26 ], [ -70.24, 2.26 ], [ -70.24, 2.25 ], [ -70.25, 2.25 ], [ -70.25, 2.24 ], [ -70.23, 2.24 ], [ -70.23, 2.25 ], [ -70.21, 2.23 ], [ -70.2, 2.24 ], [ -70.2, 2.23 ], [ -70.19, 2.23 ], [ -70.18, 2.24 ], [ -70.17, 2.24 ], [ -70.16, 2.24 ], [ -70.16, 2.26 ], [ -70.15, 2.26 ], [ -70.15, 2.27 ], [ -70.15, 2.28 ], [ -70.14, 2.28 ], [ -70.12, 2.26 ], [ -70.11, 2.27 ], [ -70.1, 2.26 ], [ -70.09, 2.27 ], [ -70.09, 2.26 ], [ -70.08, 2.27 ], [ -70.07, 2.28 ], [ -70.07, 2.29 ], [ -70.06, 2.3 ], [ -70.06, 2.29 ], [ -70.05, 2.29 ], [ -70.05, 2.28 ], [ -70.04, 2.27 ], [ -70.03, 2.27 ], [ -70.03, 2.26 ], [ -70.02, 2.26 ], [ -70.02, 2.25 ], [ -70.03, 2.25 ], [ -70.02, 2.24 ], [ -70.02, 2.23 ], [ -70.01, 2.23 ], [ -70.0, 2.22 ], [ -70.0, 2.21 ], [ -70.0, 2.2 ], [ -70.01, 2.2 ], [ -70.01, 2.19 ], [ -70.01, 2.18 ], [ -70.02, 2.18 ], [ -70.03, 2.18 ], [ -70.03, 2.17 ], [ -70.03, 2.16 ], [ -70.04, 2.16 ], [ -70.05, 2.16 ], [ -70.06, 2.15 ], [ -70.07, 2.14 ], [ -70.08, 2.14 ], [ -70.08, 2.13 ], [ -70.09, 2.13 ], [ -70.1, 2.13 ], [ -70.1, 2.12 ], [ -70.11, 2.12 ], [ -70.11, 2.11 ], [ -70.11, 2.1 ], [ -70.1, 2.09 ], [ -70.11, 2.09 ], [ -70.11, 2.08 ], [ -70.12, 2.08 ], [ -70.13, 2.07 ], [ -70.14, 2.07 ], [ -70.14, 2.06 ], [ -70.15, 2.06 ], [ -70.16, 2.06 ], [ -70.16, 2.05 ], [ -70.17, 2.04 ], [ -70.18, 2.04 ], [ -70.18, 2.03 ], [ -70.19, 2.03 ], [ -70.19, 2.02 ], [ -70.2, 2.02 ], [ -70.21, 2.02 ], [ -70.22, 2.02 ], [ -70.22, 2.03 ], [ -70.23, 2.03 ], [ -70.24, 2.03 ], [ -70.24, 2.02 ], [ -70.25, 2.02 ], [ -70.26, 2.02 ], [ -70.27, 2.02 ], [ -70.28, 2.02 ], [ -70.28, 2.01 ], [ -70.29, 2.01 ], [ -70.3, 2.01 ], [ -70.31, 2.01 ], [ -70.32, 2.01 ], [ -70.32, 2.0 ], [ -70.33, 2.0 ], [ -70.34, 2.0 ], [ -70.34, 1.99 ], [ -70.35, 1.99 ], [ -70.36, 1.99 ], [ -70.36, 2.0 ], [ -70.37, 2.0 ], [ -70.38, 2.0 ], [ -70.38, 1.99 ], [ -70.39, 1.99 ], [ -70.39, 2.0 ], [ -70.4, 2.0 ], [ -70.41, 1.99 ], [ -70.42, 1.99 ], [ -70.43, 1.99 ], [ -70.43, 2.0 ], [ -70.44, 1.99 ], [ -70.45, 1.99 ], [ -70.46, 1.99 ], [ -70.46, 1.98 ], [ -70.46, 1.97 ], [ -70.46, 1.96 ], [ -70.47, 1.97 ], [ -70.48, 1.97 ], [ -70.48, 1.96 ], [ -70.48, 1.95 ], [ -70.49, 1.95 ], [ -70.5, 1.95 ], [ -70.5, 1.94 ], [ -70.51, 1.94 ], [ -70.51, 1.95 ], [ -70.51, 1.96 ], [ -70.52, 1.95 ], [ -70.53, 1.95 ], [ -70.54, 1.95 ], [ -70.55, 1.95 ], [ -70.55, 1.94 ], [ -70.56, 1.94 ], [ -70.57, 1.93 ], [ -70.58, 1.93 ], [ -70.58, 1.94 ], [ -70.59, 1.94 ], [ -70.6, 1.94 ], [ -70.6, 1.93 ], [ -70.61, 1.92 ], [ -70.61, 1.93 ], [ -70.62, 1.93 ], [ -70.62, 1.92 ], [ -70.63, 1.92 ], [ -70.64, 1.91 ], [ -70.65, 1.91 ], [ -70.66, 1.91 ], [ -70.67, 1.9 ], [ -70.68, 1.91 ], [ -70.68, 1.9 ], [ -70.69, 1.9 ], [ -70.69, 1.91 ], [ -70.7, 1.91 ], [ -70.71, 1.91 ], [ -70.71, 1.92 ], [ -70.72, 1.92 ], [ -70.73, 1.92 ], [ -70.74, 1.92 ], [ -70.74, 1.91 ], [ -70.75, 1.91 ], [ -70.76, 1.91 ], [ -70.76, 1.92 ], [ -70.77, 1.92 ], [ -70.78, 1.92 ], [ -70.78, 1.91 ], [ -70.8, 1.92 ], [ -70.8, 1.91 ], [ -70.81, 1.91 ], [ -70.82, 1.91 ], [ -70.83, 1.91 ], [ -70.84, 1.91 ], [ -70.85, 1.92 ], [ -70.85, 1.91 ], [ -70.86, 1.91 ], [ -70.87, 1.91 ], [ -70.87, 1.92 ], [ -70.88, 1.92 ], [ -70.89, 1.92 ], [ -70.89, 1.91 ], [ -70.9, 1.91 ], [ -70.9, 1.9 ], [ -70.91, 1.9 ], [ -70.91, 1.89 ], [ -70.92, 1.89 ], [ -70.92, 1.88 ], [ -70.92, 1.87 ], [ -70.93, 1.87 ], [ -70.94, 1.87 ], [ -70.94, 1.86 ], [ -70.95, 1.86 ], [ -70.96, 1.85 ], [ -70.96, 1.84 ], [ -70.97, 1.84 ], [ -70.98, 1.84 ], [ -70.98, 1.83 ], [ -70.99, 1.83 ], [ -70.99, 1.82 ], [ -71.0, 1.82 ], [ -71.01, 1.82 ], [ -71.02, 1.82 ], [ -71.02, 1.81 ], [ -71.04, 1.81 ], [ -71.05, 1.81 ], [ -71.05, 1.8 ], [ -71.06, 1.8 ], [ -71.07, 1.81 ], [ -71.08, 1.8 ], [ -71.09, 1.8 ], [ -71.09, 1.79 ], [ -71.09, 1.78 ], [ -71.1, 1.78 ], [ -71.11, 1.78 ], [ -71.12, 1.78 ], [ -71.13, 1.78 ], [ -71.13, 1.77 ], [ -71.14, 1.77 ], [ -71.14, 1.76 ], [ -71.15, 1.76 ], [ -71.16, 1.76 ], [ -71.17, 1.76 ], [ -71.17, 1.75 ], [ -71.2, 1.73 ], [ -71.2, 1.72 ], [ -71.21, 1.71 ], [ -71.21, 1.7 ], [ -71.22, 1.7 ], [ -71.23, 1.69 ], [ -71.24, 1.68 ], [ -71.25, 1.67 ], [ -71.26, 1.67 ], [ -71.27, 1.68 ], [ -71.28, 1.68 ], [ -71.29, 1.69 ], [ -71.3, 1.7 ], [ -71.31, 1.7 ], [ -71.31, 1.71 ], [ -71.32, 1.71 ], [ -71.33, 1.71 ], [ -71.34, 1.72 ], [ -71.35, 1.73 ], [ -71.36, 1.73 ], [ -71.37, 1.73 ], [ -71.37, 1.74 ], [ -71.38, 1.73 ], [ -71.39, 1.73 ], [ -71.396923076923073, 1.733076923076924 ], [ -71.4, 1.73 ], [ -71.4, 1.72 ], [ -71.4, 1.67 ], [ -71.39, 1.66 ], [ -71.39, 1.65 ], [ -71.4, 1.63 ], [ -71.39, 1.62 ], [ -71.39, 1.61 ], [ -71.39, 1.6 ], [ -71.41, 1.57 ], [ -71.42, 1.57 ], [ -71.43, 1.56 ], [ -71.44, 1.55 ], [ -71.44, 1.53 ], [ -71.44, 1.51 ], [ -71.45, 1.5 ], [ -71.45, 1.49 ], [ -71.46, 1.46 ], [ -71.48, 1.45 ], [ -71.48, 1.44 ], [ -71.48, 1.43 ], [ -71.48, 1.42 ], [ -71.48, 1.41 ], [ -71.48, 1.4 ], [ -71.48, 1.39 ], [ -71.49, 1.39 ], [ -71.49, 1.38 ], [ -71.49, 1.37 ], [ -71.49, 1.36 ], [ -71.5, 1.36 ], [ -71.51, 1.35 ], [ -71.5, 1.35 ], [ -71.5, 1.34 ], [ -71.51, 1.34 ], [ -71.51, 1.33 ], [ -71.52, 1.32 ], [ -71.52, 1.31 ], [ -71.52, 1.3 ], [ -71.52, 1.29 ], [ -71.53, 1.29 ], [ -71.53, 1.28 ], [ -71.54, 1.27 ], [ -71.55, 1.28 ], [ -71.55, 1.27 ], [ -71.55, 1.26 ], [ -71.54, 1.26 ], [ -71.54, 1.25 ], [ -71.54, 1.24 ], [ -71.54, 1.23 ], [ -71.54, 1.22 ], [ -71.55, 1.22 ], [ -71.55, 1.21 ], [ -71.54, 1.21 ], [ -71.53, 1.21 ], [ -71.53, 1.2 ], [ -71.53, 1.19 ], [ -71.53, 1.18 ], [ -71.52, 1.18 ], [ -71.52, 1.17 ], [ -71.52, 1.16 ], [ -71.51, 1.16 ], [ -71.51, 1.15 ], [ -71.51, 1.14 ], [ -71.5, 1.13 ], [ -71.49, 1.13 ], [ -71.49, 1.12 ], [ -71.48, 1.11 ], [ -71.49, 1.11 ], [ -71.5, 1.1 ], [ -71.52, 1.11 ], [ -71.54, 1.12 ], [ -71.54, 1.11 ], [ -71.55, 1.11 ], [ -71.56, 1.13 ], [ -71.57, 1.13 ], [ -71.58, 1.13 ], [ -71.58, 1.12 ], [ -71.57, 1.12 ], [ -71.58, 1.11 ], [ -71.58, 1.1 ], [ -71.57, 1.1 ], [ -71.57, 1.09 ], [ -71.58, 1.09 ], [ -71.58, 1.08 ], [ -71.58, 1.07 ], [ -71.58, 1.06 ], [ -71.59, 1.06 ], [ -71.59, 1.05 ], [ -71.6, 1.05 ], [ -71.6, 1.04 ], [ -71.61, 1.04 ], [ -71.62, 1.04 ], [ -71.62, 1.02 ], [ -71.63, 1.02 ], [ -71.63, 1.01 ], [ -71.64, 1.01 ], [ -71.64, 1.0 ], [ -71.64, 0.99 ], [ -71.65, 0.99 ], [ -71.65, 0.98 ], [ -71.66, 0.98 ], [ -71.67, 0.97 ], [ -71.68, 0.97 ], [ -71.69, 0.97 ], [ -71.69, 0.98 ], [ -71.7, 0.98 ], [ -71.71, 0.98 ], [ -71.71, 0.99 ], [ -71.72, 0.98 ], [ -71.74, 0.98 ], [ -71.75, 0.97 ], [ -71.76, 0.96 ], [ -71.77, 0.96 ], [ -71.77, 0.95 ], [ -71.77, 0.94 ], [ -71.77, 0.93 ], [ -71.77, 0.91 ], [ -71.79, 0.9 ], [ -71.8, 0.89 ], [ -72.03, 0.66 ], [ -72.05, 0.66 ], [ -72.07, 0.66 ], [ -72.08, 0.66 ], [ -72.07, 0.67 ], [ -72.07, 0.68 ], [ -72.07, 0.69 ], [ -72.08, 0.7 ], [ -72.09, 0.7 ], [ -72.11, 0.7 ], [ -72.12, 0.72 ], [ -72.12, 0.73 ], [ -72.13, 0.74 ], [ -72.14, 0.72 ], [ -72.15, 0.72 ], [ -72.16, 0.73 ], [ -72.16, 0.72 ], [ -72.16, 0.71 ], [ -72.17, 0.71 ], [ -72.18, 0.72 ], [ -72.19, 0.73 ], [ -72.2, 0.7 ], [ -72.21, 0.7 ], [ -72.22, 0.71 ], [ -72.23, 0.72 ], [ -72.23, 0.73 ], [ -72.22, 0.73 ], [ -72.22, 0.75 ], [ -72.23, 0.76 ], [ -72.24, 0.77 ], [ -72.25, 0.79 ], [ -72.27, 0.79 ], [ -72.26, 0.78 ], [ -72.26, 0.77 ], [ -72.27, 0.76 ], [ -72.28, 0.77 ], [ -72.29, 0.78 ], [ -72.31, 0.81 ], [ -72.3, 0.82 ], [ -72.29, 0.82 ], [ -72.3, 0.84 ], [ -72.3, 0.85 ], [ -72.29, 0.85 ], [ -72.29, 0.86 ], [ -72.29, 0.87 ], [ -72.3, 0.88 ], [ -72.31, 0.88 ], [ -72.32, 0.88 ], [ -72.33, 0.87 ], [ -72.32, 0.85 ], [ -72.32, 0.84 ], [ -72.33, 0.84 ], [ -72.33, 0.85 ], [ -72.34, 0.87 ], [ -72.33, 0.88 ], [ -72.35, 0.9 ], [ -72.34, 0.93 ], [ -72.35, 0.93 ], [ -72.37, 0.92 ], [ -72.39, 0.92 ], [ -72.38, 0.94 ], [ -72.38, 0.96 ], [ -72.4, 0.96 ], [ -72.4, 0.97 ], [ -72.41, 0.99 ], [ -72.4, 0.99 ], [ -72.4, 1.0 ], [ -72.41, 1.01 ], [ -72.42, 1.02 ], [ -72.43, 1.04 ], [ -72.43, 1.05 ], [ -72.44, 1.05 ], [ -72.44, 1.06 ], [ -72.45, 1.07 ], [ -72.46, 1.08 ], [ -72.47, 1.08 ], [ -72.48, 1.08 ], [ -72.48, 1.07 ], [ -72.5, 1.07 ], [ -72.51, 1.07 ], [ -72.52, 1.08 ], [ -72.54, 1.09 ], [ -72.56, 1.09 ], [ -72.57, 1.11 ], [ -72.59, 1.12 ], [ -72.61, 1.13 ], [ -72.62, 1.14 ], [ -72.64, 1.15 ], [ -72.64, 1.16 ], [ -72.64, 1.17 ], [ -72.65, 1.17 ], [ -72.65, 1.16 ], [ -72.66, 1.15 ], [ -72.67, 1.16 ], [ -72.69, 1.16 ], [ -72.69, 1.18 ], [ -72.7, 1.18 ], [ -72.72, 1.19 ], [ -72.58, 1.48 ], [ -72.73, 1.18 ], [ -72.73, 1.17 ], [ -72.73, 1.16 ], [ -72.73, 1.15 ] ] ], [ [ [ -70.5, 2.26 ], [ -70.49, 2.26 ], [ -70.49, 2.25 ], [ -70.5, 2.25 ], [ -70.5, 2.26 ] ] ], [ [ [ -74.72, 2.26 ], [ -74.72, 2.27 ], [ -74.71, 2.26 ], [ -74.72, 2.26 ] ] ], [ [ [ -70.86, 2.81 ], [ -70.87, 2.81 ], [ -70.88, 2.83 ], [ -70.88, 2.84 ], [ -70.88, 2.85 ], [ -70.86, 2.83 ], [ -70.85, 2.82 ], [ -70.86, 2.82 ], [ -70.86, 2.81 ] ] ], [ [ [ -71.26, 3.46 ], [ -71.26, 3.45 ], [ -71.27, 3.46 ], [ -71.26, 3.46 ] ] ], [ [ [ -74.23, 3.78 ], [ -74.24, 3.78 ], [ -74.24, 3.79 ], [ -74.23, 3.79 ], [ -74.23, 3.78 ] ] ] ] } },
{ "type": "Feature", "properties": { "CTEP": 8.0 }, "geometry": { "type": "MultiPolygon", "coordinates": [ [ [ [ -75.57, 9.4 ], [ -75.56, 9.4 ], [ -75.56, 9.39 ], [ -75.55, 9.4 ], [ -75.54, 9.39 ], [ -75.53, 9.39 ], [ -75.52, 9.37 ], [ -75.52, 9.36 ], [ -75.52, 9.35 ], [ -75.51, 9.35 ], [ -75.49, 9.34 ], [ -75.49, 9.33 ], [ -75.49, 9.32 ], [ -75.49, 9.31 ], [ -75.5, 9.3 ], [ -75.5, 9.29 ], [ -75.5, 9.28 ], [ -75.51, 9.27 ], [ -75.51, 9.26 ], [ -75.52, 9.26 ], [ -75.53, 9.26 ], [ -75.55, 9.26 ], [ -75.56, 9.27 ], [ -75.57, 9.28 ], [ -75.58, 9.27 ], [ -75.59, 9.27 ], [ -75.59, 9.28 ], [ -75.61, 9.28 ], [ -75.6, 9.29 ], [ -75.6, 9.3 ], [ -75.59, 9.3 ], [ -75.6, 9.31 ], [ -75.6, 9.32 ], [ -75.6, 9.33 ], [ -75.61, 9.33 ], [ -75.61, 9.34 ], [ -75.62, 9.35 ], [ -75.63, 9.35 ], [ -75.64, 9.35 ], [ -75.65, 9.35 ], [ -75.65, 9.36 ], [ -75.64, 9.37 ], [ -75.64, 9.38 ], [ -75.63, 9.38 ], [ -75.63, 9.39 ], [ -75.62, 9.39 ], [ -75.62, 9.41 ], [ -75.61, 9.41 ], [ -75.6, 9.41 ], [ -75.6, 9.4 ], [ -75.58, 9.4 ], [ -75.57, 9.4 ] ] ], [ [ [ -75.29, 9.34 ], [ -75.3, 9.32 ], [ -75.31, 9.33 ], [ -75.31, 9.32 ], [ -75.32, 9.32 ], [ -75.33, 9.32 ], [ -75.34, 9.31 ], [ -75.35, 9.31 ], [ -75.36, 9.31 ], [ -75.36, 9.32 ], [ -75.36, 9.33 ], [ -75.37, 9.33 ], [ -75.37, 9.34 ], [ -75.37, 9.35 ], [ -75.38, 9.35 ], [ -75.37, 9.36 ], [ -75.38, 9.37 ], [ -75.38, 9.38 ], [ -75.39, 9.39 ], [ -75.4, 9.39 ], [ -75.4, 9.4 ], [ -75.41, 9.4 ], [ -75.41, 9.39 ], [ -75.42, 9.38 ], [ -75.43, 9.38 ], [ -75.44, 9.38 ], [ -75.45, 9.38 ], [ -75.46, 9.38 ], [ -75.47, 9.39 ], [ -75.48, 9.39 ], [ -75.49, 9.39 ], [ -75.5, 9.39 ], [ -75.5, 9.4 ], [ -75.51, 9.41 ], [ -75.52, 9.43 ], [ -75.53, 9.43 ], [ -75.53, 9.44 ], [ -75.52, 9.44 ], [ -75.52, 9.45 ], [ -75.52, 9.46 ], [ -75.51, 9.48 ], [ -75.51, 9.49 ], [ -75.5, 9.49 ], [ -75.49, 9.51 ], [ -75.48, 9.52 ], [ -75.47, 9.54 ], [ -75.48, 9.55 ], [ -75.47, 9.56 ], [ -75.45, 9.56 ], [ -75.44, 9.56 ], [ -75.45, 9.57 ], [ -75.45, 9.58 ], [ -75.46, 9.58 ], [ -75.46, 9.59 ], [ -75.47, 9.59 ], [ -75.47, 9.6 ], [ -75.46, 9.61 ], [ -75.45, 9.61 ], [ -75.45, 9.62 ], [ -75.46, 9.62 ], [ -75.47, 9.62 ], [ -75.47, 9.63 ], [ -75.46, 9.64 ], [ -75.47, 9.67 ], [ -75.48, 9.66 ], [ -75.49, 9.66 ], [ -75.5, 9.66 ], [ -75.51, 9.65 ], [ -75.52, 9.65 ], [ -75.53, 9.65 ], [ -75.53, 9.64 ], [ -75.55, 9.64 ], [ -75.56, 9.64 ], [ -75.58, 9.64 ], [ -75.58, 9.65 ], [ -75.6, 9.66 ], [ -75.6, 9.68 ], [ -75.61, 9.69 ], [ -75.62, 9.7 ], [ -75.63, 9.69 ], [ -75.65, 9.7 ], [ -75.65, 9.71 ], [ -75.68, 9.7 ], [ -75.69, 9.71 ], [ -75.69, 9.72 ], [ -75.68, 9.73 ], [ -75.67, 9.74 ], [ -75.64, 9.76 ], [ -75.64, 9.77 ], [ -75.63, 9.79 ], [ -75.63, 9.8 ], [ -75.62, 9.81 ], [ -75.62, 9.82 ], [ -75.62, 9.83 ], [ -75.61, 9.85 ], [ -75.62, 9.87 ], [ -75.62, 9.88 ], [ -75.61, 9.89 ], [ -75.6, 9.91 ], [ -75.59, 9.92 ], [ -75.6, 9.94 ], [ -75.58, 9.95 ], [ -75.58, 9.97 ], [ -75.58, 9.99 ], [ -75.58, 10.0 ], [ -75.57, 10.01 ], [ -75.57, 10.02 ], [ -75.57, 10.03 ], [ -75.58, 10.05 ], [ -75.57, 10.07 ], [ -75.57, 10.09 ], [ -75.5, 10.14 ], [ -75.54, 10.05 ], [ -75.54, 10.04 ], [ -75.53, 10.04 ], [ -75.53, 10.03 ], [ -75.52, 10.03 ], [ -75.51, 10.03 ], [ -75.5, 10.04 ], [ -75.49, 10.04 ], [ -75.48, 10.04 ], [ -75.46, 10.04 ], [ -75.45, 10.03 ], [ -75.44, 10.03 ], [ -75.44, 10.02 ], [ -75.43, 10.02 ], [ -75.43, 10.03 ], [ -75.42, 10.03 ], [ -75.41, 10.03 ], [ -75.41, 10.04 ], [ -75.41, 10.05 ], [ -75.4, 10.06 ], [ -75.39, 10.07 ], [ -75.38, 10.07 ], [ -75.36, 10.09 ], [ -75.35, 10.09 ], [ -75.33, 10.09 ], [ -75.28, 10.09 ], [ -75.28, 10.08 ], [ -75.27, 10.08 ], [ -75.26, 10.07 ], [ -75.25, 10.07 ], [ -75.24, 10.07 ], [ -75.24, 10.08 ], [ -75.22, 10.08 ], [ -75.22, 10.07 ], [ -75.22, 10.06 ], [ -75.23, 10.06 ], [ -75.23, 10.05 ], [ -75.22, 10.04 ], [ -75.21, 10.04 ], [ -75.2, 10.04 ], [ -75.19, 10.04 ], [ -75.19, 10.05 ], [ -75.18, 10.06 ], [ -75.18, 10.07 ], [ -75.18, 10.08 ], [ -75.17, 10.08 ], [ -75.17, 10.07 ], [ -75.15, 10.08 ], [ -75.15, 10.09 ], [ -75.15, 10.1 ], [ -75.14, 10.1 ], [ -75.14, 10.11 ], [ -75.13, 10.11 ], [ -75.12, 10.11 ], [ -75.12, 10.1 ], [ -75.1, 10.1 ], [ -75.09, 10.12 ], [ -75.08, 10.11 ], [ -75.07, 10.11 ], [ -75.07, 10.12 ], [ -75.05, 10.12 ], [ -75.04, 10.12 ], [ -75.03, 10.11 ], [ -75.02, 10.11 ], [ -75.01, 10.11 ], [ -75.01, 10.1 ], [ -75.0, 10.1 ], [ -75.0, 10.11 ], [ -74.99, 10.11 ], [ -74.98, 10.11 ], [ -74.97, 10.11 ], [ -74.97, 10.12 ], [ -74.95, 10.13 ], [ -74.94, 10.11 ], [ -74.93, 10.11 ], [ -74.89, 10.11 ], [ -74.88, 10.1 ], [ -74.86, 10.09 ], [ -74.85, 10.09 ], [ -74.84, 10.08 ], [ -74.83, 10.06 ], [ -74.82, 10.04 ], [ -74.79, 10.02 ], [ -74.79, 10.01 ], [ -74.8, 9.99 ], [ -74.81, 9.98 ], [ -74.82, 9.97 ], [ -74.84, 9.96 ], [ -74.85, 9.96 ], [ -74.86, 9.95 ], [ -74.86, 9.94 ], [ -74.87, 9.94 ], [ -74.87, 9.91 ], [ -74.87, 9.9 ], [ -74.88, 9.89 ], [ -74.88, 9.87 ], [ -74.88, 9.86 ], [ -74.87, 9.85 ], [ -74.86, 9.85 ], [ -74.85, 9.82 ], [ -74.82, 9.8 ], [ -74.82, 9.79 ], [ -74.81, 9.76 ], [ -74.81, 9.74 ], [ -74.81, 9.73 ], [ -74.81, 9.72 ], [ -74.8, 9.71 ], [ -74.79, 9.7 ], [ -74.79, 9.69 ], [ -74.8, 9.68 ], [ -74.81, 9.68 ], [ -74.8, 9.66 ], [ -74.79, 9.65 ], [ -74.78, 9.64 ], [ -74.77, 9.61 ], [ -74.77, 9.59 ], [ -74.78, 9.58 ], [ -74.78, 9.57 ], [ -74.81, 9.55 ], [ -74.81, 9.54 ], [ -74.79, 9.53 ], [ -74.78, 9.5 ], [ -74.79, 9.48 ], [ -74.8, 9.47 ], [ -74.81, 9.47 ], [ -74.81, 9.46 ], [ -74.81, 9.45 ], [ -74.8, 9.44 ], [ -74.83, 9.43 ], [ -74.84, 9.43 ], [ -74.84, 9.42 ], [ -74.85, 9.42 ], [ -74.85, 9.41 ], [ -74.86, 9.4 ], [ -74.87, 9.4 ], [ -74.88, 9.4 ], [ -74.88, 9.41 ], [ -74.9, 9.4 ], [ -74.91, 9.39 ], [ -74.92, 9.39 ], [ -74.92, 9.4 ], [ -74.92, 9.41 ], [ -74.91, 9.42 ], [ -74.89, 9.42 ], [ -74.89, 9.43 ], [ -74.9, 9.43 ], [ -74.91, 9.43 ], [ -74.91, 9.44 ], [ -74.93, 9.44 ], [ -74.93, 9.45 ], [ -74.94, 9.45 ], [ -74.95, 9.44 ], [ -74.95, 9.43 ], [ -74.97, 9.44 ], [ -74.98, 9.44 ], [ -74.99, 9.44 ], [ -74.99, 9.45 ], [ -75.0, 9.45 ], [ -75.01, 9.46 ], [ -75.02, 9.46 ], [ -75.03, 9.47 ], [ -75.04, 9.48 ], [ -75.04, 9.47 ], [ -75.06, 9.47 ], [ -75.07, 9.47 ], [ -75.07, 9.46 ], [ -75.08, 9.46 ], [ -75.08, 9.44 ], [ -75.09, 9.45 ], [ -75.1, 9.45 ], [ -75.11, 9.45 ], [ -75.11, 9.44 ], [ -75.1, 9.43 ], [ -75.1, 9.42 ], [ -75.1, 9.41 ], [ -75.11, 9.41 ], [ -75.11, 9.4 ], [ -75.12, 9.4 ], [ -75.14, 9.4 ], [ -75.15, 9.4 ], [ -75.15, 9.41 ], [ -75.16, 9.4 ], [ -75.18, 9.39 ], [ -75.18, 9.38 ], [ -75.19, 9.38 ], [ -75.19, 9.37 ], [ -75.2, 9.37 ], [ -75.21, 9.36 ], [ -75.22, 9.36 ], [ -75.23, 9.35 ], [ -75.24, 9.34 ], [ -75.26, 9.34 ], [ -75.28, 9.35 ], [ -75.28, 9.36 ], [ -75.29, 9.35 ], [ -75.28, 9.34 ], [ -75.29, 9.34 ] ] ] ] } },
{ "type": "Feature", "properties": { "CTEP": 9.0 }, "geometry": { "type": "MultiPolygon", "coordinates": [ [ [ [ -77.7, 2.97 ], [ -77.7, 2.99 ], [ -77.69, 2.99 ], [ -77.7, 2.97 ] ] ], [ [ [ -77.4, 2.34 ], [ -77.39, 2.33 ], [ -77.39, 2.32 ], [ -77.39, 2.31 ], [ -77.38, 2.3 ], [ -77.38, 2.29 ], [ -77.39, 2.29 ], [ -77.39, 2.28 ], [ -77.38, 2.27 ], [ -77.37, 2.26 ], [ -77.38, 2.26 ], [ -77.39, 2.26 ], [ -77.4, 2.26 ], [ -77.41, 2.27 ], [ -77.42, 2.27 ], [ -77.43, 2.28 ], [ -77.44, 2.29 ], [ -77.46, 2.29 ], [ -77.47, 2.28 ], [ -77.48, 2.27 ], [ -77.47, 2.26 ], [ -77.47, 2.24 ], [ -77.48, 2.24 ], [ -77.48, 2.23 ], [ -77.49, 2.22 ], [ -77.48, 2.21 ], [ -77.48, 2.2 ], [ -77.49, 2.2 ], [ -77.5, 2.19 ], [ -77.51, 2.2 ], [ -77.52, 2.2 ], [ -77.53, 2.2 ], [ -77.54, 2.2 ], [ -77.56, 2.2 ], [ -77.56, 2.19 ], [ -77.57, 2.18 ], [ -77.59, 2.17 ], [ -77.6, 2.16 ], [ -77.65, 2.17 ], [ -77.66, 2.16 ], [ -77.68, 2.16 ], [ -77.69, 2.15 ], [ -77.7, 2.15 ], [ -77.73, 2.13 ], [ -77.74, 2.13 ], [ -77.75, 2.14 ], [ -77.78, 2.15 ], [ -77.79, 2.16 ], [ -77.8, 2.16 ], [ -77.8, 2.17 ], [ -77.81, 2.17 ], [ -77.82, 2.18 ], [ -77.84, 2.18 ], [ -77.85, 2.19 ], [ -77.85, 2.21 ], [ -77.85, 2.23 ], [ -77.85, 2.24 ], [ -77.85, 2.26 ], [ -77.86, 2.27 ], [ -77.87, 2.28 ], [ -77.87, 2.29 ], [ -77.87, 2.3 ], [ -77.88, 2.3 ], [ -77.88, 2.31 ], [ -77.88, 2.32 ], [ -77.88, 2.33 ], [ -77.88, 2.35 ], [ -77.89, 2.37 ], [ -77.9, 2.39 ], [ -77.91, 2.41 ], [ -77.92, 2.42 ], [ -77.92, 2.45 ], [ -77.92, 2.47 ], [ -77.93, 2.48 ], [ -77.93, 2.51 ], [ -77.92, 2.52 ], [ -77.92, 2.53 ], [ -77.91, 2.54 ], [ -77.92, 2.59 ], [ -77.92, 2.61 ], [ -77.92, 2.62 ], [ -77.93, 2.64 ], [ -77.92, 2.64 ], [ -77.91, 2.65 ], [ -77.91, 2.66 ], [ -77.91, 2.68 ], [ -77.9, 2.69 ], [ -77.89, 2.69 ], [ -77.87, 2.7 ], [ -77.86, 2.7 ], [ -77.86, 2.69 ], [ -77.85, 2.69 ], [ -77.84, 2.69 ], [ -77.84, 2.7 ], [ -77.83, 2.7 ], [ -77.81, 2.69 ], [ -77.79, 2.69 ], [ -77.79, 2.7 ], [ -77.8, 2.71 ], [ -77.79, 2.72 ], [ -77.79, 2.73 ], [ -77.8, 2.73 ], [ -77.79, 2.76 ], [ -77.78, 2.76 ], [ -77.76, 2.76 ], [ -77.75, 2.76 ], [ -77.75, 2.77 ], [ -77.74, 2.78 ], [ -77.74, 2.79 ], [ -77.76, 2.79 ], [ -77.76, 2.8 ], [ -77.74, 2.82 ], [ -77.72, 2.82 ], [ -77.72, 2.83 ], [ -77.71, 2.85 ], [ -77.71, 2.86 ], [ -77.7, 2.86 ], [ -77.69, 2.89 ], [ -77.7, 2.89 ], [ -77.7, 2.9 ], [ -77.69, 2.9 ], [ -77.69, 2.91 ], [ -77.68, 2.93 ], [ -77.67, 2.93 ], [ -77.67, 2.94 ], [ -77.65, 2.93 ], [ -77.67, 2.95 ], [ -77.67, 2.96 ], [ -77.67, 2.97 ], [ -77.67, 2.98 ], [ -77.67, 2.99 ], [ -77.68, 2.99 ], [ -77.69, 2.99 ], [ -77.69, 3.0 ], [ -77.69, 3.01 ], [ -77.67, 3.05 ], [ -77.66, 3.05 ], [ -77.65, 3.06 ], [ -77.63, 3.08 ], [ -77.6, 3.12 ], [ -77.58, 3.14 ], [ -77.57, 3.14 ], [ -77.56, 3.18 ], [ -77.55, 3.2 ], [ -77.54, 3.21 ], [ -77.53, 3.21 ], [ -77.53, 3.2 ], [ -77.52, 3.2 ], [ -77.52, 3.19 ], [ -77.5, 3.19 ], [ -77.5, 3.2 ], [ -77.5, 3.21 ], [ -77.5, 3.22 ], [ -77.51, 3.23 ], [ -77.5, 3.23 ], [ -77.51, 3.24 ], [ -77.53, 3.23 ], [ -77.54, 3.23 ], [ -77.54, 3.22 ], [ -77.55, 3.23 ], [ -77.5, 3.3 ], [ -77.49, 3.31 ], [ -77.48, 3.31 ], [ -77.48, 3.32 ], [ -77.46, 3.33 ], [ -77.43, 3.37 ], [ -77.42, 3.37 ], [ -77.42, 3.36 ], [ -77.41, 3.36 ], [ -77.41, 3.37 ], [ -77.41, 3.38 ], [ -77.39, 3.4 ], [ -77.38, 3.43 ], [ -77.37, 3.44 ], [ -77.36, 3.45 ], [ -77.36, 3.44 ], [ -77.36, 3.43 ], [ -77.37, 3.42 ], [ -77.36, 3.42 ], [ -77.36, 3.41 ], [ -77.35, 3.42 ], [ -77.34, 3.42 ], [ -77.33, 3.43 ], [ -77.34, 3.44 ], [ -77.34, 3.45 ], [ -77.36, 3.47 ], [ -77.37, 3.47 ], [ -77.37, 3.48 ], [ -77.37, 3.49 ], [ -77.33, 3.52 ], [ -77.33, 3.53 ], [ -77.3, 3.57 ], [ -77.29, 3.57 ], [ -77.28, 3.57 ], [ -77.27, 3.57 ], [ -77.24, 3.58 ], [ -77.23, 3.58 ], [ -77.22, 3.6 ], [ -77.21, 3.6 ], [ -77.21, 3.61 ], [ -77.2, 3.61 ], [ -77.19, 3.63 ], [ -77.19, 3.64 ], [ -77.19, 3.65 ], [ -77.18, 3.65 ], [ -77.17, 3.64 ], [ -77.16, 3.65 ], [ -77.17, 3.66 ], [ -77.17, 3.68 ], [ -77.17, 3.69 ], [ -77.18, 3.69 ], [ -77.19, 3.68 ], [ -77.19, 3.71 ], [ -77.2, 3.72 ], [ -77.2, 3.74 ], [ -77.2, 3.75 ], [ -77.19, 3.75 ], [ -77.18, 3.75 ], [ -77.17, 3.75 ], [ -77.17, 3.76 ], [ -77.17, 3.77 ], [ -77.18, 3.81 ], [ -77.17, 3.81 ], [ -77.17, 3.8 ], [ -77.16, 3.81 ], [ -77.15, 3.8 ], [ -77.15, 3.81 ], [ -77.14, 3.81 ], [ -77.13, 3.8 ], [ -77.13, 3.81 ], [ -77.13, 3.82 ], [ -77.12, 3.82 ], [ -77.11, 3.83 ], [ -77.11, 3.84 ], [ -77.11, 3.85 ], [ -77.1, 3.85 ], [ -77.09, 3.86 ], [ -77.07, 3.86 ], [ -77.06, 3.86 ], [ -77.06, 3.87 ], [ -77.07, 3.88 ], [ -77.08, 3.89 ], [ -77.08, 3.9 ], [ -77.09, 3.91 ], [ -77.1, 3.9 ], [ -77.09, 3.89 ], [ -77.09, 3.88 ], [ -77.1, 3.88 ], [ -77.11, 3.87 ], [ -77.12, 3.88 ], [ -77.12, 3.87 ], [ -77.13, 3.87 ], [ -77.15, 3.86 ], [ -77.16, 3.85 ], [ -77.17, 3.85 ], [ -77.18, 3.85 ], [ -77.18, 3.84 ], [ -77.18, 3.83 ], [ -77.19, 3.83 ], [ -77.19, 3.84 ], [ -77.2, 3.84 ], [ -77.21, 3.83 ], [ -77.22, 3.83 ], [ -77.23, 3.83 ], [ -77.24, 3.84 ], [ -77.24, 3.83 ], [ -77.25, 3.83 ], [ -77.26, 3.83 ], [ -77.27, 3.84 ], [ -77.28, 3.84 ], [ -77.29, 3.85 ], [ -77.29, 3.86 ], [ -77.3, 3.86 ], [ -77.3, 3.87 ], [ -77.3, 3.88 ], [ -77.29, 3.88 ], [ -77.29, 3.89 ], [ -77.29, 3.9 ], [ -77.3, 3.9 ], [ -77.31, 3.91 ], [ -77.32, 3.9 ], [ -77.32, 3.91 ], [ -77.32, 3.92 ], [ -77.32, 3.93 ], [ -77.31, 3.93 ], [ -77.32, 3.95 ], [ -77.31, 3.95 ], [ -77.31, 3.96 ], [ -77.3, 3.96 ], [ -77.29, 3.97 ], [ -77.29, 3.98 ], [ -77.28, 3.98 ], [ -77.27, 3.98 ], [ -77.27, 3.99 ], [ -77.26, 3.99 ], [ -77.26, 3.98 ], [ -77.25, 3.98 ], [ -77.25, 3.99 ], [ -77.24, 3.99 ], [ -77.23, 3.99 ], [ -77.23, 4.0 ], [ -77.22, 4.0 ], [ -77.22, 4.01 ], [ -77.21, 4.01 ], [ -77.21, 4.02 ], [ -77.2, 4.03 ], [ -77.2, 4.04 ], [ -77.2, 4.05 ], [ -77.2, 4.06 ], [ -77.21, 4.06 ], [ -77.23, 4.06 ], [ -77.23, 4.07 ], [ -77.23, 4.08 ], [ -77.24, 4.08 ], [ -77.25, 4.07 ], [ -77.26, 4.07 ], [ -77.27, 4.07 ], [ -77.29, 4.05 ], [ -77.3, 4.05 ], [ -77.3, 4.04 ], [ -77.31, 4.04 ], [ -77.31, 4.03 ], [ -77.31, 4.02 ], [ -77.32, 4.02 ], [ -77.32, 4.01 ], [ -77.32, 4.0 ], [ -77.32, 3.99 ], [ -77.32, 3.98 ], [ -77.32, 3.97 ], [ -77.33, 3.97 ], [ -77.35, 3.93 ], [ -77.36, 3.93 ], [ -77.37, 3.93 ], [ -77.37, 3.95 ], [ -77.39, 3.97 ], [ -77.39, 3.98 ], [ -77.43, 4.01 ], [ -77.44, 4.03 ], [ -77.45, 4.04 ], [ -77.44, 4.06 ], [ -77.43, 4.09 ], [ -77.43, 4.11 ], [ -77.44, 4.12 ], [ -77.44, 4.13 ], [ -77.44, 4.14 ], [ -77.44, 4.15 ], [ -77.42, 4.14 ], [ -77.39, 4.15 ], [ -77.39, 4.16 ], [ -77.38, 4.17 ], [ -77.37, 4.18 ], [ -77.36, 4.19 ], [ -77.35, 4.2 ], [ -77.34, 4.2 ], [ -77.33, 4.19 ], [ -77.32, 4.17 ], [ -77.31, 4.17 ], [ -77.29, 4.18 ], [ -77.29, 4.19 ], [ -77.29, 4.21 ], [ -77.28, 4.22 ], [ -77.27, 4.23 ], [ -77.26, 4.23 ], [ -77.25, 4.23 ], [ -77.25, 4.22 ], [ -77.25, 4.19 ], [ -77.24, 4.18 ], [ -77.22, 4.16 ], [ -77.21, 4.16 ], [ -77.2, 4.17 ], [ -77.19, 4.17 ], [ -77.17, 4.18 ], [ -77.16, 4.18 ], [ -77.15, 4.18 ], [ -77.14, 4.16 ], [ -77.13, 4.16 ], [ -77.13, 4.14 ], [ -77.12, 4.13 ], [ -77.12, 4.12 ], [ -77.11, 4.12 ], [ -77.11, 4.11 ], [ -77.1, 4.11 ], [ -77.1, 4.12 ], [ -77.09, 4.12 ], [ -77.08, 4.11 ], [ -77.07, 4.11 ], [ -77.07, 4.1 ], [ -77.06, 4.1 ], [ -77.05, 4.1 ], [ -77.04, 4.1 ], [ -77.04, 4.09 ], [ -77.03, 4.09 ], [ -77.02, 4.1 ], [ -77.01, 4.1 ], [ -77.0, 4.1 ], [ -77.0, 4.12 ], [ -76.99, 4.12 ], [ -76.99, 4.11 ], [ -76.98, 4.12 ], [ -76.97, 4.12 ], [ -76.95, 4.12 ], [ -76.95, 4.11 ], [ -76.94, 4.11 ], [ -76.93, 4.11 ], [ -76.92, 4.1 ], [ -76.91, 4.1 ], [ -76.91, 4.08 ], [ -76.9, 4.08 ], [ -76.9, 4.07 ], [ -76.89, 4.07 ], [ -76.88, 4.06 ], [ -76.88, 4.05 ], [ -76.87, 4.05 ], [ -76.87, 4.04 ], [ -76.87, 4.03 ], [ -76.86, 4.03 ], [ -76.86, 4.01 ], [ -76.88, 4.0 ], [ -76.89, 3.99 ], [ -76.8, 3.85 ], [ -76.79, 3.84 ], [ -76.79, 3.83 ], [ -76.79, 3.82 ], [ -76.78, 3.82 ], [ -76.78, 3.81 ], [ -76.78, 3.8 ], [ -76.77, 3.78 ], [ -76.78, 3.76 ], [ -76.79, 3.76 ], [ -76.79, 3.75 ], [ -76.8, 3.75 ], [ -76.81, 3.75 ], [ -76.82, 3.75 ], [ -76.81, 3.73 ], [ -76.82, 3.73 ], [ -76.82, 3.72 ], [ -76.82, 3.71 ], [ -76.81, 3.7 ], [ -76.8, 3.7 ], [ -76.79, 3.68 ], [ -76.8, 3.67 ], [ -76.79, 3.66 ], [ -76.8, 3.66 ], [ -76.8, 3.65 ], [ -76.81, 3.65 ], [ -76.81, 3.64 ], [ -76.82, 3.63 ], [ -76.83, 3.63 ], [ -76.84, 3.63 ], [ -76.85, 3.63 ], [ -76.87, 3.63 ], [ -76.87, 3.62 ], [ -76.88, 3.62 ], [ -76.89, 3.61 ], [ -76.89, 3.6 ], [ -76.88, 3.6 ], [ -76.87, 3.6 ], [ -76.87, 3.59 ], [ -76.86, 3.6 ], [ -76.85, 3.59 ], [ -76.85, 3.58 ], [ -76.85, 3.56 ], [ -76.85, 3.55 ], [ -76.84, 3.55 ], [ -76.83, 3.54 ], [ -76.82, 3.54 ], [ -76.81, 3.54 ], [ -76.81, 3.53 ], [ -76.81, 3.52 ], [ -76.8, 3.52 ], [ -76.79, 3.5 ], [ -76.78, 3.48 ], [ -76.78, 3.47 ], [ -76.77, 3.46 ], [ -76.76, 3.46 ], [ -76.75, 3.45 ], [ -76.75, 3.44 ], [ -76.75, 3.43 ], [ -76.72, 3.43 ], [ -76.72, 3.42 ], [ -76.71, 3.43 ], [ -76.7, 3.42 ], [ -76.7, 3.4 ], [ -76.69, 3.4 ], [ -76.69, 3.39 ], [ -76.69, 3.38 ], [ -76.69, 3.37 ], [ -76.7, 3.36 ], [ -76.71, 3.35 ], [ -76.72, 3.34 ], [ -76.73, 3.34 ], [ -76.74, 3.32 ], [ -76.74, 3.31 ], [ -76.75, 3.3 ], [ -76.75, 3.29 ], [ -76.75, 3.28 ], [ -76.75, 3.27 ], [ -76.76, 3.26 ], [ -76.77, 3.26 ], [ -76.78, 3.25 ], [ -76.78, 3.24 ], [ -76.78, 3.22 ], [ -76.79, 3.22 ], [ -76.79, 3.21 ], [ -76.79, 3.2 ], [ -76.79, 3.19 ], [ -76.78, 3.18 ], [ -76.78, 3.17 ], [ -76.79, 3.15 ], [ -76.8, 3.15 ], [ -76.8, 3.14 ], [ -76.8, 3.13 ], [ -76.81, 3.13 ], [ -76.82, 3.11 ], [ -76.81, 3.09 ], [ -76.81, 3.06 ], [ -76.8, 3.05 ], [ -76.81, 3.03 ], [ -76.82, 3.02 ], [ -76.82, 3.01 ], [ -76.83, 3.01 ], [ -76.83, 3.0 ], [ -76.84, 3.0 ], [ -76.85, 2.99 ], [ -76.86, 2.98 ], [ -76.88, 2.94 ], [ -76.88, 2.93 ], [ -76.88, 2.91 ], [ -76.88, 2.89 ], [ -76.89, 2.89 ], [ -76.89, 2.88 ], [ -76.9, 2.87 ], [ -76.9, 2.86 ], [ -76.89, 2.85 ], [ -76.9, 2.84 ], [ -76.91, 2.84 ], [ -76.91, 2.82 ], [ -76.92, 2.82 ], [ -76.92, 2.81 ], [ -76.92, 2.8 ], [ -76.92, 2.79 ], [ -76.93, 2.79 ], [ -76.93, 2.78 ], [ -76.94, 2.77 ], [ -76.95, 2.77 ], [ -76.96, 2.77 ], [ -76.97, 2.79 ], [ -76.98, 2.79 ], [ -76.98, 2.8 ], [ -76.99, 2.8 ], [ -77.0, 2.81 ], [ -77.01, 2.82 ], [ -77.03, 2.82 ], [ -77.07, 2.83 ], [ -77.07, 2.82 ], [ -77.07, 2.81 ], [ -77.07, 2.8 ], [ -77.11, 2.79 ], [ -77.11, 2.8 ], [ -77.12, 2.79 ], [ -77.13, 2.79 ], [ -77.14, 2.79 ], [ -77.16, 2.77 ], [ -77.18, 2.76 ], [ -77.22, 2.77 ], [ -77.22, 2.79 ], [ -77.25, 2.81 ], [ -77.26, 2.81 ], [ -77.26, 2.79 ], [ -77.26, 2.78 ], [ -77.26, 2.77 ], [ -77.27, 2.75 ], [ -77.27, 2.74 ], [ -77.28, 2.73 ], [ -77.26, 2.72 ], [ -77.25, 2.71 ], [ -77.25, 2.7 ], [ -77.23, 2.7 ], [ -77.22, 2.7 ], [ -77.21, 2.69 ], [ -77.21, 2.68 ], [ -77.21, 2.67 ], [ -77.2, 2.67 ], [ -77.2, 2.66 ], [ -77.21, 2.65 ], [ -77.22, 2.64 ], [ -77.25, 2.64 ], [ -77.26, 2.64 ], [ -77.26, 2.63 ], [ -77.26, 2.62 ], [ -77.26, 2.6 ], [ -77.27, 2.6 ], [ -77.29, 2.59 ], [ -77.29, 2.58 ], [ -77.29, 2.57 ], [ -77.3, 2.57 ], [ -77.3, 2.56 ], [ -77.31, 2.56 ], [ -77.31, 2.55 ], [ -77.31, 2.54 ], [ -77.3, 2.53 ], [ -77.31, 2.52 ], [ -77.31, 2.51 ], [ -77.32, 2.5 ], [ -77.33, 2.49 ], [ -77.33, 2.48 ], [ -77.33, 2.47 ], [ -77.33, 2.46 ], [ -77.32, 2.45 ], [ -77.34, 2.43 ], [ -77.35, 2.41 ], [ -77.37, 2.41 ], [ -77.38, 2.4 ], [ -77.39, 2.39 ], [ -77.4, 2.39 ], [ -77.4, 2.38 ], [ -77.4, 2.37 ], [ -77.4, 2.36 ], [ -77.39, 2.35 ], [ -77.4, 2.34 ] ] ] ] } },
{ "type": "Feature", "properties": { "CTEP": 10.0 }, "geometry": { "type": "MultiPolygon", "coordinates": [ [ [ [ -78.83, 1.46 ], [ -78.82, 1.46 ], [ -78.82, 1.45 ], [ -78.83, 1.45 ], [ -78.83, 1.46 ] ] ], [ [ [ -78.7, 1.78 ], [ -78.69, 1.79 ], [ -78.69, 1.78 ], [ -78.7, 1.78 ] ] ], [ [ [ -78.76, 1.8 ], [ -78.75, 1.8 ], [ -78.75, 1.79 ], [ -78.76, 1.79 ], [ -78.76, 1.8 ] ] ], [ [ [ -78.78, 1.81 ], [ -78.77, 1.82 ], [ -78.76, 1.82 ], [ -78.76, 1.81 ], [ -78.76, 1.8 ], [ -78.78, 1.8 ], [ -78.78, 1.81 ] ] ], [ [ [ -78.75, 1.82 ], [ -78.74, 1.82 ], [ -78.74, 1.83 ], [ -78.73, 1.83 ], [ -78.73, 1.82 ], [ -78.74, 1.81 ], [ -78.75, 1.81 ], [ -78.75, 1.82 ] ] ], [ [ [ -78.75, 1.78 ], [ -78.75, 1.79 ], [ -78.74, 1.79 ], [ -78.73, 1.78 ], [ -78.73, 1.76 ], [ -78.73, 1.75 ], [ -78.74, 1.75 ], [ -78.73, 1.74 ], [ -78.72, 1.75 ], [ -78.72, 1.77 ], [ -78.72, 1.79 ], [ -78.71, 1.79 ], [ -78.71, 1.78 ], [ -78.7, 1.78 ], [ -78.7, 1.77 ], [ -78.69, 1.77 ], [ -78.68, 1.76 ], [ -78.68, 1.78 ], [ -78.68, 1.79 ], [ -78.66, 1.79 ], [ -78.65, 1.79 ], [ -78.64, 1.79 ], [ -78.61, 1.79 ], [ -78.6, 1.79 ], [ -78.6, 1.78 ], [ -78.6, 1.77 ], [ -78.59, 1.77 ], [ -78.59, 1.78 ], [ -78.58, 1.78 ], [ -78.58, 1.77 ], [ -78.57, 1.75 ], [ -78.56, 1.75 ], [ -78.56, 1.76 ], [ -78.56, 1.78 ], [ -78.56, 1.79 ], [ -78.56, 1.8 ], [ -78.55, 1.8 ], [ -78.54, 1.8 ], [ -78.54, 1.81 ], [ -78.55, 1.81 ], [ -78.55, 1.82 ], [ -78.55, 1.84 ], [ -78.55, 1.85 ], [ -78.54, 1.85 ], [ -78.54, 1.86 ], [ -78.55, 1.88 ], [ -78.55, 1.9 ], [ -78.56, 1.9 ], [ -78.57, 1.9 ], [ -78.59, 1.89 ], [ -78.6, 1.89 ], [ -78.6, 1.9 ], [ -78.6, 1.93 ], [ -78.6, 1.95 ], [ -78.59, 1.95 ], [ -78.59, 1.96 ], [ -78.59, 1.97 ], [ -78.6, 1.98 ], [ -78.6, 1.99 ], [ -78.61, 2.0 ], [ -78.62, 2.0 ], [ -78.63, 2.01 ], [ -78.64, 2.0 ], [ -78.65, 1.99 ], [ -78.65, 1.98 ], [ -78.66, 1.98 ], [ -78.66, 1.97 ], [ -78.67, 1.97 ], [ -78.67, 1.98 ], [ -78.67, 1.99 ], [ -78.67, 2.01 ], [ -78.68, 2.05 ], [ -78.67, 2.05 ], [ -78.68, 2.06 ], [ -78.69, 2.09 ], [ -78.69, 2.11 ], [ -78.7, 2.11 ], [ -78.7, 2.12 ], [ -78.71, 2.16 ], [ -78.71, 2.18 ], [ -78.71, 2.19 ], [ -78.7, 2.2 ], [ -78.7, 2.21 ], [ -78.69, 2.22 ], [ -78.69, 2.23 ], [ -78.68, 2.25 ], [ -78.67, 2.24 ], [ -78.67, 2.25 ], [ -78.66, 2.26 ], [ -78.67, 2.27 ], [ -78.66, 2.29 ], [ -78.65, 2.3 ], [ -78.64, 2.31 ], [ -78.63, 2.31 ], [ -78.63, 2.32 ], [ -78.63, 2.33 ], [ -78.62, 2.38 ], [ -78.6, 2.4 ], [ -78.57, 2.44 ], [ -78.56, 2.43 ], [ -78.56, 2.44 ], [ -78.55, 2.45 ], [ -78.56, 2.46 ], [ -78.55, 2.49 ], [ -78.54, 2.49 ], [ -78.53, 2.5 ], [ -78.53, 2.51 ], [ -78.52, 2.51 ], [ -78.51, 2.51 ], [ -78.51, 2.52 ], [ -78.5, 2.53 ], [ -78.49, 2.55 ], [ -78.47, 2.56 ], [ -78.46, 2.57 ], [ -78.45, 2.58 ], [ -78.45, 2.59 ], [ -78.46, 2.6 ], [ -78.44, 2.6 ], [ -78.42, 2.6 ], [ -78.41, 2.61 ], [ -78.41, 2.6 ], [ -78.4, 2.6 ], [ -78.38, 2.63 ], [ -78.37, 2.64 ], [ -78.33, 2.66 ], [ -78.31, 2.66 ], [ -78.27, 2.66 ], [ -78.26, 2.66 ], [ -78.23, 2.67 ], [ -78.18, 2.67 ], [ -78.17, 2.68 ], [ -78.17, 2.67 ], [ -78.16, 2.68 ], [ -78.15, 2.68 ], [ -78.14, 2.68 ], [ -78.14, 2.67 ], [ -78.14, 2.66 ], [ -78.14, 2.64 ], [ -78.13, 2.64 ], [ -78.11, 2.64 ], [ -78.1, 2.65 ], [ -78.08, 2.64 ], [ -78.08, 2.63 ], [ -78.08, 2.62 ], [ -78.07, 2.62 ], [ -78.07, 2.61 ], [ -78.06, 2.62 ], [ -78.04, 2.65 ], [ -78.03, 2.65 ], [ -78.02, 2.64 ], [ -78.01, 2.65 ], [ -78.0, 2.65 ], [ -77.99, 2.65 ], [ -77.99, 2.66 ], [ -77.98, 2.66 ], [ -77.97, 2.66 ], [ -77.97, 2.65 ], [ -77.96, 2.65 ], [ -77.96, 2.64 ], [ -77.95, 2.63 ], [ -77.93, 2.63 ], [ -77.92, 2.62 ], [ -77.92, 2.61 ], [ -77.91, 2.54 ], [ -77.92, 2.53 ], [ -77.92, 2.52 ], [ -77.93, 2.51 ], [ -77.93, 2.48 ], [ -77.92, 2.47 ], [ -77.92, 2.45 ], [ -77.92, 2.42 ], [ -77.91, 2.41 ], [ -77.9, 2.39 ], [ -77.89, 2.37 ], [ -77.88, 2.35 ], [ -77.88, 2.33 ], [ -77.88, 2.32 ], [ -77.88, 2.31 ], [ -77.88, 2.3 ], [ -77.87, 2.3 ], [ -77.87, 2.29 ], [ -77.87, 2.28 ], [ -77.86, 2.27 ], [ -77.85, 2.26 ], [ -77.85, 2.24 ], [ -77.85, 2.23 ], [ -77.85, 2.21 ], [ -77.85, 2.19 ], [ -77.84, 2.18 ], [ -77.82, 2.18 ], [ -77.81, 2.17 ], [ -77.8, 2.17 ], [ -77.8, 2.16 ], [ -77.79, 2.16 ], [ -77.78, 2.15 ], [ -77.75, 2.14 ], [ -77.74, 2.13 ], [ -77.73, 2.14 ], [ -77.7, 2.15 ], [ -77.69, 2.15 ], [ -77.68, 2.16 ], [ -77.66, 2.16 ], [ -77.65, 2.17 ], [ -77.6, 2.16 ], [ -77.6, 2.17 ], [ -77.59, 2.17 ], [ -77.57, 2.18 ], [ -77.56, 2.19 ], [ -77.56, 2.2 ], [ -77.54, 2.2 ], [ -77.53, 2.2 ], [ -77.52, 2.2 ], [ -77.51, 2.2 ], [ -77.5, 2.19 ], [ -77.49, 2.2 ], [ -77.48, 2.2 ], [ -77.48, 2.21 ], [ -77.49, 2.22 ], [ -77.48, 2.23 ], [ -77.48, 2.24 ], [ -77.47, 2.24 ], [ -77.47, 2.26 ], [ -77.48, 2.27 ], [ -77.47, 2.27 ], [ -77.46, 2.29 ], [ -77.44, 2.29 ], [ -77.43, 2.28 ], [ -77.42, 2.27 ], [ -77.41, 2.27 ], [ -77.4, 2.26 ], [ -77.39, 2.26 ], [ -77.38, 2.26 ], [ -77.37, 2.26 ], [ -77.36, 2.26 ], [ -77.34, 2.24 ], [ -77.32, 2.22 ], [ -77.32, 2.21 ], [ -77.32, 2.2 ], [ -77.31, 2.2 ], [ -77.32, 2.18 ], [ -77.31, 2.17 ], [ -77.31, 2.15 ], [ -77.31, 2.14 ], [ -77.31, 2.13 ], [ -77.31, 2.12 ], [ -77.32, 2.11 ], [ -77.33, 2.11 ], [ -77.33, 2.1 ], [ -77.34, 2.08 ], [ -77.35, 2.06 ], [ -77.35, 2.05 ], [ -77.34, 2.03 ], [ -77.33, 2.03 ], [ -77.31, 2.02 ], [ -77.31, 2.01 ], [ -77.31, 1.99 ], [ -77.31, 1.97 ], [ -77.32, 1.96 ], [ -77.33, 1.96 ], [ -77.34, 1.97 ], [ -77.35, 1.96 ], [ -77.36, 1.96 ], [ -77.37, 1.97 ], [ -77.37, 1.98 ], [ -77.37, 1.99 ], [ -77.38, 1.99 ], [ -77.4, 1.98 ], [ -77.41, 1.98 ], [ -77.42, 1.99 ], [ -77.43, 1.99 ], [ -77.45, 1.97 ], [ -77.46, 1.97 ], [ -77.49, 1.96 ], [ -77.49, 1.95 ], [ -77.5, 1.94 ], [ -77.5, 1.92 ], [ -77.51, 1.91 ], [ -77.53, 1.91 ], [ -77.55, 1.93 ], [ -77.57, 1.94 ], [ -77.6, 1.94 ], [ -77.61, 1.93 ], [ -77.63, 1.93 ], [ -77.63, 1.92 ], [ -77.64, 1.92 ], [ -77.64, 1.91 ], [ -77.65, 1.91 ], [ -77.66, 1.91 ], [ -77.68, 1.9 ], [ -77.69, 1.89 ], [ -77.68, 1.88 ], [ -77.68, 1.87 ], [ -77.67, 1.87 ], [ -77.68, 1.86 ], [ -77.69, 1.86 ], [ -77.71, 1.86 ], [ -77.71, 1.84 ], [ -77.71, 1.83 ], [ -77.71, 1.82 ], [ -77.72, 1.82 ], [ -77.72, 1.83 ], [ -77.73, 1.84 ], [ -77.73, 1.85 ], [ -77.73, 1.87 ], [ -77.74, 1.87 ], [ -77.75, 1.86 ], [ -77.76, 1.86 ], [ -77.77, 1.86 ], [ -77.78, 1.86 ], [ -77.79, 1.86 ], [ -77.81, 1.85 ], [ -77.79, 1.85 ], [ -77.79, 1.84 ], [ -77.8, 1.84 ], [ -77.81, 1.84 ], [ -77.81, 1.83 ], [ -77.82, 1.83 ], [ -77.83, 1.83 ], [ -77.84, 1.82 ], [ -77.83, 1.82 ], [ -77.82, 1.82 ], [ -77.82, 1.81 ], [ -77.83, 1.81 ], [ -77.84, 1.81 ], [ -77.85, 1.81 ], [ -77.86, 1.8 ], [ -77.87, 1.8 ], [ -77.88, 1.8 ], [ -77.89, 1.79 ], [ -77.89, 1.78 ], [ -77.88, 1.76 ], [ -77.89, 1.76 ], [ -77.89, 1.75 ], [ -77.9, 1.75 ], [ -77.9, 1.74 ], [ -77.91, 1.73 ], [ -77.91, 1.72 ], [ -77.92, 1.72 ], [ -77.92, 1.7 ], [ -77.93, 1.7 ], [ -77.94, 1.71 ], [ -77.95, 1.71 ], [ -77.96, 1.7 ], [ -77.96, 1.69 ], [ -77.95, 1.68 ], [ -77.94, 1.67 ], [ -77.93, 1.67 ], [ -77.92, 1.67 ], [ -77.92, 1.66 ], [ -77.9, 1.64 ], [ -77.89, 1.63 ], [ -77.89, 1.62 ], [ -77.88, 1.62 ], [ -77.87, 1.62 ], [ -77.86, 1.62 ], [ -77.86, 1.61 ], [ -77.86, 1.6 ], [ -77.85, 1.6 ], [ -77.84, 1.6 ], [ -77.85, 1.59 ], [ -77.85, 1.58 ], [ -77.85, 1.57 ], [ -77.85, 1.56 ], [ -77.84, 1.56 ], [ -77.84, 1.55 ], [ -77.85, 1.55 ], [ -77.85, 1.54 ], [ -77.85, 1.53 ], [ -77.86, 1.51 ], [ -77.87, 1.51 ], [ -77.88, 1.5 ], [ -77.89, 1.5 ], [ -77.88, 1.49 ], [ -77.88, 1.47 ], [ -77.87, 1.49 ], [ -77.87, 1.48 ], [ -77.87, 1.47 ], [ -77.86, 1.47 ], [ -77.86, 1.46 ], [ -77.85, 1.46 ], [ -77.84, 1.46 ], [ -77.84, 1.45 ], [ -77.85, 1.45 ], [ -77.84, 1.44 ], [ -77.84, 1.43 ], [ -77.84, 1.42 ], [ -77.83, 1.42 ], [ -77.83, 1.41 ], [ -77.83, 1.4 ], [ -77.84, 1.4 ], [ -77.85, 1.4 ], [ -77.85, 1.39 ], [ -77.85, 1.38 ], [ -77.85, 1.36 ], [ -77.87, 1.35 ], [ -77.87, 1.34 ], [ -77.88, 1.34 ], [ -77.88, 1.33 ], [ -77.89, 1.33 ], [ -77.9, 1.31 ], [ -77.91, 1.31 ], [ -77.91, 1.29 ], [ -77.91, 1.28 ], [ -77.9, 1.28 ], [ -77.89, 1.26 ], [ -77.9, 1.25 ], [ -77.91, 1.25 ], [ -77.92, 1.25 ], [ -77.93, 1.24 ], [ -77.93, 1.23 ], [ -77.94, 1.23 ], [ -77.95, 1.22 ], [ -77.97, 1.21 ], [ -77.97, 1.2 ], [ -77.98, 1.2 ], [ -77.97, 1.19 ], [ -77.97, 1.18 ], [ -77.97, 1.17 ], [ -77.96, 1.17 ], [ -77.96, 1.16 ], [ -77.95, 1.16 ], [ -77.95, 1.15 ], [ -77.96, 1.14 ], [ -77.95, 1.14 ], [ -77.95, 1.13 ], [ -77.94, 1.12 ], [ -77.95, 1.11 ], [ -77.95, 1.1 ], [ -77.94, 1.1 ], [ -77.93, 1.1 ], [ -77.93, 1.09 ], [ -77.92, 1.09 ], [ -77.92, 1.08 ], [ -78.13, 1.03 ], [ -78.21, 1.0 ], [ -78.23, 1.02 ], [ -78.24, 1.02 ], [ -78.24, 1.03 ], [ -78.25, 1.03 ], [ -78.25, 1.04 ], [ -78.26, 1.04 ], [ -78.28, 1.05 ], [ -78.28, 1.06 ], [ -78.28, 1.07 ], [ -78.26, 1.08 ], [ -78.25, 1.08 ], [ -78.25, 1.09 ], [ -78.25, 1.1 ], [ -78.26, 1.1 ], [ -78.27, 1.11 ], [ -78.28, 1.11 ], [ -78.28, 1.12 ], [ -78.29, 1.13 ], [ -78.29, 1.14 ], [ -78.29, 1.15 ], [ -78.3, 1.15 ], [ -78.3, 1.16 ], [ -78.3, 1.17 ], [ -78.31, 1.18 ], [ -78.31, 1.19 ], [ -78.32, 1.19 ], [ -78.33, 1.19 ], [ -78.34, 1.18 ], [ -78.35, 1.18 ], [ -78.36, 1.18 ], [ -78.36, 1.17 ], [ -78.37, 1.17 ], [ -78.38, 1.17 ], [ -78.38, 1.16 ], [ -78.39, 1.16 ], [ -78.4, 1.15 ], [ -78.4, 1.16 ], [ -78.41, 1.16 ], [ -78.42, 1.16 ], [ -78.42, 1.15 ], [ -78.42, 1.14 ], [ -78.43, 1.14 ], [ -78.43, 1.15 ], [ -78.44, 1.16 ], [ -78.43, 1.16 ], [ -78.43, 1.17 ], [ -78.43, 1.18 ], [ -78.43, 1.19 ], [ -78.44, 1.19 ], [ -78.44, 1.18 ], [ -78.45, 1.18 ], [ -78.46, 1.18 ], [ -78.47, 1.18 ], [ -78.47, 1.19 ], [ -78.48, 1.19 ], [ -78.49, 1.19 ], [ -78.49, 1.2 ], [ -78.5, 1.2 ], [ -78.51, 1.2 ], [ -78.52, 1.2 ], [ -78.52, 1.21 ], [ -78.52, 1.22 ], [ -78.53, 1.22 ], [ -78.54, 1.23 ], [ -78.54, 1.24 ], [ -78.59, 1.24 ], [ -78.6, 1.25 ], [ -78.61, 1.25 ], [ -78.62, 1.25 ], [ -78.63, 1.25 ], [ -78.63, 1.26 ], [ -78.63, 1.27 ], [ -78.64, 1.27 ], [ -78.65, 1.28 ], [ -78.65, 1.29 ], [ -78.66, 1.3 ], [ -78.66, 1.31 ], [ -78.66, 1.32 ], [ -78.67, 1.32 ], [ -78.68, 1.33 ], [ -78.69, 1.33 ], [ -78.7, 1.33 ], [ -78.7, 1.34 ], [ -78.7, 1.35 ], [ -78.71, 1.35 ], [ -78.71, 1.36 ], [ -78.72, 1.36 ], [ -78.72, 1.37 ], [ -78.73, 1.37 ], [ -78.74, 1.38 ], [ -78.75, 1.38 ], [ -78.75, 1.39 ], [ -78.76, 1.39 ], [ -78.77, 1.4 ], [ -78.77, 1.39 ], [ -78.78, 1.39 ], [ -78.78, 1.4 ], [ -78.78, 1.41 ], [ -78.79, 1.41 ], [ -78.8, 1.43 ], [ -78.81, 1.43 ], [ -78.81, 1.44 ], [ -78.82, 1.44 ], [ -78.82, 1.45 ], [ -78.81, 1.46 ], [ -78.82, 1.46 ], [ -78.82, 1.47 ], [ -78.84, 1.48 ], [ -78.85, 1.48 ], [ -78.86, 1.48 ], [ -78.87, 1.5 ], [ -78.87, 1.52 ], [ -78.87, 1.53 ], [ -78.87, 1.54 ], [ -78.87, 1.55 ], [ -78.87, 1.56 ], [ -78.88, 1.56 ], [ -78.89, 1.55 ], [ -78.89, 1.54 ], [ -78.9, 1.54 ], [ -78.91, 1.56 ], [ -78.92, 1.56 ], [ -78.93, 1.56 ], [ -78.94, 1.58 ], [ -78.96, 1.59 ], [ -78.97, 1.6 ], [ -78.98, 1.6 ], [ -78.99, 1.6 ], [ -79.0, 1.61 ], [ -79.0, 1.63 ], [ -79.01, 1.63 ], [ -79.0, 1.64 ], [ -79.01, 1.65 ], [ -79.01, 1.66 ], [ -78.99, 1.67 ], [ -78.97, 1.68 ], [ -78.96, 1.69 ], [ -78.96, 1.68 ], [ -78.95, 1.68 ], [ -78.95, 1.69 ], [ -78.95, 1.7 ], [ -78.93, 1.73 ], [ -78.92, 1.75 ], [ -78.89, 1.77 ], [ -78.86, 1.8 ], [ -78.86, 1.81 ], [ -78.85, 1.81 ], [ -78.83, 1.82 ], [ -78.81, 1.83 ], [ -78.8, 1.83 ], [ -78.79, 1.83 ], [ -78.78, 1.83 ], [ -78.78, 1.82 ], [ -78.79, 1.82 ], [ -78.8, 1.82 ], [ -78.8, 1.81 ], [ -78.79, 1.81 ], [ -78.79, 1.8 ], [ -78.78, 1.8 ], [ -78.78, 1.79 ], [ -78.77, 1.79 ], [ -78.76, 1.79 ], [ -78.76, 1.78 ], [ -78.75, 1.78 ] ] ], [ [ [ -78.57, 2.46 ], [ -78.56, 2.45 ], [ -78.57, 2.44 ], [ -78.57, 2.46 ] ] ] ] } },
{ "type": "Feature", "properties": { "CTEP": 11.0 }, "geometry": { "type": "MultiPolygon", "coordinates": [ [ [ [ -74.5, -0.49 ], [ -74.5, -0.48 ], [ -74.49, -0.48 ], [ -74.49, -0.49 ], [ -74.5, -0.49 ] ] ], [ [ [ -76.71, 0.27 ], [ -76.73, 0.29 ], [ -76.74, 0.28 ], [ -76.75, 0.28 ], [ -76.77, 0.26 ], [ -76.75, 0.26 ], [ -76.75, 0.25 ], [ -76.76, 0.25 ], [ -76.77, 0.25 ], [ -76.79, 0.26 ], [ -76.8, 0.26 ], [ -76.81, 0.26 ], [ -76.82, 0.26 ], [ -76.82, 0.25 ], [ -76.84, 0.24 ], [ -76.85, 0.24 ], [ -76.86, 0.25 ], [ -76.87, 0.25 ], [ -76.88, 0.25 ], [ -76.89, 0.25 ], [ -76.91, 0.25 ], [ -76.92, 0.26 ], [ -76.93, 0.26 ], [ -76.93, 0.27 ], [ -76.93, 0.28 ], [ -76.94, 0.28 ], [ -76.94, 0.27 ], [ -76.95, 0.27 ], [ -76.96, 0.27 ], [ -76.98, 0.27 ], [ -76.99, 0.27 ], [ -77.0, 0.28 ], [ -77.0, 0.29 ], [ -77.0, 0.3 ], [ -77.01, 0.29 ], [ -77.03, 0.28 ], [ -77.04, 0.29 ], [ -77.05, 0.29 ], [ -77.06, 0.29 ], [ -77.08, 0.28 ], [ -77.08, 0.29 ], [ -77.08, 0.3 ], [ -77.09, 0.3 ], [ -77.08, 0.31 ], [ -77.08, 0.32 ], [ -77.09, 0.33 ], [ -77.1, 0.34 ], [ -77.11, 0.35 ], [ -77.11, 0.36 ], [ -77.11, 0.37 ], [ -77.11, 0.38 ], [ -77.1, 0.38 ], [ -77.1, 0.39 ], [ -77.09, 0.39 ], [ -77.09, 0.4 ], [ -77.09, 0.41 ], [ -77.09, 0.42 ], [ -77.02, 0.55 ], [ -77.09, 0.43 ], [ -77.1, 0.43 ], [ -77.11, 0.43 ], [ -77.11, 0.45 ], [ -77.1, 0.46 ], [ -77.1, 0.47 ], [ -77.1, 0.48 ], [ -77.12, 0.48 ], [ -77.12, 0.5 ], [ -77.12, 0.51 ], [ -77.13, 0.52 ], [ -77.13, 0.54 ], [ -77.13, 0.55 ], [ -77.13, 0.56 ], [ -77.12, 0.56 ], [ -77.12, 0.57 ], [ -77.12, 0.58 ], [ -77.12, 0.59 ], [ -77.13, 0.6 ], [ -77.14, 0.6 ], [ -77.16, 0.61 ], [ -77.17, 0.61 ], [ -77.18, 0.62 ], [ -77.19, 0.63 ], [ -77.14, 0.82 ], [ -77.13, 0.82 ], [ -77.1, 0.83 ], [ -77.11, 0.84 ], [ -77.11, 0.85 ], [ -77.12, 0.86 ], [ -77.12, 0.87 ], [ -77.12, 0.88 ], [ -77.12, 0.89 ], [ -77.12, 0.9 ], [ -77.11, 0.9 ], [ -77.1, 0.91 ], [ -77.09, 0.91 ], [ -77.09, 0.92 ], [ -77.08, 0.94 ], [ -77.07, 0.94 ], [ -77.07, 0.95 ], [ -77.08, 0.96 ], [ -77.07, 0.97 ], [ -77.06, 0.98 ], [ -77.05, 0.98 ], [ -77.01, 0.98 ], [ -76.98, 0.98 ], [ -76.97, 0.98 ], [ -76.96, 0.98 ], [ -76.97, 0.99 ], [ -76.95, 0.99 ], [ -76.95, 1.0 ], [ -76.94, 1.0 ], [ -76.94, 1.01 ], [ -76.93, 1.01 ], [ -76.93, 1.02 ], [ -76.92, 1.02 ], [ -76.91, 1.02 ], [ -76.9, 1.02 ], [ -76.9, 1.03 ], [ -76.89, 1.03 ], [ -76.88, 1.04 ], [ -76.87, 1.04 ], [ -76.86, 1.04 ], [ -76.85, 1.04 ], [ -76.84, 1.04 ], [ -76.83, 1.04 ], [ -76.83, 1.03 ], [ -76.82, 1.03 ], [ -76.81, 1.02 ], [ -76.8, 1.02 ], [ -76.79, 1.02 ], [ -76.78, 1.02 ], [ -76.78, 1.01 ], [ -76.77, 1.01 ], [ -76.76, 1.01 ], [ -76.75, 1.01 ], [ -76.74, 1.01 ], [ -76.73, 1.01 ], [ -76.64, 1.07 ], [ -76.63, 1.06 ], [ -76.62, 1.05 ], [ -76.61, 1.04 ], [ -76.6, 1.03 ], [ -76.59, 1.04 ], [ -76.57, 1.03 ], [ -76.56, 1.03 ], [ -76.54, 1.0 ], [ -76.53, 1.0 ], [ -76.53, 0.99 ], [ -76.53, 0.98 ], [ -76.53, 0.97 ], [ -76.52, 0.97 ], [ -76.52, 0.96 ], [ -76.52, 0.95 ], [ -76.51, 0.94 ], [ -76.51, 0.93 ], [ -76.51, 0.92 ], [ -76.5, 0.91 ], [ -76.49, 0.91 ], [ -76.48, 0.9 ], [ -76.48, 0.89 ], [ -76.47, 0.88 ], [ -76.47, 0.87 ], [ -76.41, 0.87 ], [ -76.42, 0.88 ], [ -76.42, 0.89 ], [ -76.43, 0.89 ], [ -76.44, 0.89 ], [ -76.44, 0.9 ], [ -76.45, 0.9 ], [ -76.45, 0.91 ], [ -76.47, 0.91 ], [ -76.47, 0.92 ], [ -76.48, 0.92 ], [ -76.52, 1.0 ], [ -76.49, 1.01 ], [ -76.48, 1.0 ], [ -76.47, 1.0 ], [ -76.45, 0.99 ], [ -76.45, 0.98 ], [ -76.44, 0.97 ], [ -76.42, 0.96 ], [ -76.41, 0.96 ], [ -76.41, 0.97 ], [ -76.4, 0.98 ], [ -76.38, 0.98 ], [ -76.37, 0.98 ], [ -76.35, 0.98 ], [ -76.34, 0.98 ], [ -76.33, 0.97 ], [ -76.33, 0.96 ], [ -76.31, 0.97 ], [ -76.3, 0.96 ], [ -76.29, 0.96 ], [ -76.28, 0.97 ], [ -76.28, 0.98 ], [ -76.27, 0.98 ], [ -76.27, 0.97 ], [ -76.26, 0.97 ], [ -76.25, 0.98 ], [ -76.24, 0.97 ], [ -76.24, 0.98 ], [ -76.22, 0.98 ], [ -76.2, 0.98 ], [ -76.2, 0.99 ], [ -76.19, 0.99 ], [ -76.19, 1.0 ], [ -76.19, 1.01 ], [ -76.18, 1.01 ], [ -76.18, 1.02 ], [ -76.18, 1.03 ], [ -76.17, 1.03 ], [ -76.15, 1.02 ], [ -76.14, 1.02 ], [ -76.13, 1.01 ], [ -76.11, 1.01 ], [ -76.1, 1.02 ], [ -76.09, 1.02 ], [ -76.08, 1.02 ], [ -76.08, 1.03 ], [ -76.08, 1.05 ], [ -76.06, 1.05 ], [ -76.05, 1.05 ], [ -76.04, 1.05 ], [ -76.02, 1.05 ], [ -76.01, 1.05 ], [ -76.0, 1.05 ], [ -76.0, 1.03 ], [ -75.99, 1.03 ], [ -75.99, 1.05 ], [ -75.99, 1.06 ], [ -76.0, 1.06 ], [ -76.0, 1.07 ], [ -75.99, 1.07 ], [ -75.97, 1.06 ], [ -75.95, 1.03 ], [ -75.94, 1.03 ], [ -75.92, 1.03 ], [ -75.92, 1.02 ], [ -75.93, 1.01 ], [ -75.93, 0.99 ], [ -75.95, 0.99 ], [ -75.95, 0.98 ], [ -75.94, 0.98 ], [ -75.92, 0.98 ], [ -75.91, 0.97 ], [ -75.9, 0.97 ], [ -75.9, 0.95 ], [ -75.9, 0.94 ], [ -75.89, 0.94 ], [ -75.87, 0.93 ], [ -75.87, 0.92 ], [ -75.86, 0.9 ], [ -75.86, 0.89 ], [ -75.84, 0.88 ], [ -75.83, 0.87 ], [ -75.82, 0.88 ], [ -75.81, 0.89 ], [ -75.81, 0.9 ], [ -75.8, 0.9 ], [ -75.77, 0.86 ], [ -75.76, 0.85 ], [ -75.77, 0.84 ], [ -75.76, 0.84 ], [ -75.74, 0.85 ], [ -75.73, 0.86 ], [ -75.71, 0.86 ], [ -75.69, 0.86 ], [ -75.68, 0.86 ], [ -75.67, 0.86 ], [ -75.66, 0.87 ], [ -75.64, 0.88 ], [ -75.62, 0.87 ], [ -75.61, 0.86 ], [ -75.61, 0.84 ], [ -75.6, 0.84 ], [ -75.58, 0.84 ], [ -75.57, 0.83 ], [ -75.55, 0.83 ], [ -75.54, 0.83 ], [ -75.54, 0.82 ], [ -75.54, 0.79 ], [ -75.53, 0.79 ], [ -75.53, 0.78 ], [ -75.52, 0.78 ], [ -75.51, 0.77 ], [ -75.5, 0.77 ], [ -75.49, 0.78 ], [ -75.48, 0.78 ], [ -75.47, 0.77 ], [ -75.47, 0.76 ], [ -75.43, 0.75 ], [ -75.42, 0.74 ], [ -75.41, 0.74 ], [ -75.4, 0.74 ], [ -75.38, 0.75 ], [ -75.36, 0.75 ], [ -75.35, 0.77 ], [ -75.34, 0.77 ], [ -75.33, 0.76 ], [ -75.33, 0.75 ], [ -75.32, 0.75 ], [ -75.31, 0.75 ], [ -75.3, 0.74 ], [ -75.3, 0.73 ], [ -75.27, 0.73 ], [ -75.26, 0.71 ], [ -75.26, 0.7 ], [ -75.26, 0.69 ], [ -75.28, 0.67 ], [ -75.27, 0.66 ], [ -75.23, 0.65 ], [ -75.22, 0.63 ], [ -75.21, 0.61 ], [ -75.21, 0.6 ], [ -75.21, 0.59 ], [ -75.23, 0.58 ], [ -75.24, 0.57 ], [ -75.23, 0.55 ], [ -75.22, 0.54 ], [ -75.21, 0.52 ], [ -75.2, 0.51 ], [ -75.2, 0.5 ], [ -75.21, 0.5 ], [ -75.22, 0.5 ], [ -75.22, 0.49 ], [ -75.21, 0.48 ], [ -75.2, 0.48 ], [ -75.18, 0.49 ], [ -75.16, 0.48 ], [ -75.14, 0.49 ], [ -75.12, 0.51 ], [ -75.11, 0.51 ], [ -75.1, 0.51 ], [ -75.09, 0.5 ], [ -75.1, 0.49 ], [ -75.11, 0.48 ], [ -75.1, 0.47 ], [ -75.05, 0.48 ], [ -75.04, 0.48 ], [ -75.03, 0.48 ], [ -75.02, 0.48 ], [ -75.01, 0.46 ], [ -75.01, 0.44 ], [ -74.99, 0.42 ], [ -74.98, 0.41 ], [ -74.98, 0.4 ], [ -74.99, 0.4 ], [ -75.01, 0.39 ], [ -75.02, 0.38 ], [ -75.01, 0.35 ], [ -75.0, 0.33 ], [ -74.99, 0.32 ], [ -74.98, 0.31 ], [ -74.99, 0.3 ], [ -75.01, 0.3 ], [ -75.01, 0.29 ], [ -75.01, 0.28 ], [ -75.0, 0.27 ], [ -74.99, 0.27 ], [ -74.97, 0.24 ], [ -74.96, 0.24 ], [ -74.95, 0.24 ], [ -74.93, 0.25 ], [ -74.91, 0.25 ], [ -74.89, 0.25 ], [ -74.88, 0.24 ], [ -74.86, 0.22 ], [ -74.84, 0.21 ], [ -74.83, 0.21 ], [ -74.83, 0.22 ], [ -74.82, 0.22 ], [ -74.78, 0.21 ], [ -74.77, 0.21 ], [ -74.74, 0.21 ], [ -74.72, 0.2 ], [ -74.71, 0.19 ], [ -74.7, 0.18 ], [ -74.68, 0.17 ], [ -74.68, 0.16 ], [ -74.68, 0.15 ], [ -74.68, 0.13 ], [ -74.67, 0.12 ], [ -74.68, 0.1 ], [ -74.68, 0.09 ], [ -74.69, 0.09 ], [ -74.7, 0.09 ], [ -74.71, 0.1 ], [ -74.71, 0.09 ], [ -74.7, 0.08 ], [ -74.69, 0.08 ], [ -74.67, 0.08 ], [ -74.66, 0.08 ], [ -74.66, 0.07 ], [ -74.66, 0.06 ], [ -74.67, 0.05 ], [ -74.68, 0.04 ], [ -74.7, 0.04 ], [ -74.69, 0.02 ], [ -74.68, 0.01 ], [ -74.66, -0.01 ], [ -74.66, -0.03 ], [ -74.66, -0.04 ], [ -74.67, -0.04 ], [ -74.68, -0.05 ], [ -74.68, -0.06 ], [ -74.67, -0.06 ], [ -74.65, -0.04 ], [ -74.64, -0.04 ], [ -74.63, -0.04 ], [ -74.62, -0.06 ], [ -74.62, -0.07 ], [ -74.62, -0.08 ], [ -74.63, -0.08 ], [ -74.63, -0.09 ], [ -74.6, -0.1 ], [ -74.58, -0.11 ], [ -74.54, -0.12 ], [ -74.53, -0.12 ], [ -74.52, -0.12 ], [ -74.53, -0.1 ], [ -74.53, -0.09 ], [ -74.52, -0.09 ], [ -74.51, -0.09 ], [ -74.51, -0.1 ], [ -74.51, -0.13 ], [ -74.5, -0.13 ], [ -74.5, -0.14 ], [ -74.48, -0.14 ], [ -74.47, -0.13 ], [ -74.46, -0.11 ], [ -74.46, -0.08 ], [ -74.45, -0.07 ], [ -74.44, -0.08 ], [ -74.43, -0.09 ], [ -74.42, -0.1 ], [ -74.42, -0.11 ], [ -74.43, -0.11 ], [ -74.45, -0.13 ], [ -74.45, -0.14 ], [ -74.44, -0.14 ], [ -74.43, -0.13 ], [ -74.42, -0.12 ], [ -74.4, -0.11 ], [ -74.37, -0.11 ], [ -74.36, -0.11 ], [ -74.34, -0.11 ], [ -74.32, -0.12 ], [ -74.31, -0.14 ], [ -74.3, -0.15 ], [ -74.29, -0.15 ], [ -74.28, -0.14 ], [ -74.27, -0.14 ], [ -74.26, -0.16 ], [ -74.27, -0.16 ], [ -74.29, -0.18 ], [ -74.29, -0.2 ], [ -74.24, -0.23 ], [ -74.23, -0.24 ], [ -74.22, -0.23 ], [ -74.22, -0.21 ], [ -74.21, -0.21 ], [ -74.2, -0.21 ], [ -74.19, -0.22 ], [ -74.19, -0.23 ], [ -74.19, -0.26 ], [ -74.18, -0.27 ], [ -74.17, -0.27 ], [ -74.16, -0.26 ], [ -74.15, -0.24 ], [ -74.14, -0.24 ], [ -74.13, -0.23 ], [ -74.11, -0.24 ], [ -74.08, -0.28 ], [ -74.07, -0.28 ], [ -74.05, -0.27 ], [ -74.04, -0.27 ], [ -74.04, -0.28 ], [ -74.04, -0.3 ], [ -74.04, -0.31 ], [ -74.02, -0.32 ], [ -74.02, -0.33 ], [ -74.01, -0.34 ], [ -74.0, -0.34 ], [ -73.94, -0.35 ], [ -73.9, -0.37 ], [ -73.88, -0.37 ], [ -73.86, -0.38 ], [ -73.84, -0.4 ], [ -74.39, -0.55 ], [ -74.39, -0.54 ], [ -74.4, -0.54 ], [ -74.41, -0.55 ], [ -74.42, -0.55 ], [ -74.42, -0.54 ], [ -74.42, -0.52 ], [ -74.42, -0.51 ], [ -74.42, -0.5 ], [ -74.43, -0.5 ], [ -74.44, -0.5 ], [ -74.45, -0.49 ], [ -74.46, -0.49 ], [ -74.47, -0.48 ], [ -74.47, -0.47 ], [ -74.48, -0.47 ], [ -74.49, -0.48 ], [ -74.49, -0.47 ], [ -74.49, -0.46 ], [ -74.5, -0.46 ], [ -74.52, -0.47 ], [ -74.53, -0.46 ], [ -74.54, -0.45 ], [ -74.54, -0.43 ], [ -74.54, -0.42 ], [ -74.56, -0.4 ], [ -74.58, -0.38 ], [ -74.6, -0.38 ], [ -74.6, -0.37 ], [ -74.61, -0.36 ], [ -74.61, -0.35 ], [ -74.63, -0.35 ], [ -74.64, -0.35 ], [ -74.65, -0.36 ], [ -74.66, -0.37 ], [ -74.67, -0.37 ], [ -74.68, -0.35 ], [ -74.67, -0.33 ], [ -74.68, -0.33 ], [ -74.69, -0.33 ], [ -74.71, -0.35 ], [ -74.72, -0.34 ], [ -74.73, -0.33 ], [ -74.73, -0.32 ], [ -74.73, -0.29 ], [ -74.74, -0.28 ], [ -74.74, -0.27 ], [ -74.75, -0.25 ], [ -74.76, -0.23 ], [ -74.76, -0.21 ], [ -74.77, -0.21 ], [ -74.79, -0.19 ], [ -74.81, -0.19 ], [ -74.82, -0.19 ], [ -74.83, -0.2 ], [ -74.84, -0.21 ], [ -74.85, -0.22 ], [ -74.86, -0.24 ], [ -74.87, -0.24 ], [ -74.87, -0.23 ], [ -74.88, -0.23 ], [ -74.89, -0.23 ], [ -74.89, -0.22 ], [ -74.9, -0.21 ], [ -74.91, -0.21 ], [ -74.91, -0.2 ], [ -74.92, -0.2 ], [ -74.92, -0.21 ], [ -74.93, -0.22 ], [ -74.93, -0.2 ], [ -74.95, -0.2 ], [ -74.95, -0.19 ], [ -74.96, -0.17 ], [ -74.97, -0.16 ], [ -74.97, -0.15 ], [ -74.98, -0.15 ], [ -75.0, -0.14 ], [ -75.02, -0.14 ], [ -75.02, -0.13 ], [ -75.04, -0.11 ], [ -75.06, -0.1 ], [ -75.07, -0.09 ], [ -75.08, -0.07 ], [ -75.09, -0.07 ], [ -75.11, -0.07 ], [ -75.12, -0.07 ], [ -75.14, -0.06 ], [ -75.15, -0.05 ], [ -75.16, -0.04 ], [ -75.18, -0.04 ], [ -75.21, -0.04 ], [ -75.22, -0.05 ], [ -75.22, -0.06 ], [ -75.23, -0.08 ], [ -75.25, -0.1 ], [ -75.28, -0.12 ], [ -75.28, -0.11 ], [ -75.3, -0.1 ], [ -75.31, -0.1 ], [ -75.32, -0.1 ], [ -75.33, -0.1 ], [ -75.34, -0.09 ], [ -75.35, -0.09 ], [ -75.37, -0.09 ], [ -75.39, -0.09 ], [ -75.41, -0.09 ], [ -75.41, -0.08 ], [ -75.43, -0.08 ], [ -75.44, -0.07 ], [ -75.45, -0.06 ], [ -75.46, -0.06 ], [ -75.47, -0.05 ], [ -75.49, -0.05 ], [ -75.5, -0.03 ], [ -75.52, -0.03 ], [ -75.52, -0.02 ], [ -75.53, -0.02 ], [ -75.55, -0.02 ], [ -75.57, -0.02 ], [ -75.58, -0.02 ], [ -75.58, -0.01 ], [ -75.58, 0.0 ], [ -75.58, 0.02 ], [ -75.59, 0.02 ], [ -75.6, 0.01 ], [ -75.61, 0.02 ], [ -75.62, 0.04 ], [ -75.62, 0.05 ], [ -75.63, 0.05 ], [ -75.64, 0.05 ], [ -75.64, 0.04 ], [ -75.65, 0.03 ], [ -75.65, 0.04 ], [ -75.66, 0.05 ], [ -75.68, 0.04 ], [ -75.7, 0.04 ], [ -75.7, 0.05 ], [ -75.71, 0.05 ], [ -75.72, 0.04 ], [ -75.73, 0.04 ], [ -75.74, 0.04 ], [ -75.75, 0.04 ], [ -75.76, 0.04 ], [ -75.77, 0.05 ], [ -75.79, 0.06 ], [ -75.8, 0.05 ], [ -75.81, 0.05 ], [ -75.81, 0.06 ], [ -75.81, 0.07 ], [ -75.81, 0.08 ], [ -75.83, 0.1 ], [ -75.84, 0.11 ], [ -75.85, 0.12 ], [ -75.85, 0.13 ], [ -75.86, 0.14 ], [ -75.87, 0.13 ], [ -75.87, 0.12 ], [ -75.88, 0.12 ], [ -75.88, 0.14 ], [ -75.89, 0.14 ], [ -75.9, 0.14 ], [ -75.89, 0.15 ], [ -75.89, 0.16 ], [ -75.9, 0.17 ], [ -75.92, 0.18 ], [ -75.92, 0.19 ], [ -75.94, 0.2 ], [ -75.94, 0.21 ], [ -75.95, 0.22 ], [ -75.96, 0.22 ], [ -75.96, 0.23 ], [ -75.96, 0.24 ], [ -75.98, 0.24 ], [ -75.99, 0.25 ], [ -75.98, 0.25 ], [ -75.98, 0.26 ], [ -76.0, 0.27 ], [ -76.0, 0.29 ], [ -76.0, 0.3 ], [ -76.01, 0.31 ], [ -76.02, 0.3 ], [ -76.04, 0.31 ], [ -76.05, 0.32 ], [ -76.05, 0.33 ], [ -76.06, 0.34 ], [ -76.09, 0.34 ], [ -76.1, 0.32 ], [ -76.11, 0.32 ], [ -76.12, 0.32 ], [ -76.12, 0.33 ], [ -76.12, 0.35 ], [ -76.13, 0.37 ], [ -76.13, 0.38 ], [ -76.14, 0.38 ], [ -76.15, 0.38 ], [ -76.16, 0.39 ], [ -76.17, 0.38 ], [ -76.18, 0.37 ], [ -76.19, 0.37 ], [ -76.2, 0.38 ], [ -76.21, 0.39 ], [ -76.22, 0.39 ], [ -76.22, 0.38 ], [ -76.23, 0.38 ], [ -76.23, 0.4 ], [ -76.24, 0.41 ], [ -76.25, 0.4 ], [ -76.26, 0.4 ], [ -76.26, 0.42 ], [ -76.26, 0.43 ], [ -76.28, 0.44 ], [ -76.29, 0.43 ], [ -76.29, 0.42 ], [ -76.3, 0.42 ], [ -76.31, 0.43 ], [ -76.33, 0.42 ], [ -76.34, 0.41 ], [ -76.33, 0.39 ], [ -76.35, 0.38 ], [ -76.36, 0.39 ], [ -76.37, 0.4 ], [ -76.4, 0.38 ], [ -76.41, 0.38 ], [ -76.41, 0.24 ], [ -76.42, 0.24 ], [ -76.42, 0.25 ], [ -76.43, 0.26 ], [ -76.45, 0.26 ], [ -76.45, 0.24 ], [ -76.48, 0.24 ], [ -76.49, 0.24 ], [ -76.5, 0.24 ], [ -76.52, 0.24 ], [ -76.53, 0.26 ], [ -76.54, 0.26 ], [ -76.57, 0.24 ], [ -76.58, 0.23 ], [ -76.58, 0.22 ], [ -76.59, 0.22 ], [ -76.59, 0.23 ], [ -76.61, 0.23 ], [ -76.62, 0.25 ], [ -76.62, 0.26 ], [ -76.63, 0.27 ], [ -76.64, 0.26 ], [ -76.69, 0.51 ], [ -76.66, 0.33 ], [ -76.65, 0.27 ], [ -76.66, 0.27 ], [ -76.67, 0.27 ], [ -76.68, 0.27 ], [ -76.69, 0.28 ], [ -76.7, 0.28 ], [ -76.71, 0.27 ] ] ], [ [ [ -76.64, 0.26 ], [ -76.65, 0.25 ], [ -76.66, 0.25 ], [ -76.65, 0.27 ], [ -76.64, 0.26 ] ] ], [ [ [ -76.21, 1.0 ], [ -76.21, 1.01 ], [ -76.2, 1.02 ], [ -76.2, 1.01 ], [ -76.2, 1.0 ], [ -76.21, 1.0 ] ] ], [ [ [ -76.09, 1.05 ], [ -76.09, 1.06 ], [ -76.08, 1.05 ], [ -76.09, 1.05 ] ] ] ] } },
{ "type": "Feature", "properties": { "CTEP": 12.0 }, "geometry": { "type": "MultiPolygon", "coordinates": [ [ [ [ -73.62, 9.73 ], [ -73.62, 9.72 ], [ -73.63, 9.72 ], [ -73.62, 9.73 ] ] ], [ [ [ -73.61, 9.79 ], [ -73.62, 9.79 ], [ -73.62, 9.8 ], [ -73.62, 9.82 ], [ -73.63, 9.82 ], [ -73.63, 9.83 ], [ -73.64, 9.83 ], [ -73.64, 9.84 ], [ -73.64, 9.85 ], [ -73.65, 9.86 ], [ -73.65, 9.83 ], [ -73.69, 9.84 ], [ -73.72, 9.83 ], [ -73.72, 9.84 ], [ -73.73, 9.84 ], [ -73.74, 9.85 ], [ -73.74, 9.87 ], [ -73.74, 9.88 ], [ -73.74, 9.91 ], [ -73.74, 9.92 ], [ -73.74, 9.93 ], [ -73.75, 9.95 ], [ -73.75, 9.96 ], [ -73.76, 9.99 ], [ -73.76, 10.0 ], [ -73.78, 10.01 ], [ -73.78, 10.02 ], [ -73.79, 10.03 ], [ -73.79, 10.04 ], [ -73.8, 10.04 ], [ -73.8, 10.05 ], [ -73.81, 10.04 ], [ -73.82, 10.04 ], [ -73.83, 10.04 ], [ -73.84, 10.05 ], [ -73.83, 10.06 ], [ -73.82, 10.07 ], [ -73.81, 10.07 ], [ -73.8, 10.08 ], [ -73.81, 10.09 ], [ -73.81, 10.1 ], [ -73.8, 10.11 ], [ -73.8, 10.12 ], [ -73.79, 10.13 ], [ -73.79, 10.14 ], [ -73.78, 10.14 ], [ -73.77, 10.15 ], [ -73.78, 10.15 ], [ -73.79, 10.15 ], [ -73.79, 10.16 ], [ -73.8, 10.16 ], [ -73.8, 10.17 ], [ -73.8, 10.18 ], [ -73.79, 10.18 ], [ -73.79, 10.19 ], [ -73.8, 10.19 ], [ -73.8, 10.2 ], [ -73.79, 10.2 ], [ -73.79, 10.21 ], [ -73.79, 10.22 ], [ -73.8, 10.22 ], [ -73.8, 10.23 ], [ -73.8, 10.24 ], [ -73.81, 10.24 ], [ -73.81, 10.26 ], [ -73.8, 10.27 ], [ -73.79, 10.27 ], [ -73.79, 10.28 ], [ -73.77, 10.29 ], [ -73.78, 10.3 ], [ -73.77, 10.3 ], [ -73.77, 10.31 ], [ -73.76, 10.31 ], [ -73.75, 10.31 ], [ -73.74, 10.33 ], [ -73.74, 10.34 ], [ -73.73, 10.35 ], [ -73.74, 10.35 ], [ -73.75, 10.35 ], [ -73.78, 10.35 ], [ -73.78, 10.37 ], [ -73.79, 10.38 ], [ -73.79, 10.39 ], [ -73.8, 10.39 ], [ -73.8, 10.4 ], [ -73.81, 10.4 ], [ -73.82, 10.39 ], [ -73.82, 10.4 ], [ -73.83, 10.4 ], [ -73.84, 10.4 ], [ -73.86, 10.39 ], [ -73.87, 10.39 ], [ -73.88, 10.39 ], [ -73.89, 10.39 ], [ -73.9, 10.39 ], [ -73.9, 10.38 ], [ -73.91, 10.38 ], [ -73.92, 10.38 ], [ -73.92, 10.37 ], [ -73.93, 10.37 ], [ -73.93, 10.36 ], [ -73.94, 10.35 ], [ -73.95, 10.35 ], [ -73.95, 10.34 ], [ -73.96, 10.34 ], [ -73.96, 10.33 ], [ -73.96, 10.32 ], [ -73.96, 10.31 ], [ -73.96, 10.3 ], [ -73.96, 10.29 ], [ -73.97, 10.29 ], [ -73.97, 10.28 ], [ -73.99, 10.27 ], [ -74.0, 10.27 ], [ -74.0, 10.28 ], [ -74.0, 10.29 ], [ -74.02, 10.32 ], [ -74.03, 10.33 ], [ -74.03, 10.34 ], [ -74.04, 10.34 ], [ -74.04, 10.35 ], [ -74.05, 10.35 ], [ -74.05, 10.34 ], [ -74.05, 10.33 ], [ -74.06, 10.33 ], [ -74.08, 10.36 ], [ -74.09, 10.37 ], [ -74.1, 10.39 ], [ -74.11, 10.39 ], [ -74.12, 10.38 ], [ -74.13, 10.38 ], [ -74.14, 10.38 ], [ -74.14, 10.37 ], [ -74.15, 10.37 ], [ -74.16, 10.36 ], [ -74.17, 10.37 ], [ -74.18, 10.38 ], [ -74.19, 10.38 ], [ -74.19, 10.39 ], [ -74.19, 10.4 ], [ -74.18, 10.41 ], [ -74.18, 10.42 ], [ -74.18, 10.44 ], [ -74.19, 10.45 ], [ -74.19, 10.46 ], [ -74.2, 10.46 ], [ -74.19, 10.48 ], [ -74.2, 10.48 ], [ -74.21, 10.49 ], [ -74.22, 10.49 ], [ -74.22, 10.52 ], [ -74.23, 10.52 ], [ -74.23, 10.53 ], [ -74.23, 10.54 ], [ -74.22, 10.54 ], [ -74.21, 10.54 ], [ -74.21, 10.55 ], [ -74.19, 10.55 ], [ -74.19, 10.57 ], [ -74.19, 10.59 ], [ -74.2, 10.59 ], [ -74.2, 10.6 ], [ -74.21, 10.6 ], [ -74.22, 10.6 ], [ -74.25, 10.64 ], [ -74.25, 10.65 ], [ -74.26, 10.67 ], [ -74.23, 10.66 ], [ -74.22, 10.66 ], [ -74.21, 10.66 ], [ -74.19, 10.66 ], [ -74.19, 10.65 ], [ -74.18, 10.65 ], [ -74.18, 10.64 ], [ -74.17, 10.64 ], [ -74.16, 10.64 ], [ -74.15, 10.64 ], [ -74.15, 10.65 ], [ -74.15, 10.66 ], [ -74.14, 10.67 ], [ -74.14, 10.68 ], [ -74.13, 10.68 ], [ -74.12, 10.68 ], [ -74.12, 10.69 ], [ -74.13, 10.69 ], [ -74.13, 10.7 ], [ -74.13, 10.71 ], [ -74.12, 10.72 ], [ -74.12, 10.73 ], [ -74.11, 10.73 ], [ -74.1, 10.74 ], [ -74.09, 10.75 ], [ -74.09, 10.76 ], [ -74.09, 10.78 ], [ -74.09, 10.79 ], [ -74.1, 10.79 ], [ -74.1, 10.8 ], [ -74.1, 10.81 ], [ -74.1, 10.82 ], [ -74.11, 10.82 ], [ -74.11, 10.83 ], [ -74.11, 10.84 ], [ -74.11, 10.85 ], [ -74.11, 10.86 ], [ -74.1, 10.86 ], [ -74.1, 10.87 ], [ -74.12, 10.87 ], [ -74.13, 10.87 ], [ -74.13, 10.86 ], [ -74.14, 10.86 ], [ -74.15, 10.87 ], [ -74.14, 10.88 ], [ -74.15, 10.89 ], [ -74.15, 10.9 ], [ -74.15, 10.91 ], [ -74.15, 10.92 ], [ -74.16, 10.93 ], [ -74.16, 10.94 ], [ -74.16, 10.95 ], [ -74.17, 10.96 ], [ -74.18, 10.96 ], [ -74.2, 10.96 ], [ -74.21, 10.95 ], [ -74.18, 10.91 ], [ -74.18, 10.9 ], [ -74.19, 10.91 ], [ -74.22, 10.91 ], [ -74.22, 10.88 ], [ -74.22, 10.87 ], [ -74.25, 10.86 ], [ -74.27, 10.87 ], [ -74.28, 10.87 ], [ -74.28, 10.88 ], [ -74.28, 10.89 ], [ -74.28, 10.9 ], [ -74.27, 10.9 ], [ -74.27, 10.91 ], [ -74.26, 10.91 ], [ -74.26, 11.0 ], [ -74.27, 11.01 ], [ -74.24, 11.03 ], [ -74.22, 11.07 ], [ -74.22, 11.08 ], [ -74.22, 11.11 ], [ -74.23, 11.11 ], [ -74.23, 11.12 ], [ -74.23, 11.13 ], [ -74.23, 11.15 ], [ -74.23, 11.17 ], [ -74.24, 11.18 ], [ -74.23, 11.19 ], [ -74.23, 11.2 ], [ -74.23, 11.21 ], [ -74.23, 11.22 ], [ -74.23, 11.23 ], [ -74.22, 11.23 ], [ -74.22, 11.24 ], [ -74.21, 11.25 ], [ -74.22, 11.25 ], [ -74.21, 11.26 ], [ -74.2, 11.26 ], [ -74.19, 11.26 ], [ -74.19, 11.27 ], [ -74.2, 11.27 ], [ -74.21, 11.27 ], [ -74.2, 11.28 ], [ -74.2, 11.29 ], [ -74.19, 11.29 ], [ -74.19, 11.3 ], [ -74.18, 11.3 ], [ -74.18, 11.31 ], [ -74.17, 11.31 ], [ -74.17, 11.3 ], [ -74.16, 11.3 ], [ -74.15, 11.3 ], [ -74.15, 11.31 ], [ -74.16, 11.32 ], [ -74.15, 11.33 ], [ -74.14, 11.33 ], [ -74.13, 11.33 ], [ -74.12, 11.33 ], [ -74.12, 11.32 ], [ -74.11, 11.32 ], [ -74.1, 11.32 ], [ -74.09, 11.32 ], [ -74.08, 11.32 ], [ -74.08, 11.33 ], [ -74.08, 11.34 ], [ -74.07, 11.34 ], [ -74.06, 11.35 ], [ -74.06, 11.34 ], [ -74.06, 11.33 ], [ -74.05, 11.33 ], [ -74.05, 11.34 ], [ -74.05, 11.35 ], [ -74.04, 11.35 ], [ -74.04, 11.34 ], [ -74.03, 11.34 ], [ -74.03, 11.35 ], [ -74.02, 11.35 ], [ -74.02, 11.34 ], [ -74.01, 11.34 ], [ -73.99, 11.34 ], [ -73.98, 11.34 ], [ -73.97, 11.33 ], [ -73.96, 11.33 ], [ -73.96, 11.32 ], [ -73.95, 11.32 ], [ -73.95, 11.31 ], [ -73.93, 11.31 ], [ -73.91, 11.3 ], [ -73.89, 11.3 ], [ -73.87, 11.28 ], [ -73.86, 11.27 ], [ -73.85, 11.27 ], [ -73.79, 11.26 ], [ -73.78, 11.26 ], [ -73.77, 11.26 ], [ -73.76, 11.27 ], [ -73.72, 11.25 ], [ -73.71, 11.25 ], [ -73.7, 11.26 ], [ -73.66, 11.25 ], [ -73.65, 11.26 ], [ -73.61, 11.26 ], [ -73.59, 11.26 ], [ -73.57, 11.26 ], [ -73.53, 11.25 ], [ -73.52, 11.25 ], [ -73.51, 11.26 ], [ -73.49, 11.26 ], [ -73.48, 11.26 ], [ -73.44, 11.26 ], [ -73.42, 11.26 ], [ -73.36, 11.26 ], [ -73.35, 11.26 ], [ -73.34, 11.27 ], [ -73.3, 11.28 ], [ -73.28, 11.29 ], [ -73.27, 11.29 ], [ -73.26, 11.3 ], [ -73.25, 11.3 ], [ -73.25, 11.31 ], [ -73.22, 11.33 ], [ -73.21, 11.32 ], [ -73.21, 11.31 ], [ -73.2, 11.31 ], [ -73.2, 11.3 ], [ -73.19, 11.3 ], [ -73.19, 11.29 ], [ -73.18, 11.28 ], [ -73.17, 11.27 ], [ -73.16, 11.26 ], [ -73.15, 11.26 ], [ -73.15, 11.25 ], [ -73.16, 11.24 ], [ -73.16, 11.23 ], [ -73.16, 11.22 ], [ -73.16, 11.21 ], [ -73.17, 11.21 ], [ -73.17, 11.2 ], [ -73.16, 11.19 ], [ -73.17, 11.18 ], [ -73.18, 11.17 ], [ -73.18, 11.16 ], [ -73.21, 11.16 ], [ -73.21, 11.15 ], [ -73.21, 11.13 ], [ -73.22, 11.13 ], [ -73.22, 11.12 ], [ -73.23, 11.11 ], [ -73.24, 11.1 ], [ -73.25, 11.09 ], [ -73.25, 11.08 ], [ -73.26, 11.08 ], [ -73.27, 11.08 ], [ -73.31, 11.06 ], [ -73.31, 11.05 ], [ -73.32, 11.04 ], [ -73.32, 11.03 ], [ -73.33, 11.03 ], [ -73.32, 11.02 ], [ -73.31, 11.01 ], [ -73.31, 11.0 ], [ -73.32, 11.0 ], [ -73.32, 10.99 ], [ -73.33, 10.98 ], [ -73.33, 10.97 ], [ -73.35, 10.97 ], [ -73.36, 10.97 ], [ -73.36, 10.96 ], [ -73.36, 10.95 ], [ -73.36, 10.94 ], [ -73.38, 10.93 ], [ -73.39, 10.92 ], [ -73.38, 10.91 ], [ -73.36, 10.92 ], [ -73.35, 10.91 ], [ -73.34, 10.91 ], [ -73.32, 10.92 ], [ -73.31, 10.93 ], [ -73.3, 10.93 ], [ -73.29, 10.94 ], [ -73.28, 10.94 ], [ -73.26, 10.93 ], [ -73.25, 10.93 ], [ -73.22, 10.93 ], [ -73.22, 10.94 ], [ -73.21, 10.94 ], [ -73.21, 10.93 ], [ -73.2, 10.93 ], [ -73.2, 10.94 ], [ -73.19, 10.94 ], [ -73.19, 10.95 ], [ -73.17, 10.95 ], [ -73.16, 10.95 ], [ -73.15, 10.96 ], [ -73.14, 10.97 ], [ -73.13, 10.97 ], [ -73.11, 10.99 ], [ -73.09, 10.98 ], [ -73.09, 10.97 ], [ -73.08, 10.97 ], [ -73.08, 10.98 ], [ -73.08, 10.99 ], [ -73.07, 10.99 ], [ -73.06, 10.99 ], [ -73.06, 11.0 ], [ -73.05, 11.0 ], [ -73.05, 11.01 ], [ -73.03, 11.01 ], [ -73.02, 11.01 ], [ -73.02, 11.0 ], [ -73.02, 10.99 ], [ -73.01, 10.98 ], [ -73.01, 10.97 ], [ -73.01, 10.96 ], [ -73.0, 10.96 ], [ -73.01, 10.94 ], [ -73.02, 10.93 ], [ -73.02, 10.92 ], [ -73.02, 10.91 ], [ -73.0, 10.9 ], [ -73.0, 10.88 ], [ -72.99, 10.89 ], [ -72.98, 10.89 ], [ -72.97, 10.89 ], [ -72.96, 10.89 ], [ -72.95, 10.89 ], [ -72.94, 10.88 ], [ -72.94, 10.87 ], [ -72.95, 10.87 ], [ -72.95, 10.86 ], [ -72.95, 10.85 ], [ -72.95, 10.84 ], [ -72.94, 10.82 ], [ -72.93, 10.82 ], [ -72.92, 10.82 ], [ -72.91, 10.81 ], [ -72.9, 10.8 ], [ -72.895, 10.79 ], [ -72.88, 10.79 ], [ -72.89, 10.81 ], [ -72.9, 10.82 ], [ -72.89, 10.84 ], [ -72.88, 10.83 ], [ -72.87, 10.84 ], [ -72.87, 10.86 ], [ -72.88, 10.86 ], [ -72.88, 10.87 ], [ -72.88, 10.88 ], [ -72.88, 10.89 ], [ -72.88, 10.9 ], [ -72.88, 10.91 ], [ -72.88, 10.92 ], [ -72.89, 10.92 ], [ -72.9, 10.93 ], [ -72.91, 10.94 ], [ -72.92, 10.95 ], [ -72.91, 10.97 ], [ -72.92, 10.99 ], [ -72.92, 11.01 ], [ -72.92, 11.02 ], [ -72.91, 11.02 ], [ -72.9, 11.02 ], [ -72.88, 11.0 ], [ -72.87, 10.99 ], [ -72.86, 10.98 ], [ -72.85, 10.98 ], [ -72.85, 10.97 ], [ -72.85, 10.96 ], [ -72.84, 10.96 ], [ -72.84, 10.95 ], [ -72.84, 10.93 ], [ -72.82, 10.93 ], [ -72.81, 10.93 ], [ -72.81, 10.92 ], [ -72.8, 10.9 ], [ -72.8, 10.89 ], [ -72.79, 10.89 ], [ -72.79, 10.88 ], [ -72.78, 10.88 ], [ -72.77, 10.88 ], [ -72.76, 10.88 ], [ -72.75, 10.88 ], [ -72.75, 10.87 ], [ -72.74, 10.87 ], [ -72.73, 10.87 ], [ -72.73, 10.86 ], [ -72.72, 10.86 ], [ -72.71, 10.85 ], [ -72.7, 10.85 ], [ -72.7, 10.84 ], [ -72.67, 10.81 ], [ -72.68, 10.8 ], [ -72.68, 10.78 ], [ -72.68, 10.77 ], [ -72.68, 10.76 ], [ -72.69, 10.76 ], [ -72.7, 10.76 ], [ -72.71, 10.76 ], [ -72.71, 10.75 ], [ -72.71, 10.74 ], [ -72.72, 10.72 ], [ -72.72, 10.71 ], [ -72.73, 10.7 ], [ -72.73, 10.69 ], [ -72.73, 10.68 ], [ -72.74, 10.67 ], [ -72.74, 10.66 ], [ -72.74, 10.65 ], [ -72.75, 10.65 ], [ -72.75, 10.64 ], [ -72.76, 10.62 ], [ -72.78, 10.62 ], [ -72.8, 10.65 ], [ -72.81, 10.67 ], [ -72.82, 10.68 ], [ -72.83, 10.68 ], [ -72.86, 10.68 ], [ -72.87, 10.69 ], [ -72.88, 10.69 ], [ -72.89, 10.69 ], [ -72.9, 10.69 ], [ -72.93, 10.7 ], [ -72.95, 10.71 ], [ -72.96, 10.71 ], [ -72.96, 10.72 ], [ -72.97, 10.72 ], [ -72.98, 10.71 ], [ -72.99, 10.7 ], [ -73.0, 10.7 ], [ -73.0, 10.69 ], [ -73.01, 10.67 ], [ -73.02, 10.67 ], [ -73.03, 10.67 ], [ -73.03, 10.66 ], [ -73.04, 10.66 ], [ -73.04, 10.65 ], [ -73.05, 10.65 ], [ -73.06, 10.65 ], [ -73.07, 10.63 ], [ -73.08, 10.64 ], [ -73.08, 10.63 ], [ -73.08, 10.62 ], [ -73.09, 10.62 ], [ -73.09, 10.61 ], [ -73.09, 10.6 ], [ -73.09, 10.59 ], [ -73.09, 10.58 ], [ -73.1, 10.58 ], [ -73.1, 10.57 ], [ -73.1, 10.56 ], [ -73.1, 10.55 ], [ -73.11, 10.54 ], [ -73.12, 10.54 ], [ -73.12, 10.53 ], [ -73.13, 10.53 ], [ -73.14, 10.53 ], [ -73.14, 10.51 ], [ -73.15, 10.51 ], [ -73.15, 10.5 ], [ -73.16, 10.5 ], [ -73.16, 10.49 ], [ -73.16, 10.48 ], [ -73.17, 10.48 ], [ -73.17, 10.47 ], [ -73.18, 10.47 ], [ -73.18, 10.46 ], [ -73.17, 10.46 ], [ -73.16, 10.46 ], [ -73.15, 10.45 ], [ -73.15, 10.44 ], [ -73.14, 10.44 ], [ -73.15, 10.42 ], [ -73.14, 10.41 ], [ -73.15, 10.4 ], [ -73.14, 10.4 ], [ -73.13, 10.4 ], [ -73.12, 10.39 ], [ -73.11, 10.4 ], [ -73.1, 10.4 ], [ -73.1, 10.39 ], [ -73.09, 10.39 ], [ -73.07, 10.37 ], [ -73.06, 10.36 ], [ -73.05, 10.36 ], [ -73.05, 10.35 ], [ -73.04, 10.35 ], [ -73.03, 10.35 ], [ -73.02, 10.35 ], [ -73.01, 10.35 ], [ -73.01, 10.36 ], [ -73.0, 10.36 ], [ -72.99, 10.36 ], [ -72.99, 10.37 ], [ -72.98, 10.36 ], [ -72.96, 10.37 ], [ -72.95, 10.37 ], [ -72.94, 10.36 ], [ -72.93, 10.36 ], [ -72.92, 10.36 ], [ -72.91, 10.36 ], [ -72.91, 10.35 ], [ -72.91, 10.34 ], [ -72.9, 10.34 ], [ -72.91, 10.32 ], [ -72.9, 10.31 ], [ -72.9, 10.29 ], [ -72.91, 10.29 ], [ -72.9, 10.28 ], [ -72.91, 10.27 ], [ -72.91, 10.26 ], [ -72.9, 10.25 ], [ -72.9, 10.24 ], [ -72.9, 10.23 ], [ -72.9, 10.22 ], [ -72.9, 10.21 ], [ -72.91, 10.21 ], [ -72.91, 10.18 ], [ -72.92, 10.16 ], [ -72.92, 10.14 ], [ -72.91, 10.11 ], [ -72.92, 10.11 ], [ -72.92, 10.1 ], [ -72.93, 10.1 ], [ -72.93, 10.09 ], [ -72.93, 10.08 ], [ -72.94, 10.08 ], [ -72.94, 10.07 ], [ -72.95, 10.07 ], [ -72.95, 10.06 ], [ -72.96, 10.05 ], [ -72.95, 10.04 ], [ -72.95, 10.03 ], [ -72.96, 10.02 ], [ -72.96, 10.01 ], [ -72.97, 10.0 ], [ -72.97, 9.99 ], [ -72.98, 9.98 ], [ -72.98, 9.97 ], [ -72.98, 9.96 ], [ -72.99, 9.95 ], [ -72.99, 9.94 ], [ -73.0, 9.92 ], [ -72.99, 9.92 ], [ -72.98, 9.92 ], [ -72.98, 9.91 ], [ -72.99, 9.9 ], [ -72.98, 9.89 ], [ -72.99, 9.88 ], [ -72.98, 9.87 ], [ -72.97, 9.87 ], [ -72.97, 9.86 ], [ -72.96, 9.85 ], [ -72.95, 9.85 ], [ -72.95, 9.84 ], [ -72.95, 9.83 ], [ -72.96, 9.83 ], [ -72.96, 9.82 ], [ -72.97, 9.81 ], [ -72.97, 9.8 ], [ -72.98, 9.8 ], [ -72.99, 9.78 ], [ -73.0, 9.77 ], [ -73.0, 9.76 ], [ -73.01, 9.75 ], [ -73.0, 9.74 ], [ -73.01, 9.74 ], [ -73.02, 9.73 ], [ -73.03, 9.72 ], [ -73.03, 9.71 ], [ -73.03, 9.7 ], [ -73.04, 9.7 ], [ -73.05, 9.69 ], [ -73.05, 9.68 ], [ -73.06, 9.66 ], [ -73.06, 9.65 ], [ -73.07, 9.63 ], [ -73.08, 9.61 ], [ -73.07, 9.6 ], [ -73.08, 9.59 ], [ -73.08, 9.58 ], [ -73.09, 9.57 ], [ -73.09, 9.56 ], [ -73.1, 9.56 ], [ -73.11, 9.55 ], [ -73.13, 9.56 ], [ -73.13, 9.55 ], [ -73.14, 9.55 ], [ -73.14, 9.54 ], [ -73.15, 9.54 ], [ -73.15, 9.53 ], [ -73.16, 9.52 ], [ -73.17, 9.51 ], [ -73.18, 9.5 ], [ -73.17, 9.49 ], [ -73.17, 9.48 ], [ -73.18, 9.48 ], [ -73.19, 9.47 ], [ -73.2, 9.48 ], [ -73.2, 9.47 ], [ -73.2, 9.46 ], [ -73.19, 9.46 ], [ -73.19, 9.45 ], [ -73.19, 9.44 ], [ -73.2, 9.44 ], [ -73.2, 9.43 ], [ -73.21, 9.43 ], [ -73.21, 9.44 ], [ -73.21, 9.45 ], [ -73.22, 9.45 ], [ -73.23, 9.46 ], [ -73.24, 9.46 ], [ -73.25, 9.47 ], [ -73.26, 9.46 ], [ -73.27, 9.46 ], [ -73.28, 9.46 ], [ -73.28, 9.45 ], [ -73.29, 9.45 ], [ -73.3, 9.45 ], [ -73.31, 9.45 ], [ -73.32, 9.45 ], [ -73.33, 9.46 ], [ -73.34, 9.46 ], [ -73.35, 9.46 ], [ -73.36, 9.46 ], [ -73.36, 9.45 ], [ -73.37, 9.45 ], [ -73.38, 9.45 ], [ -73.38, 9.46 ], [ -73.4, 9.47 ], [ -73.41, 9.47 ], [ -73.43, 9.47 ], [ -73.43, 9.48 ], [ -73.44, 9.48 ], [ -73.44, 9.49 ], [ -73.45, 9.49 ], [ -73.46, 9.49 ], [ -73.46, 9.48 ], [ -73.47, 9.48 ], [ -73.48, 9.48 ], [ -73.49, 9.48 ], [ -73.5, 9.48 ], [ -73.51, 9.49 ], [ -73.53, 9.5 ], [ -73.54, 9.51 ], [ -73.55, 9.51 ], [ -73.56, 9.52 ], [ -73.57, 9.51 ], [ -73.58, 9.53 ], [ -73.57, 9.53 ], [ -73.56, 9.53 ], [ -73.55, 9.53 ], [ -73.54, 9.53 ], [ -73.53, 9.53 ], [ -73.52, 9.54 ], [ -73.52, 9.55 ], [ -73.51, 9.55 ], [ -73.51, 9.56 ], [ -73.5, 9.56 ], [ -73.5, 9.57 ], [ -73.49, 9.58 ], [ -73.44, 9.61 ], [ -73.44, 9.62 ], [ -73.45, 9.63 ], [ -73.46, 9.63 ], [ -73.47, 9.63 ], [ -73.5, 9.64 ], [ -73.49, 9.65 ], [ -73.49, 9.67 ], [ -73.5, 9.67 ], [ -73.51, 9.67 ], [ -73.51, 9.66 ], [ -73.52, 9.66 ], [ -73.53, 9.66 ], [ -73.54, 9.66 ], [ -73.55, 9.66 ], [ -73.56, 9.66 ], [ -73.57, 9.65 ], [ -73.58, 9.66 ], [ -73.58, 9.65 ], [ -73.59, 9.65 ], [ -73.6, 9.65 ], [ -73.61, 9.65 ], [ -73.62, 9.65 ], [ -73.63, 9.65 ], [ -73.64, 9.65 ], [ -73.64, 9.66 ], [ -73.64, 9.67 ], [ -73.64, 9.68 ], [ -73.64, 9.69 ], [ -73.63, 9.7 ], [ -73.63, 9.71 ], [ -73.62, 9.71 ], [ -73.62, 9.72 ], [ -73.61, 9.73 ], [ -73.62, 9.73 ], [ -73.63, 9.74 ], [ -73.63, 9.75 ], [ -73.63, 9.76 ], [ -73.62, 9.76 ], [ -73.62, 9.77 ], [ -73.62, 9.78 ], [ -73.61, 9.78 ], [ -73.61, 9.79 ] ], [ [ -73.53, 10.02 ], [ -73.53, 10.01 ], [ -73.54, 10.01 ], [ -73.54, 10.0 ], [ -73.55, 10.0 ], [ -73.55, 9.99 ], [ -73.55, 9.98 ], [ -73.56, 9.97 ], [ -73.56, 9.96 ], [ -73.57, 9.96 ], [ -73.57, 9.95 ], [ -73.57, 9.94 ], [ -73.57, 9.93 ], [ -73.58, 9.93 ], [ -73.59, 9.93 ], [ -73.59, 9.92 ], [ -73.59, 9.91 ], [ -73.59, 9.9 ], [ -73.59, 9.89 ], [ -73.59, 9.88 ], [ -73.59, 9.87 ], [ -73.58, 9.87 ], [ -73.57, 9.88 ], [ -73.57, 9.89 ], [ -73.56, 9.9 ], [ -73.56, 9.91 ], [ -73.55, 9.91 ], [ -73.5, 10.02 ], [ -73.51, 10.02 ], [ -73.52, 10.02 ], [ -73.53, 10.02 ] ], [ [ -73.49, 10.01 ], [ -73.48, 10.02 ], [ -73.47, 10.02 ], [ -73.43, 10.02 ], [ -73.42, 10.03 ], [ -73.42, 10.04 ], [ -73.41, 10.05 ], [ -73.41, 10.06 ], [ -73.4, 10.06 ], [ -73.4, 10.07 ], [ -73.39, 10.08 ], [ -73.38, 10.09 ], [ -73.37, 10.09 ], [ -73.36, 10.09 ], [ -73.35, 10.09 ], [ -73.35, 10.08 ], [ -73.34, 10.09 ], [ -73.33, 10.09 ], [ -73.32, 10.09 ], [ -73.31, 10.1 ], [ -73.3, 10.09 ], [ -73.3, 10.11 ], [ -73.29, 10.11 ], [ -73.28, 10.11 ], [ -73.27, 10.11 ], [ -73.26, 10.11 ], [ -73.25, 10.11 ], [ -73.24, 10.11 ], [ -73.23, 10.12 ], [ -73.22, 10.12 ], [ -73.22, 10.11 ], [ -73.21, 10.11 ], [ -73.17, 10.11 ], [ -73.16, 10.2 ], [ -73.12, 10.2 ], [ -73.12, 10.34 ], [ -73.14, 10.34 ], [ -73.15, 10.33 ], [ -73.17, 10.34 ], [ -73.18, 10.34 ], [ -73.2, 10.35 ], [ -73.21, 10.35 ], [ -73.22, 10.35 ], [ -73.23, 10.36 ], [ -73.24, 10.35 ], [ -73.24, 10.34 ], [ -73.25, 10.34 ], [ -73.25, 10.33 ], [ -73.25, 10.32 ], [ -73.25, 10.31 ], [ -73.25, 10.3 ], [ -73.26, 10.3 ], [ -73.26, 10.29 ], [ -73.26, 10.28 ], [ -73.27, 10.28 ], [ -73.27, 10.27 ], [ -73.28, 10.27 ], [ -73.28, 10.26 ], [ -73.27, 10.26 ], [ -73.27, 10.25 ], [ -73.28, 10.25 ], [ -73.28, 10.24 ], [ -73.29, 10.23 ], [ -73.3, 10.22 ], [ -73.3, 10.21 ], [ -73.31, 10.21 ], [ -73.32, 10.21 ], [ -73.33, 10.21 ], [ -73.33, 10.2 ], [ -73.34, 10.2 ], [ -73.34, 10.19 ], [ -73.35, 10.19 ], [ -73.35, 10.18 ], [ -73.36, 10.18 ], [ -73.36, 10.17 ], [ -73.37, 10.17 ], [ -73.37, 10.16 ], [ -73.38, 10.16 ], [ -73.38, 10.15 ], [ -73.39, 10.15 ], [ -73.39, 10.14 ], [ -73.39, 10.13 ], [ -73.39, 10.12 ], [ -73.4, 10.12 ], [ -73.41, 10.12 ], [ -73.41, 10.11 ], [ -73.42, 10.11 ], [ -73.42, 10.1 ], [ -73.43, 10.09 ], [ -73.44, 10.09 ], [ -73.45, 10.09 ], [ -73.45, 10.08 ], [ -73.46, 10.08 ], [ -73.47, 10.07 ], [ -73.48, 10.07 ], [ -73.48, 10.06 ], [ -73.48, 10.05 ], [ -73.49, 10.05 ], [ -73.49, 10.04 ], [ -73.5, 10.04 ], [ -73.5, 10.03 ], [ -73.5, 10.02 ], [ -73.49, 10.01 ] ] ], [ [ [ -74.24, 10.55 ], [ -74.23, 10.55 ], [ -74.23, 10.54 ], [ -74.24, 10.54 ], [ -74.24, 10.55 ] ] ], [ [ [ -74.11, 11.34 ], [ -74.1, 11.34 ], [ -74.1, 11.33 ], [ -74.11, 11.33 ], [ -74.11, 11.34 ] ] ] ] } },
{ "type": "Feature", "properties": { "CTEP": 13.0 }, "geometry": { "type": "MultiPolygon", "coordinates": [ [ [ [ -73.92, 7.23 ], [ -73.92, 7.22 ], [ -73.92, 7.21 ], [ -73.94, 7.18 ], [ -73.93, 7.16 ], [ -73.93, 7.14 ], [ -73.93, 7.13 ], [ -73.93, 7.12 ], [ -73.91, 7.1 ], [ -73.89, 7.08 ], [ -73.89, 7.07 ], [ -73.88, 7.03 ], [ -73.88, 7.02 ], [ -73.88, 7.01 ], [ -73.89, 7.0 ], [ -73.91, 6.98 ], [ -73.92, 6.97 ], [ -73.93, 6.97 ], [ -73.93, 6.96 ], [ -73.95, 6.95 ], [ -73.96, 6.94 ], [ -73.99, 6.93 ], [ -74.0, 6.92 ], [ -74.01, 6.92 ], [ -74.01, 6.91 ], [ -74.02, 6.89 ], [ -74.04, 6.88 ], [ -74.06, 6.86 ], [ -74.07, 6.85 ], [ -74.08, 6.84 ], [ -74.08, 6.82 ], [ -74.11, 6.77 ], [ -74.12, 6.77 ], [ -74.13, 6.76 ], [ -74.14, 6.76 ], [ -74.16, 6.74 ], [ -74.17, 6.73 ], [ -74.18, 6.72 ], [ -74.19, 6.72 ], [ -74.2, 6.72 ], [ -74.21, 6.72 ], [ -74.23, 6.71 ], [ -74.24, 6.7 ], [ -74.26, 6.68 ], [ -74.27, 6.67 ], [ -74.28, 6.66 ], [ -74.29, 6.66 ], [ -74.31, 6.65 ], [ -74.33, 6.63 ], [ -74.34, 6.63 ], [ -74.36, 6.63 ], [ -74.37, 6.63 ], [ -74.38, 6.65 ], [ -74.39, 6.65 ], [ -74.39, 6.66 ], [ -74.39, 6.67 ], [ -74.4, 6.67 ], [ -74.4, 6.68 ], [ -74.39, 6.69 ], [ -74.39, 6.7 ], [ -74.4, 6.71 ], [ -74.41, 6.72 ], [ -74.41, 6.73 ], [ -74.42, 6.74 ], [ -74.43, 6.74 ], [ -74.44, 6.74 ], [ -74.45, 6.75 ], [ -74.45, 6.76 ], [ -74.45, 6.77 ], [ -74.45, 6.78 ], [ -74.46, 6.78 ], [ -74.47, 6.79 ], [ -74.48, 6.79 ], [ -74.49, 6.79 ], [ -74.49, 6.8 ], [ -74.49, 6.81 ], [ -74.48, 6.82 ], [ -74.47, 6.81 ], [ -74.46, 6.81 ], [ -74.46, 6.8 ], [ -74.45, 6.8 ], [ -74.45, 6.79 ], [ -74.44, 6.79 ], [ -74.43, 6.79 ], [ -74.43, 6.8 ], [ -74.42, 6.81 ], [ -74.41, 6.84 ], [ -74.4, 6.84 ], [ -74.4, 6.85 ], [ -74.39, 6.86 ], [ -74.39, 6.87 ], [ -74.39, 6.88 ], [ -74.4, 6.88 ], [ -74.39, 6.89 ], [ -74.38, 6.9 ], [ -74.38, 6.91 ], [ -74.37, 6.91 ], [ -74.36, 6.91 ], [ -74.36, 6.92 ], [ -74.35, 6.92 ], [ -74.34, 6.92 ], [ -74.33, 6.92 ], [ -74.32, 6.92 ], [ -74.32, 6.93 ], [ -74.31, 6.93 ], [ -74.31, 6.94 ], [ -74.31, 6.95 ], [ -74.31, 6.96 ], [ -74.3, 6.96 ], [ -74.29, 6.96 ], [ -74.28, 6.96 ], [ -74.27, 6.97 ], [ -74.26, 6.97 ], [ -74.26, 6.98 ], [ -74.26, 6.99 ], [ -74.25, 6.99 ], [ -74.24, 7.0 ], [ -73.92, 7.29 ], [ -73.92, 7.27 ], [ -73.92, 7.26 ], [ -73.92, 7.24 ], [ -73.92, 7.23 ] ] ], [ [ [ -74.54, 7.48 ], [ -74.55, 7.49 ], [ -74.54, 7.49 ], [ -74.54, 7.48 ] ] ], [ [ [ -74.35, 7.01 ], [ -74.35, 7.02 ], [ -74.35, 7.03 ], [ -74.35, 7.06 ], [ -74.35, 7.08 ], [ -74.35, 7.09 ], [ -74.36, 7.09 ], [ -74.37, 7.09 ], [ -74.37, 7.1 ], [ -74.37, 7.11 ], [ -74.37, 7.12 ], [ -74.37, 7.13 ], [ -74.38, 7.13 ], [ -74.38, 7.14 ], [ -74.38, 7.15 ], [ -74.39, 7.16 ], [ -74.39, 7.17 ], [ -74.4, 7.17 ], [ -74.4, 7.19 ], [ -74.41, 7.19 ], [ -74.41, 7.2 ], [ -74.4, 7.21 ], [ -74.41, 7.22 ], [ -74.4, 7.22 ], [ -74.4, 7.23 ], [ -74.4, 7.24 ], [ -74.4, 7.25 ], [ -74.4, 7.26 ], [ -74.39, 7.26 ], [ -74.39, 7.27 ], [ -74.39, 7.28 ], [ -74.39, 7.29 ], [ -74.39, 7.3 ], [ -74.39, 7.31 ], [ -74.4, 7.31 ], [ -74.4, 7.32 ], [ -74.4, 7.33 ], [ -74.4, 7.34 ], [ -74.4, 7.35 ], [ -74.39, 7.35 ], [ -74.39, 7.36 ], [ -74.37, 7.36 ], [ -74.37, 7.37 ], [ -74.36, 7.39 ], [ -74.35, 7.4 ], [ -74.34, 7.41 ], [ -74.34, 7.42 ], [ -74.33, 7.43 ], [ -74.32, 7.43 ], [ -74.32, 7.44 ], [ -74.33, 7.45 ], [ -74.33, 7.46 ], [ -74.34, 7.46 ], [ -74.35, 7.46 ], [ -74.36, 7.47 ], [ -74.36, 7.48 ], [ -74.37, 7.48 ], [ -74.37, 7.47 ], [ -74.38, 7.47 ], [ -74.4, 7.46 ], [ -74.41, 7.46 ], [ -74.42, 7.44 ], [ -74.41, 7.44 ], [ -74.42, 7.42 ], [ -74.41, 7.4 ], [ -74.42, 7.39 ], [ -74.43, 7.38 ], [ -74.44, 7.38 ], [ -74.45, 7.38 ], [ -74.45, 7.37 ], [ -74.47, 7.36 ], [ -74.47, 7.35 ], [ -74.48, 7.34 ], [ -74.49, 7.34 ], [ -74.51, 7.36 ], [ -74.51, 7.37 ], [ -74.52, 7.38 ], [ -74.53, 7.39 ], [ -74.53, 7.4 ], [ -74.54, 7.41 ], [ -74.55, 7.41 ], [ -74.56, 7.41 ], [ -74.56, 7.44 ], [ -74.57, 7.44 ], [ -74.57, 7.45 ], [ -74.57, 7.46 ], [ -74.56, 7.47 ], [ -74.55, 7.47 ], [ -74.54, 7.48 ], [ -74.53, 7.48 ], [ -74.53, 7.49 ], [ -74.53, 7.5 ], [ -74.52, 7.5 ], [ -74.52, 7.49 ], [ -74.51, 7.49 ], [ -74.51, 7.48 ], [ -74.5, 7.48 ], [ -74.5, 7.49 ], [ -74.49, 7.49 ], [ -74.49, 7.51 ], [ -74.49, 7.52 ], [ -74.49, 7.53 ], [ -74.49, 7.54 ], [ -74.5, 7.54 ], [ -74.49, 7.55 ], [ -74.49, 7.56 ], [ -74.48, 7.56 ], [ -74.47, 7.57 ], [ -74.47, 7.58 ], [ -74.47, 7.59 ], [ -74.47, 7.6 ], [ -74.47, 7.61 ], [ -74.47, 7.62 ], [ -74.46, 7.62 ], [ -74.46, 7.63 ], [ -74.46, 7.64 ], [ -74.47, 7.64 ], [ -74.46, 7.66 ], [ -74.46, 7.67 ], [ -74.45, 7.67 ], [ -74.45, 7.68 ], [ -74.45, 7.69 ], [ -74.46, 7.69 ], [ -74.46, 7.7 ], [ -74.46, 7.71 ], [ -74.45, 7.72 ], [ -74.45, 7.73 ], [ -74.45, 7.74 ], [ -74.45, 7.75 ], [ -74.45, 7.76 ], [ -74.45, 7.77 ], [ -74.45, 7.78 ], [ -74.45, 7.79 ], [ -74.44, 7.8 ], [ -74.43, 7.8 ], [ -74.41, 7.79 ], [ -74.39, 7.79 ], [ -74.38, 7.8 ], [ -74.37, 7.81 ], [ -74.36, 7.83 ], [ -74.37, 7.83 ], [ -74.35, 7.85 ], [ -74.34, 7.87 ], [ -74.34, 7.88 ], [ -74.35, 7.88 ], [ -74.35, 7.89 ], [ -74.35, 7.9 ], [ -74.33, 7.9 ], [ -74.33, 7.91 ], [ -74.33, 7.92 ], [ -74.32, 7.92 ], [ -74.32, 7.93 ], [ -74.31, 7.93 ], [ -74.3, 7.93 ], [ -74.3, 7.92 ], [ -74.28, 7.93 ], [ -74.26, 7.94 ], [ -74.26, 7.95 ], [ -74.26, 7.96 ], [ -74.26, 7.98 ], [ -74.27, 7.99 ], [ -74.27, 8.0 ], [ -74.28, 8.0 ], [ -74.28, 8.01 ], [ -74.29, 8.02 ], [ -74.29, 8.03 ], [ -74.3, 8.03 ], [ -74.29, 8.04 ], [ -74.28, 8.04 ], [ -74.28, 8.05 ], [ -74.28, 8.06 ], [ -74.27, 8.07 ], [ -74.27, 8.08 ], [ -74.26, 8.1 ], [ -74.27, 8.11 ], [ -74.28, 8.12 ], [ -74.27, 8.13 ], [ -74.28, 8.13 ], [ -74.28, 8.14 ], [ -74.28, 8.15 ], [ -74.29, 8.16 ], [ -74.3, 8.16 ], [ -74.31, 8.16 ], [ -74.32, 8.17 ], [ -74.33, 8.17 ], [ -74.33, 8.19 ], [ -74.33, 8.2 ], [ -74.33, 8.21 ], [ -74.32, 8.22 ], [ -74.32, 8.23 ], [ -74.32, 8.24 ], [ -74.31, 8.24 ], [ -74.3, 8.25 ], [ -74.29, 8.25 ], [ -74.29, 8.26 ], [ -74.29, 8.27 ], [ -74.28, 8.27 ], [ -74.27, 8.28 ], [ -74.26, 8.28 ], [ -74.24, 8.3 ], [ -74.24, 8.31 ], [ -74.23, 8.32 ], [ -74.23, 8.33 ], [ -74.21, 8.34 ], [ -74.2, 8.34 ], [ -74.19, 8.34 ], [ -74.18, 8.35 ], [ -74.18, 8.36 ], [ -74.17, 8.37 ], [ -74.16, 8.37 ], [ -74.15, 8.38 ], [ -74.14, 8.39 ], [ -74.13, 8.4 ], [ -74.12, 8.4 ], [ -74.11, 8.39 ], [ -74.1, 8.39 ], [ -74.09, 8.39 ], [ -74.09, 8.4 ], [ -74.08, 8.41 ], [ -74.07, 8.41 ], [ -74.06, 8.41 ], [ -74.06, 8.42 ], [ -74.06, 8.43 ], [ -74.04, 8.43 ], [ -74.03, 8.43 ], [ -74.03, 8.44 ], [ -74.02, 8.44 ], [ -74.01, 8.44 ], [ -74.01, 8.45 ], [ -74.0, 8.45 ], [ -74.0, 8.46 ], [ -73.99, 8.46 ], [ -73.98, 8.46 ], [ -73.98, 8.47 ], [ -73.97, 8.47 ], [ -73.96, 8.48 ], [ -73.95, 8.48 ], [ -73.95, 8.49 ], [ -73.94, 8.49 ], [ -73.93, 8.49 ], [ -73.91, 8.48 ], [ -73.9, 8.47 ], [ -73.89, 8.47 ], [ -73.88, 8.47 ], [ -73.87, 8.47 ], [ -73.86, 8.46 ], [ -73.86, 8.47 ], [ -73.85, 8.47 ], [ -73.85, 8.46 ], [ -73.84, 8.46 ], [ -73.84, 8.45 ], [ -73.85, 8.44 ], [ -73.84, 8.43 ], [ -73.83, 8.43 ], [ -73.82, 8.43 ], [ -73.81, 8.41 ], [ -73.8, 8.41 ], [ -73.8, 8.42 ], [ -73.78, 8.43 ], [ -73.77, 8.42 ], [ -73.77, 8.41 ], [ -73.77, 8.4 ], [ -73.75, 8.41 ], [ -73.75, 8.38 ], [ -73.75, 8.36 ], [ -73.75, 8.35 ], [ -73.76, 8.33 ], [ -73.75, 8.32 ], [ -73.75, 8.31 ], [ -73.76, 8.31 ], [ -73.76, 8.3 ], [ -73.76, 8.29 ], [ -73.75, 8.27 ], [ -73.76, 8.26 ], [ -73.76, 8.24 ], [ -73.77, 8.23 ], [ -73.78, 8.21 ], [ -73.78, 8.2 ], [ -73.78, 8.19 ], [ -73.77, 8.16 ], [ -73.77, 8.15 ], [ -73.78, 8.14 ], [ -73.79, 8.13 ], [ -73.8, 8.13 ], [ -73.81, 8.13 ], [ -73.81, 8.12 ], [ -73.82, 8.11 ], [ -73.83, 8.1 ], [ -73.86, 8.08 ], [ -73.87, 8.07 ], [ -73.87, 8.06 ], [ -73.87, 8.05 ], [ -73.87, 8.02 ], [ -73.87, 7.98 ], [ -73.86, 7.97 ], [ -73.84, 7.95 ], [ -73.83, 7.94 ], [ -73.83, 7.93 ], [ -73.83, 7.91 ], [ -73.84, 7.9 ], [ -73.83, 7.89 ], [ -73.82, 7.86 ], [ -73.82, 7.85 ], [ -73.82, 7.82 ], [ -73.81, 7.81 ], [ -73.81, 7.79 ], [ -73.8, 7.77 ], [ -73.81, 7.76 ], [ -73.82, 7.74 ], [ -73.83, 7.74 ], [ -73.83, 7.73 ], [ -73.82, 7.72 ], [ -73.81, 7.71 ], [ -73.81, 7.7 ], [ -73.82, 7.69 ], [ -73.81, 7.67 ], [ -73.8, 7.65 ], [ -73.8, 7.64 ], [ -73.81, 7.65 ], [ -73.82, 7.64 ], [ -73.81, 7.63 ], [ -73.81, 7.62 ], [ -73.81, 7.61 ], [ -73.83, 7.6 ], [ -73.83, 7.58 ], [ -73.84, 7.57 ], [ -73.85, 7.53 ], [ -73.87, 7.53 ], [ -73.87, 7.52 ], [ -73.88, 7.52 ], [ -73.88, 7.51 ], [ -73.9, 7.5 ], [ -73.91, 7.5 ], [ -73.91, 7.49 ], [ -73.92, 7.47 ], [ -73.91, 7.46 ], [ -73.91, 7.45 ], [ -73.9, 7.45 ], [ -73.9, 7.43 ], [ -73.9, 7.41 ], [ -73.9, 7.4 ], [ -73.9, 7.39 ], [ -73.91, 7.38 ], [ -73.9, 7.37 ], [ -73.9, 7.36 ], [ -73.91, 7.35 ], [ -73.91, 7.34 ], [ -73.91, 7.33 ], [ -73.92, 7.3 ], [ -74.25, 7.0 ], [ -74.26, 7.0 ], [ -74.26, 7.01 ], [ -74.27, 7.01 ], [ -74.28, 7.01 ], [ -74.29, 7.02 ], [ -74.29, 7.01 ], [ -74.3, 7.0 ], [ -74.31, 7.0 ], [ -74.31, 7.01 ], [ -74.32, 7.02 ], [ -74.33, 7.01 ], [ -74.35, 7.01 ] ] ] ] } },
{ "type": "Feature", "properties": { "CTEP": 14.0 }, "geometry": { "type": "MultiPolygon", "coordinates": [ [ [ [ -75.69, 7.59 ], [ -75.7, 7.58 ], [ -75.71, 7.58 ], [ -75.74, 7.6 ], [ -75.74, 7.61 ], [ -75.75, 7.61 ], [ -75.76, 7.61 ], [ -75.77, 7.6 ], [ -75.76, 7.59 ], [ -75.76, 7.58 ], [ -75.77, 7.57 ], [ -75.77, 7.56 ], [ -75.77, 7.55 ], [ -75.78, 7.54 ], [ -75.77, 7.54 ], [ -75.77, 7.53 ], [ -75.77, 7.52 ], [ -75.78, 7.52 ], [ -75.79, 7.51 ], [ -75.78, 7.5 ], [ -75.78, 7.49 ], [ -75.78, 7.48 ], [ -75.79, 7.48 ], [ -75.79, 7.46 ], [ -75.79, 7.45 ], [ -75.8, 7.45 ], [ -75.81, 7.45 ], [ -75.82, 7.44 ], [ -75.83, 7.44 ], [ -75.83, 7.43 ], [ -75.82, 7.42 ], [ -75.82, 7.41 ], [ -75.83, 7.41 ], [ -75.83, 7.4 ], [ -75.84, 7.39 ], [ -75.83, 7.37 ], [ -75.85, 7.35 ], [ -75.96, 7.36 ], [ -75.97, 7.38 ], [ -75.97, 7.37 ], [ -75.97, 7.36 ], [ -76.06, 7.36 ], [ -76.38, 7.39 ], [ -76.4, 7.41 ], [ -76.41, 7.41 ], [ -76.42, 7.42 ], [ -76.42, 7.43 ], [ -76.42, 7.44 ], [ -76.43, 7.45 ], [ -76.44, 7.46 ], [ -76.44, 7.47 ], [ -76.45, 7.48 ], [ -76.45, 7.49 ], [ -76.45, 7.5 ], [ -76.46, 7.51 ], [ -76.46, 7.52 ], [ -76.47, 7.52 ], [ -76.48, 7.53 ], [ -76.48, 7.54 ], [ -76.49, 7.54 ], [ -76.49, 7.55 ], [ -76.5, 7.55 ], [ -76.51, 7.58 ], [ -76.51, 7.59 ], [ -76.51, 7.6 ], [ -76.51, 7.61 ], [ -76.5, 7.62 ], [ -76.5, 7.63 ], [ -76.49, 7.64 ], [ -76.5, 7.65 ], [ -76.49, 7.66 ], [ -76.49, 7.69 ], [ -76.49, 7.7 ], [ -76.49, 7.71 ], [ -76.49, 7.72 ], [ -76.49, 7.73 ], [ -76.5, 7.74 ], [ -76.5, 7.75 ], [ -76.49, 7.76 ], [ -76.48, 7.76 ], [ -76.48, 7.78 ], [ -76.48, 7.8 ], [ -76.48, 7.81 ], [ -76.48, 7.82 ], [ -76.47, 7.84 ], [ -76.47, 7.85 ], [ -76.46, 7.87 ], [ -76.45, 7.88 ], [ -76.45, 7.89 ], [ -76.44, 7.91 ], [ -76.43, 7.91 ], [ -76.42, 7.91 ], [ -76.42, 7.92 ], [ -76.42, 7.93 ], [ -76.42, 7.95 ], [ -76.42, 7.98 ], [ -76.412222222222226, 8.011111111111113 ], [ -76.43, 8.02 ], [ -76.42, 8.03 ], [ -76.43, 8.04 ], [ -76.43, 8.05 ], [ -76.43, 8.06 ], [ -76.42, 8.06 ], [ -76.42, 8.07 ], [ -76.41, 8.07 ], [ -76.41, 8.08 ], [ -76.41, 8.09 ], [ -76.41, 8.1 ], [ -76.38, 8.11 ], [ -76.37, 8.11 ], [ -76.37, 8.15 ], [ -76.36, 8.15 ], [ -76.35, 8.15 ], [ -76.34, 8.15 ], [ -76.33, 8.15 ], [ -76.33, 8.16 ], [ -76.35, 8.17 ], [ -76.35, 8.18 ], [ -76.35, 8.19 ], [ -76.35, 8.2 ], [ -76.35, 8.21 ], [ -76.34, 8.21 ], [ -76.33, 8.23 ], [ -76.33, 8.24 ], [ -76.33, 8.25 ], [ -76.32, 8.25 ], [ -76.32, 8.26 ], [ -76.31, 8.27 ], [ -76.31, 8.28 ], [ -76.3, 8.28 ], [ -76.3, 8.29 ], [ -76.3, 8.3 ], [ -76.3, 8.31 ], [ -76.29, 8.32 ], [ -76.29, 8.33 ], [ -76.26, 8.35 ], [ -76.25, 8.36 ], [ -76.24, 8.37 ], [ -76.23, 8.38 ], [ -76.21, 8.39 ], [ -76.2, 8.39 ], [ -76.19, 8.39 ], [ -76.18, 8.39 ], [ -76.18, 8.4 ], [ -76.17, 8.4 ], [ -76.17, 8.39 ], [ -76.17, 8.38 ], [ -76.15, 8.38 ], [ -76.14, 8.38 ], [ -76.13, 8.39 ], [ -76.11, 8.39 ], [ -76.1, 8.38 ], [ -76.09, 8.38 ], [ -76.09, 8.37 ], [ -76.09, 8.36 ], [ -76.09, 8.35 ], [ -76.08, 8.35 ], [ -76.07, 8.34 ], [ -76.06, 8.35 ], [ -76.06, 8.34 ], [ -76.06, 8.33 ], [ -75.98, 8.33 ], [ -75.98, 8.34 ], [ -75.97, 8.34 ], [ -75.97, 8.33 ], [ -75.9, 8.33 ], [ -75.89, 8.33 ], [ -75.89, 8.32 ], [ -75.88, 8.32 ], [ -75.87, 8.32 ], [ -75.87, 8.28 ], [ -75.87, 8.27 ], [ -75.85, 8.27 ], [ -75.84, 8.27 ], [ -75.83, 8.28 ], [ -75.83, 8.29 ], [ -75.82, 8.3 ], [ -75.82, 8.31 ], [ -75.82, 8.32 ], [ -75.81, 8.32 ], [ -75.8, 8.31 ], [ -75.79, 8.3 ], [ -75.78, 8.31 ], [ -75.77, 8.3 ], [ -75.76, 8.29 ], [ -75.77, 8.28 ], [ -75.77, 8.27 ], [ -75.75, 8.26 ], [ -75.76, 8.25 ], [ -75.75, 8.25 ], [ -75.75, 8.24 ], [ -75.76, 8.22 ], [ -75.77, 8.23 ], [ -75.77, 8.22 ], [ -75.77, 8.21 ], [ -75.79, 8.2 ], [ -75.79, 8.18 ], [ -75.8, 8.17 ], [ -75.8, 8.15 ], [ -75.8, 8.14 ], [ -75.79, 8.14 ], [ -75.79, 8.12 ], [ -75.78, 8.12 ], [ -75.77, 8.12 ], [ -75.76, 8.13 ], [ -75.75, 8.13 ], [ -75.74, 8.12 ], [ -75.74, 8.11 ], [ -75.74, 8.1 ], [ -75.75, 8.1 ], [ -75.75, 8.07 ], [ -75.75, 8.06 ], [ -75.75, 8.04 ], [ -75.74, 8.04 ], [ -75.74, 8.05 ], [ -75.73, 8.05 ], [ -75.72, 8.06 ], [ -75.71, 8.06 ], [ -75.69, 8.06 ], [ -75.69, 8.07 ], [ -75.68, 8.06 ], [ -75.68, 8.05 ], [ -75.67, 8.05 ], [ -75.67, 8.04 ], [ -75.66, 8.04 ], [ -75.66, 8.05 ], [ -75.66, 8.06 ], [ -75.65, 8.06 ], [ -75.64, 8.05 ], [ -75.63, 8.06 ], [ -75.63, 8.05 ], [ -75.62, 8.05 ], [ -75.61, 8.05 ], [ -75.61, 8.06 ], [ -75.61, 8.07 ], [ -75.6, 8.07 ], [ -75.59, 8.08 ], [ -75.59, 8.09 ], [ -75.57, 8.1 ], [ -75.57, 8.09 ], [ -75.54, 8.09 ], [ -75.53, 8.09 ], [ -75.52, 8.08 ], [ -75.51, 8.08 ], [ -75.49, 8.08 ], [ -75.49, 8.07 ], [ -75.48, 8.06 ], [ -75.48, 8.05 ], [ -75.47, 8.05 ], [ -75.47, 8.04 ], [ -75.46, 8.04 ], [ -75.46, 8.03 ], [ -75.45, 8.03 ], [ -75.44, 8.03 ], [ -75.43, 8.02 ], [ -75.43, 8.01 ], [ -75.42, 8.01 ], [ -75.41, 8.01 ], [ -75.4, 8.01 ], [ -75.4, 8.0 ], [ -75.39, 8.01 ], [ -75.38, 8.01 ], [ -75.38, 8.0 ], [ -75.37, 7.99 ], [ -75.36, 7.99 ], [ -75.36, 7.98 ], [ -75.35, 7.98 ], [ -75.35, 7.96 ], [ -75.34, 7.96 ], [ -75.34, 7.95 ], [ -75.34, 7.94 ], [ -75.33, 7.94 ], [ -75.33, 7.93 ], [ -75.34, 7.92 ], [ -75.34, 7.91 ], [ -75.34, 7.9 ], [ -75.34, 7.89 ], [ -75.34, 7.88 ], [ -75.35, 7.87 ], [ -75.36, 7.87 ], [ -75.38, 7.86 ], [ -75.39, 7.86 ], [ -75.4, 7.86 ], [ -75.41, 7.85 ], [ -75.41, 7.84 ], [ -75.42, 7.84 ], [ -75.42, 7.82 ], [ -75.43, 7.82 ], [ -75.45, 7.83 ], [ -75.46, 7.83 ], [ -75.47, 7.83 ], [ -75.47, 7.82 ], [ -75.46, 7.81 ], [ -75.45, 7.8 ], [ -75.46, 7.79 ], [ -75.47, 7.78 ], [ -75.48, 7.77 ], [ -75.48, 7.75 ], [ -75.49, 7.73 ], [ -75.5, 7.72 ], [ -75.52, 7.73 ], [ -75.53, 7.72 ], [ -75.54, 7.71 ], [ -75.53, 7.7 ], [ -75.54, 7.69 ], [ -75.54, 7.68 ], [ -75.55, 7.68 ], [ -75.55, 7.67 ], [ -75.55, 7.66 ], [ -75.55, 7.65 ], [ -75.56, 7.64 ], [ -75.55, 7.63 ], [ -75.56, 7.62 ], [ -75.56, 7.63 ], [ -75.57, 7.62 ], [ -75.58, 7.62 ], [ -75.59, 7.61 ], [ -75.59, 7.6 ], [ -75.6, 7.6 ], [ -75.6, 7.59 ], [ -75.61, 7.59 ], [ -75.62, 7.58 ], [ -75.65, 7.59 ], [ -75.67, 7.59 ], [ -75.67, 7.6 ], [ -75.68, 7.6 ], [ -75.68, 7.59 ], [ -75.68, 7.58 ], [ -75.69, 7.59 ] ] ] ] } },
{ "type": "Feature", "properties": { "CTEP": 15.0 }, "geometry": { "type": "MultiPolygon", "coordinates": [ [ [ [ -75.58, 3.21 ], [ -75.58, 3.22 ], [ -75.57, 3.22 ], [ -75.57, 3.21 ], [ -75.58, 3.21 ] ] ], [ [ [ -75.58, 3.18 ], [ -75.58, 3.17 ], [ -75.59, 3.16 ], [ -75.58, 3.15 ], [ -75.58, 3.14 ], [ -75.58, 3.12 ], [ -75.59, 3.12 ], [ -75.6, 3.11 ], [ -75.61, 3.1 ], [ -75.62, 3.08 ], [ -75.62, 3.06 ], [ -75.61, 3.06 ], [ -75.6, 3.05 ], [ -75.6, 3.04 ], [ -75.61, 3.03 ], [ -75.62, 3.01 ], [ -75.63, 3.01 ], [ -75.63, 3.0 ], [ -75.64, 2.99 ], [ -75.65, 3.0 ], [ -75.66, 2.99 ], [ -75.68, 2.99 ], [ -75.69, 2.99 ], [ -75.7, 2.98 ], [ -75.7, 2.97 ], [ -75.71, 2.96 ], [ -75.72, 2.96 ], [ -75.73, 2.95 ], [ -75.74, 2.95 ], [ -75.75, 2.95 ], [ -75.76, 2.94 ], [ -75.77, 2.92 ], [ -75.78, 2.91 ], [ -75.79, 2.9 ], [ -75.8, 2.89 ], [ -75.82, 2.88 ], [ -75.83, 2.87 ], [ -75.84, 2.87 ], [ -75.86, 2.87 ], [ -75.86, 2.88 ], [ -75.87, 2.88 ], [ -75.88, 2.89 ], [ -75.88, 2.9 ], [ -75.89, 2.9 ], [ -75.9, 2.9 ], [ -75.91, 2.9 ], [ -75.91, 2.91 ], [ -75.92, 2.91 ], [ -75.93, 2.91 ], [ -75.93, 2.92 ], [ -75.94, 2.92 ], [ -75.95, 2.92 ], [ -75.96, 2.92 ], [ -75.96, 2.93 ], [ -75.96, 2.94 ], [ -75.97, 2.94 ], [ -75.98, 2.95 ], [ -75.98, 2.96 ], [ -75.98, 2.97 ], [ -75.99, 2.98 ], [ -76.03, 2.94 ], [ -76.03, 2.95 ], [ -76.03, 2.96 ], [ -76.03, 2.97 ], [ -76.03, 2.98 ], [ -76.03, 2.99 ], [ -76.02, 3.0 ], [ -76.03, 3.01 ], [ -76.04, 3.01 ], [ -76.04, 3.02 ], [ -76.04, 3.03 ], [ -76.04, 3.04 ], [ -76.05, 3.04 ], [ -76.06, 3.04 ], [ -76.06, 3.05 ], [ -76.07, 3.05 ], [ -76.07, 3.07 ], [ -76.07, 3.08 ], [ -76.08, 3.09 ], [ -76.09, 3.09 ], [ -76.09, 3.1 ], [ -76.1, 3.1 ], [ -76.11, 3.1 ], [ -76.11, 3.11 ], [ -76.1, 3.11 ], [ -76.09, 3.11 ], [ -76.08, 3.11 ], [ -76.08, 3.12 ], [ -76.07, 3.12 ], [ -76.08, 3.13 ], [ -76.07, 3.14 ], [ -76.08, 3.15 ], [ -76.09, 3.16 ], [ -76.08, 3.16 ], [ -76.08, 3.17 ], [ -76.09, 3.18 ], [ -76.09, 3.19 ], [ -76.08, 3.19 ], [ -76.09, 3.2 ], [ -76.08, 3.2 ], [ -76.07, 3.2 ], [ -76.06, 3.2 ], [ -76.05, 3.22 ], [ -76.06, 3.22 ], [ -76.06, 3.23 ], [ -76.05, 3.24 ], [ -76.04, 3.25 ], [ -76.04, 3.26 ], [ -76.05, 3.27 ], [ -76.05, 3.28 ], [ -76.05, 3.29 ], [ -76.04, 3.29 ], [ -76.04, 3.3 ], [ -76.04, 3.32 ], [ -76.06, 3.33 ], [ -76.05, 3.34 ], [ -76.06, 3.35 ], [ -76.06, 3.36 ], [ -76.05, 3.37 ], [ -76.04, 3.38 ], [ -76.03, 3.38 ], [ -76.03, 3.39 ], [ -76.04, 3.39 ], [ -76.04, 3.4 ], [ -76.04, 3.41 ], [ -76.04, 3.42 ], [ -76.04, 3.43 ], [ -76.04, 3.44 ], [ -76.04, 3.45 ], [ -76.03, 3.45 ], [ -76.03, 3.47 ], [ -76.02, 3.47 ], [ -76.02, 3.48 ], [ -76.03, 3.49 ], [ -76.02, 3.5 ], [ -76.02, 3.51 ], [ -76.0, 3.52 ], [ -76.0, 3.53 ], [ -76.0, 3.54 ], [ -75.98, 3.56 ], [ -75.99, 3.58 ], [ -75.98, 3.58 ], [ -75.98, 3.59 ], [ -75.99, 3.6 ], [ -75.99, 3.61 ], [ -75.99, 3.62 ], [ -75.99, 3.64 ], [ -75.98, 3.64 ], [ -75.98, 3.66 ], [ -75.97, 3.66 ], [ -75.96, 3.66 ], [ -75.95, 3.67 ], [ -75.95, 3.68 ], [ -75.95, 3.69 ], [ -75.96, 3.69 ], [ -75.96, 3.7 ], [ -75.96, 3.71 ], [ -75.95, 3.71 ], [ -75.95, 3.72 ], [ -75.95, 3.73 ], [ -75.94, 3.73 ], [ -75.93, 3.73 ], [ -75.93, 3.74 ], [ -75.92, 3.74 ], [ -75.92, 3.75 ], [ -75.92, 3.76 ], [ -75.91, 3.76 ], [ -75.91, 3.77 ], [ -75.91, 3.78 ], [ -75.9, 3.79 ], [ -75.9, 3.8 ], [ -75.89, 3.81 ], [ -75.88, 3.81 ], [ -75.87, 3.82 ], [ -75.86, 3.84 ], [ -75.86, 3.85 ], [ -75.86, 3.86 ], [ -75.86, 3.87 ], [ -75.86, 3.88 ], [ -75.84, 3.9 ], [ -75.84, 3.91 ], [ -75.83, 3.91 ], [ -75.83, 3.9 ], [ -75.82, 3.91 ], [ -75.81, 3.92 ], [ -75.81, 3.93 ], [ -75.81, 3.94 ], [ -75.81, 3.95 ], [ -75.8, 3.96 ], [ -75.79, 3.97 ], [ -75.79, 3.98 ], [ -75.79, 3.99 ], [ -75.79, 4.0 ], [ -75.8, 4.01 ], [ -75.79, 4.01 ], [ -75.78, 4.01 ], [ -75.77, 4.02 ], [ -75.76, 4.02 ], [ -75.75, 4.03 ], [ -75.75, 4.04 ], [ -75.74, 4.03 ], [ -75.73, 4.03 ], [ -75.73, 4.02 ], [ -75.74, 4.01 ], [ -75.73, 4.0 ], [ -75.72, 3.98 ], [ -75.69, 3.97 ], [ -75.69, 3.96 ], [ -75.67, 3.97 ], [ -75.65, 3.96 ], [ -75.65, 3.95 ], [ -75.65, 3.94 ], [ -75.66, 3.93 ], [ -75.64, 3.93 ], [ -75.63, 3.93 ], [ -75.62, 3.93 ], [ -75.61, 3.93 ], [ -75.6, 3.91 ], [ -75.6, 3.9 ], [ -75.59, 3.9 ], [ -75.58, 3.89 ], [ -75.58, 3.88 ], [ -75.57, 3.86 ], [ -75.55, 3.86 ], [ -75.54, 3.86 ], [ -75.53, 3.85 ], [ -75.52, 3.85 ], [ -75.51, 3.84 ], [ -75.5, 3.85 ], [ -75.48, 3.84 ], [ -75.47, 3.84 ], [ -75.46, 3.83 ], [ -75.46, 3.84 ], [ -75.45, 3.85 ], [ -75.45, 3.86 ], [ -75.44, 3.87 ], [ -75.43, 3.87 ], [ -75.42, 3.86 ], [ -75.41, 3.86 ], [ -75.4, 3.86 ], [ -75.4, 3.85 ], [ -75.39, 3.84 ], [ -75.38, 3.83 ], [ -75.37, 3.83 ], [ -75.36, 3.83 ], [ -75.35, 3.81 ], [ -75.34, 3.81 ], [ -75.34, 3.8 ], [ -75.33, 3.8 ], [ -75.33, 3.81 ], [ -75.32, 3.81 ], [ -75.32, 3.8 ], [ -75.31, 3.8 ], [ -75.31, 3.77 ], [ -75.31, 3.76 ], [ -75.3, 3.76 ], [ -75.28, 3.76 ], [ -75.28, 3.75 ], [ -75.27, 3.75 ], [ -75.28, 3.73 ], [ -75.29, 3.71 ], [ -75.29, 3.69 ], [ -75.3, 3.69 ], [ -75.31, 3.67 ], [ -75.32, 3.67 ], [ -75.32, 3.66 ], [ -75.33, 3.65 ], [ -75.32, 3.64 ], [ -75.32, 3.63 ], [ -75.31, 3.61 ], [ -75.3, 3.61 ], [ -75.29, 3.61 ], [ -75.29, 3.6 ], [ -75.27, 3.6 ], [ -75.26, 3.59 ], [ -75.25, 3.59 ], [ -75.25, 3.58 ], [ -75.25, 3.57 ], [ -75.27, 3.58 ], [ -75.27, 3.57 ], [ -75.28, 3.57 ], [ -75.29, 3.57 ], [ -75.29, 3.56 ], [ -75.29, 3.55 ], [ -75.29, 3.54 ], [ -75.28, 3.53 ], [ -75.27, 3.53 ], [ -75.27, 3.52 ], [ -75.27, 3.51 ], [ -75.26, 3.51 ], [ -75.26, 3.5 ], [ -75.26, 3.49 ], [ -75.27, 3.49 ], [ -75.27, 3.48 ], [ -75.28, 3.48 ], [ -75.28, 3.47 ], [ -75.29, 3.46 ], [ -75.3, 3.45 ], [ -75.3, 3.44 ], [ -75.29, 3.44 ], [ -75.29, 3.43 ], [ -75.28, 3.43 ], [ -75.28, 3.42 ], [ -75.28, 3.41 ], [ -75.28, 3.4 ], [ -75.27, 3.4 ], [ -75.27, 3.39 ], [ -75.27, 3.38 ], [ -75.28, 3.38 ], [ -75.28, 3.39 ], [ -75.3, 3.4 ], [ -75.31, 3.4 ], [ -75.31, 3.41 ], [ -75.32, 3.41 ], [ -75.33, 3.4 ], [ -75.34, 3.4 ], [ -75.35, 3.4 ], [ -75.36, 3.4 ], [ -75.36, 3.41 ], [ -75.37, 3.41 ], [ -75.37, 3.4 ], [ -75.37, 3.39 ], [ -75.38, 3.38 ], [ -75.4, 3.38 ], [ -75.41, 3.37 ], [ -75.42, 3.37 ], [ -75.42, 3.36 ], [ -75.43, 3.36 ], [ -75.43, 3.35 ], [ -75.44, 3.35 ], [ -75.44, 3.36 ], [ -75.45, 3.35 ], [ -75.46, 3.35 ], [ -75.47, 3.36 ], [ -75.48, 3.36 ], [ -75.48, 3.35 ], [ -75.49, 3.35 ], [ -75.49, 3.33 ], [ -75.5, 3.32 ], [ -75.51, 3.33 ], [ -75.53, 3.32 ], [ -75.52, 3.31 ], [ -75.52, 3.3 ], [ -75.53, 3.29 ], [ -75.54, 3.28 ], [ -75.55, 3.26 ], [ -75.56, 3.25 ], [ -75.57, 3.24 ], [ -75.58, 3.22 ], [ -75.59, 3.21 ], [ -75.58, 3.21 ], [ -75.57, 3.2 ], [ -75.58, 3.19 ], [ -75.58, 3.18 ] ] ], [ [ [ -75.24, 3.59 ], [ -75.25, 3.59 ], [ -75.25, 3.6 ], [ -75.25, 3.61 ], [ -75.24, 3.61 ], [ -75.24, 3.6 ], [ -75.24, 3.59 ] ] ] ] } },
{ "type": "Feature", "properties": { "CTEP": 16.0 }, "geometry": { "type": "MultiPolygon", "coordinates": [ [ [ [ -76.88, 8.13 ], [ -76.84, 8.14 ], [ -76.83, 8.14 ], [ -76.82, 8.14 ], [ -76.82, 8.13 ], [ -76.83, 8.12 ], [ -76.84, 8.13 ], [ -76.84, 8.12 ], [ -76.85, 8.12 ], [ -76.85, 8.11 ], [ -76.85, 8.1 ], [ -76.86, 8.09 ], [ -76.85, 8.09 ], [ -76.84, 8.09 ], [ -76.84, 8.1 ], [ -76.83, 8.09 ], [ -76.83, 8.08 ], [ -76.84, 8.08 ], [ -76.86, 8.08 ], [ -76.86, 8.07 ], [ -76.87, 8.07 ], [ -76.87, 8.06 ], [ -76.87, 8.05 ], [ -76.86, 8.04 ], [ -76.85, 8.03 ], [ -76.84, 8.02 ], [ -76.85, 8.02 ], [ -76.86, 8.02 ], [ -76.87, 8.03 ], [ -76.88, 8.04 ], [ -76.89, 8.05 ], [ -76.9, 8.05 ], [ -76.91, 8.04 ], [ -76.92, 8.03 ], [ -76.92, 8.02 ], [ -76.93, 8.02 ], [ -76.93, 8.01 ], [ -76.92, 8.0 ], [ -76.93, 7.99 ], [ -76.93, 7.97 ], [ -76.93, 7.94 ], [ -76.93, 7.93 ], [ -76.92, 7.92 ], [ -76.91, 7.91 ], [ -76.89, 7.91 ], [ -76.87, 7.9 ], [ -76.86, 7.9 ], [ -76.82, 7.9 ], [ -76.77, 7.91 ], [ -76.76, 7.91 ], [ -76.75, 7.92 ], [ -76.75, 7.93 ], [ -76.75, 7.94 ], [ -76.74, 7.94 ], [ -76.74, 7.95 ], [ -76.75, 7.96 ], [ -76.73, 7.97 ], [ -76.73, 7.98 ], [ -76.73, 8.0 ], [ -76.74, 8.0 ], [ -76.74, 8.01 ], [ -76.74, 8.02 ], [ -76.73, 8.03 ], [ -76.73, 8.04 ], [ -76.72, 8.04 ], [ -76.72, 8.05 ], [ -76.71, 8.06 ], [ -76.72, 8.08 ], [ -76.73, 8.08 ], [ -76.73, 8.07 ], [ -76.74, 8.07 ], [ -76.74, 8.09 ], [ -76.74, 8.1 ], [ -76.75, 8.11 ], [ -76.76, 8.12 ], [ -76.74, 8.14 ], [ -76.74, 8.17 ], [ -76.75, 8.2 ], [ -76.75, 8.21 ], [ -76.75, 8.22 ], [ -76.75, 8.24 ], [ -76.76, 8.25 ], [ -76.77, 8.26 ], [ -76.77, 8.27 ], [ -76.76, 8.31 ], [ -76.75, 8.33 ], [ -76.75, 8.34 ], [ -76.76, 8.35 ], [ -76.76, 8.39 ], [ -76.77, 8.41 ], [ -76.77, 8.42 ], [ -76.79, 8.42 ], [ -76.79, 8.43 ], [ -76.8, 8.45 ], [ -76.8, 8.47 ], [ -76.81, 8.48 ], [ -76.83, 8.5 ], [ -76.85, 8.51 ], [ -76.89, 8.53 ], [ -76.91, 8.53 ], [ -76.91, 8.54 ], [ -76.92, 8.54 ], [ -76.93, 8.54 ], [ -76.94, 8.54 ], [ -76.94, 8.55 ], [ -76.93, 8.56 ], [ -76.9, 8.58 ], [ -76.89, 8.59 ], [ -76.89, 8.6 ], [ -76.89, 8.61 ], [ -76.89, 8.62 ], [ -76.85, 8.63 ], [ -76.8, 8.63 ], [ -76.71, 8.65 ], [ -76.68, 8.66 ], [ -76.65, 8.67 ], [ -76.63, 8.69 ], [ -76.63, 8.7 ], [ -76.64, 8.71 ], [ -76.63, 8.71 ], [ -76.62, 8.7 ], [ -76.62, 8.69 ], [ -76.6, 8.69 ], [ -76.61, 8.68 ], [ -76.6, 8.68 ], [ -76.6, 8.67 ], [ -76.6, 8.66 ], [ -76.61, 8.65 ], [ -76.6, 8.64 ], [ -76.59, 8.64 ], [ -76.58, 8.64 ], [ -76.57, 8.64 ], [ -76.57, 8.62 ], [ -76.57, 8.61 ], [ -76.57, 8.6 ], [ -76.57, 8.58 ], [ -76.57, 8.57 ], [ -76.56, 8.57 ], [ -76.56, 8.56 ], [ -76.55, 8.56 ], [ -76.54, 8.55 ], [ -76.53, 8.54 ], [ -76.53, 8.53 ], [ -76.52, 8.53 ], [ -76.51, 8.52 ], [ -76.5, 8.52 ], [ -76.5, 8.51 ], [ -76.49, 8.5 ], [ -76.48, 8.5 ], [ -76.48, 8.49 ], [ -76.49, 8.48 ], [ -76.48, 8.47 ], [ -76.49, 8.46 ], [ -76.49, 8.45 ], [ -76.48, 8.45 ], [ -76.48, 8.44 ], [ -76.47, 8.44 ], [ -76.46, 8.45 ], [ -76.45, 8.45 ], [ -76.44, 8.45 ], [ -76.43, 8.45 ], [ -76.42, 8.45 ], [ -76.41, 8.46 ], [ -76.41, 8.45 ], [ -76.4, 8.45 ], [ -76.39, 8.46 ], [ -76.38, 8.45 ], [ -76.37, 8.45 ], [ -76.37, 8.46 ], [ -76.35, 8.45 ], [ -76.35, 8.44 ], [ -76.34, 8.44 ], [ -76.33, 8.45 ], [ -76.33, 8.46 ], [ -76.32, 8.46 ], [ -76.32, 8.47 ], [ -76.32, 8.48 ], [ -76.31, 8.48 ], [ -76.31, 8.49 ], [ -76.32, 8.5 ], [ -76.31, 8.51 ], [ -76.31, 8.52 ], [ -76.32, 8.53 ], [ -76.32, 8.54 ], [ -76.32, 8.55 ], [ -76.31, 8.56 ], [ -76.3, 8.57 ], [ -76.29, 8.58 ], [ -76.29, 8.59 ], [ -76.28, 8.59 ], [ -76.27, 8.59 ], [ -76.26, 8.59 ], [ -76.27, 8.58 ], [ -76.25, 8.57 ], [ -76.24, 8.57 ], [ -76.22, 8.57 ], [ -76.22, 8.56 ], [ -76.24, 8.56 ], [ -76.23, 8.55 ], [ -76.23, 8.54 ], [ -76.21, 8.52 ], [ -76.21, 8.48 ], [ -76.22, 8.44 ], [ -76.21, 8.44 ], [ -76.21, 8.43 ], [ -76.2, 8.42 ], [ -76.19, 8.41 ], [ -76.18, 8.4 ], [ -76.18, 8.39 ], [ -76.19, 8.39 ], [ -76.2, 8.39 ], [ -76.21, 8.39 ], [ -76.23, 8.38 ], [ -76.24, 8.37 ], [ -76.25, 8.36 ], [ -76.27, 8.35 ], [ -76.29, 8.33 ], [ -76.29, 8.32 ], [ -76.3, 8.31 ], [ -76.3, 8.3 ], [ -76.3, 8.29 ], [ -76.3, 8.28 ], [ -76.31, 8.28 ], [ -76.31, 8.27 ], [ -76.32, 8.26 ], [ -76.32, 8.25 ], [ -76.33, 8.25 ], [ -76.33, 8.24 ], [ -76.33, 8.23 ], [ -76.34, 8.21 ], [ -76.35, 8.21 ], [ -76.35, 8.2 ], [ -76.35, 8.19 ], [ -76.35, 8.18 ], [ -76.35, 8.17 ], [ -76.33, 8.16 ], [ -76.33, 8.15 ], [ -76.34, 8.15 ], [ -76.35, 8.15 ], [ -76.36, 8.15 ], [ -76.37, 8.15 ], [ -76.37, 8.11 ], [ -76.38, 8.11 ], [ -76.4, 8.1 ], [ -76.41, 8.1 ], [ -76.41, 8.09 ], [ -76.41, 8.08 ], [ -76.41, 8.07 ], [ -76.42, 8.07 ], [ -76.42, 8.06 ], [ -76.43, 8.06 ], [ -76.43, 8.06 ], [ -76.43, 8.05 ], [ -76.43, 8.04 ], [ -76.42, 8.03 ], [ -76.43, 8.02 ], [ -76.41, 8.01 ], [ -76.42, 7.98 ], [ -76.42, 7.95 ], [ -76.42, 7.93 ], [ -76.42, 7.92 ], [ -76.42, 7.91 ], [ -76.43, 7.91 ], [ -76.44, 7.9 ], [ -76.45, 7.89 ], [ -76.45, 7.88 ], [ -76.46, 7.88 ], [ -76.46, 7.87 ], [ -76.46, 7.86 ], [ -76.47, 7.85 ], [ -76.47, 7.84 ], [ -76.48, 7.82 ], [ -76.48, 7.81 ], [ -76.48, 7.8 ], [ -76.48, 7.78 ], [ -76.48, 7.76 ], [ -76.49, 7.76 ], [ -76.5, 7.75 ], [ -76.5, 7.74 ], [ -76.49, 7.73 ], [ -76.49, 7.72 ], [ -76.49, 7.71 ], [ -76.49, 7.7 ], [ -76.49, 7.69 ], [ -76.49, 7.66 ], [ -76.5, 7.65 ], [ -76.49, 7.64 ], [ -76.5, 7.63 ], [ -76.5, 7.62 ], [ -76.51, 7.61 ], [ -76.51, 7.6 ], [ -76.51, 7.59 ], [ -76.51, 7.57 ], [ -76.5, 7.56 ], [ -76.5, 7.55 ], [ -76.49, 7.55 ], [ -76.49, 7.54 ], [ -76.48, 7.54 ], [ -76.48, 7.53 ], [ -76.47, 7.52 ], [ -76.46, 7.52 ], [ -76.46, 7.51 ], [ -76.45, 7.5 ], [ -76.45, 7.49 ], [ -76.45, 7.48 ], [ -76.44, 7.47 ], [ -76.44, 7.46 ], [ -76.43, 7.45 ], [ -76.42, 7.44 ], [ -76.42, 7.43 ], [ -76.42, 7.42 ], [ -76.41, 7.41 ], [ -76.4, 7.41 ], [ -76.39, 7.4 ], [ -76.38, 7.39 ], [ -76.37, 7.37 ], [ -76.36, 7.36 ], [ -76.35, 7.36 ], [ -76.33, 7.32 ], [ -76.31, 7.29 ], [ -76.22, 7.15 ], [ -76.21, 7.15 ], [ -76.2, 7.14 ], [ -76.19, 7.14 ], [ -76.18, 7.13 ], [ -76.16, 7.13 ], [ -76.15, 7.13 ], [ -76.14, 7.14 ], [ -76.14, 7.15 ], [ -76.13, 7.15 ], [ -76.11, 7.14 ], [ -76.1, 7.14 ], [ -76.09, 7.16 ], [ -76.08, 7.16 ], [ -76.06, 7.17 ], [ -76.05, 7.17 ], [ -76.04, 7.17 ], [ -76.04, 7.16 ], [ -76.03, 7.16 ], [ -76.02, 7.16 ], [ -76.01, 7.16 ], [ -76.0, 7.15 ], [ -75.99, 7.15 ], [ -75.98, 7.13 ], [ -75.97, 7.13 ], [ -75.97, 7.12 ], [ -75.97, 7.11 ], [ -75.97, 7.1 ], [ -75.96, 7.09 ], [ -75.97, 7.07 ], [ -75.97, 7.05 ], [ -75.97, 7.04 ], [ -75.97, 7.03 ], [ -75.97, 7.02 ], [ -75.97, 7.01 ], [ -75.98, 7.0 ], [ -76.0, 7.0 ], [ -76.01, 6.99 ], [ -76.02, 6.97 ], [ -76.03, 6.96 ], [ -76.03, 6.95 ], [ -76.04, 6.95 ], [ -76.05, 6.94 ], [ -76.06, 6.95 ], [ -76.07, 6.94 ], [ -76.1, 6.96 ], [ -76.12, 6.96 ], [ -76.13, 6.97 ], [ -76.14, 6.97 ], [ -76.15, 6.97 ], [ -76.16, 6.98 ], [ -76.16, 6.97 ], [ -76.17, 6.96 ], [ -76.2, 6.96 ], [ -76.23, 6.96 ], [ -76.24, 6.95 ], [ -76.24, 6.94 ], [ -76.23, 6.93 ], [ -76.22, 6.92 ], [ -76.24, 6.91 ], [ -76.27, 6.91 ], [ -76.28, 6.9 ], [ -76.29, 6.9 ], [ -76.29, 6.88 ], [ -76.3, 6.87 ], [ -76.3, 6.85 ], [ -76.29, 6.85 ], [ -76.29, 6.84 ], [ -76.28, 6.84 ], [ -76.29, 6.83 ], [ -76.28, 6.81 ], [ -76.28, 6.8 ], [ -76.29, 6.79 ], [ -76.3, 6.78 ], [ -76.31, 6.78 ], [ -76.32, 6.78 ], [ -76.33, 6.78 ], [ -76.33, 6.79 ], [ -76.33, 6.8 ], [ -76.35, 6.81 ], [ -76.36, 6.81 ], [ -76.37, 6.81 ], [ -76.37, 6.82 ], [ -76.38, 6.82 ], [ -76.38, 6.83 ], [ -76.4, 6.83 ], [ -76.41, 6.85 ], [ -76.42, 6.85 ], [ -76.42, 6.86 ], [ -76.43, 6.86 ], [ -76.43, 6.85 ], [ -76.44, 6.84 ], [ -76.44, 6.83 ], [ -76.44, 6.81 ], [ -76.44, 6.8 ], [ -76.43, 6.79 ], [ -76.43, 6.77 ], [ -76.43, 6.76 ], [ -76.43, 6.75 ], [ -76.44, 6.74 ], [ -76.45, 6.74 ], [ -76.46, 6.75 ], [ -76.47, 6.75 ], [ -76.5, 6.75 ], [ -76.52, 6.76 ], [ -76.53, 6.76 ], [ -76.53, 6.75 ], [ -76.54, 6.74 ], [ -76.54, 6.73 ], [ -76.56, 6.72 ], [ -76.56, 6.71 ], [ -76.56, 6.7 ], [ -76.58, 6.7 ], [ -76.59, 6.71 ], [ -76.6, 6.72 ], [ -76.61, 6.72 ], [ -76.61, 6.73 ], [ -76.61, 6.74 ], [ -76.62, 6.75 ], [ -76.6, 6.76 ], [ -76.59, 6.76 ], [ -76.59, 6.77 ], [ -76.58, 6.79 ], [ -76.58, 6.8 ], [ -76.58, 6.81 ], [ -76.57, 6.82 ], [ -76.57, 6.83 ], [ -76.57, 6.85 ], [ -76.56, 6.86 ], [ -76.56, 6.87 ], [ -76.56, 6.88 ], [ -76.55, 6.89 ], [ -76.54, 6.89 ], [ -76.53, 6.9 ], [ -76.52, 6.91 ], [ -76.51, 6.93 ], [ -76.52, 6.96 ], [ -76.53, 6.96 ], [ -76.54, 6.96 ], [ -76.55, 6.97 ], [ -76.54, 6.98 ], [ -76.54, 6.99 ], [ -76.55, 7.0 ], [ -76.55, 7.01 ], [ -76.55, 7.02 ], [ -76.54, 7.04 ], [ -76.54, 7.05 ], [ -76.53, 7.05 ], [ -76.53, 7.06 ], [ -76.54, 7.07 ], [ -76.53, 7.08 ], [ -76.53, 7.09 ], [ -76.53, 7.1 ], [ -76.52, 7.1 ], [ -76.53, 7.11 ], [ -76.51, 7.11 ], [ -76.51, 7.13 ], [ -76.51, 7.14 ], [ -76.5, 7.14 ], [ -76.49, 7.13 ], [ -76.49, 7.14 ], [ -76.5, 7.15 ], [ -76.5, 7.16 ], [ -76.5, 7.17 ], [ -76.5, 7.18 ], [ -76.51, 7.18 ], [ -76.51, 7.19 ], [ -76.5, 7.19 ], [ -76.51, 7.2 ], [ -76.51, 7.21 ], [ -76.52, 7.22 ], [ -76.52, 7.23 ], [ -76.52, 7.24 ], [ -76.53, 7.26 ], [ -76.54, 7.26 ], [ -76.55, 7.26 ], [ -76.56, 7.27 ], [ -76.57, 7.28 ], [ -76.57, 7.29 ], [ -76.58, 7.3 ], [ -76.59, 7.3 ], [ -76.6, 7.3 ], [ -76.6, 7.31 ], [ -76.61, 7.31 ], [ -76.62, 7.32 ], [ -76.66, 7.45 ], [ -76.68, 7.47 ], [ -76.8, 7.57 ], [ -76.83, 7.58 ], [ -76.9, 7.58 ], [ -76.94, 7.58 ], [ -76.94, 7.59 ], [ -76.96, 7.64 ], [ -77.0, 7.67 ], [ -77.04, 7.7 ], [ -77.12, 7.78 ], [ -77.12, 7.79 ], [ -77.13, 7.83 ], [ -77.12, 7.83 ], [ -77.11, 7.82 ], [ -77.1, 7.83 ], [ -77.09, 7.83 ], [ -77.08, 7.85 ], [ -77.06, 7.85 ], [ -77.05, 7.86 ], [ -77.03, 7.88 ], [ -77.01, 7.93 ], [ -77.01, 7.94 ], [ -77.02, 7.95 ], [ -77.01, 7.95 ], [ -77.0, 7.96 ], [ -77.01, 7.97 ], [ -77.01, 7.99 ], [ -76.99, 8.02 ], [ -76.99, 8.03 ], [ -76.97, 8.03 ], [ -76.96, 8.04 ], [ -76.95, 8.05 ], [ -76.94, 8.06 ], [ -76.94, 8.09 ], [ -76.94, 8.1 ], [ -76.93, 8.1 ], [ -76.93, 8.09 ], [ -76.9, 8.1 ], [ -76.9, 8.11 ], [ -76.89, 8.11 ], [ -76.89, 8.12 ], [ -76.89, 8.13 ], [ -76.88, 8.13 ] ] ], [ [ [ -76.84, 8.06 ], [ -76.83, 8.05 ], [ -76.84, 8.04 ], [ -76.84, 8.05 ], [ -76.85, 8.05 ], [ -76.85, 8.06 ], [ -76.84, 8.06 ] ] ], [ [ [ -76.94, 8.1 ], [ -76.95, 8.1 ], [ -76.95, 8.11 ], [ -76.95, 8.12 ], [ -76.94, 8.11 ], [ -76.94, 8.1 ] ] ], [ [ [ -76.96, 8.12 ], [ -76.95, 8.13 ], [ -76.95, 8.12 ], [ -76.96, 8.12 ] ] ], [ [ [ -76.95, 8.15 ], [ -76.95, 8.17 ], [ -76.95, 8.18 ], [ -76.94, 8.18 ], [ -76.93, 8.19 ], [ -76.93, 8.18 ], [ -76.92, 8.18 ], [ -76.92, 8.17 ], [ -76.93, 8.17 ], [ -76.93, 8.16 ], [ -76.94, 8.16 ], [ -76.95, 8.15 ] ] ], [ [ [ -76.97, 8.19 ], [ -76.97, 8.21 ], [ -76.96, 8.18 ], [ -76.97, 8.19 ] ] ], [ [ [ -76.93, 8.21 ], [ -76.93, 8.2 ], [ -76.94, 8.2 ], [ -76.94, 8.21 ], [ -76.93, 8.21 ] ] ], [ [ [ -76.97, 8.21 ], [ -76.98, 8.23 ], [ -76.98, 8.26 ], [ -76.96, 8.26 ], [ -76.95, 8.25 ], [ -76.95, 8.24 ], [ -76.96, 8.24 ], [ -76.97, 8.24 ], [ -76.97, 8.23 ], [ -76.97, 8.21 ] ] ], [ [ [ -76.4, 8.47 ], [ -76.4, 8.46 ], [ -76.4, 8.45 ], [ -76.41, 8.46 ], [ -76.41, 8.48 ], [ -76.4, 8.47 ] ] ] ] } }
]
}
