{
"type": "FeatureCollection",
"name": "geo_deptos",
"crs": { "type": "name", "properties": { "name": "urn:ogc:def:crs:OGC:1.3:CRS84" } },
"features": [
{ "type": "Feature", "properties": { "coddepto": 17 }, "geometry": { "type": "MultiPolygon", "coordinates": [ [ [ [ -74.69, 5.78 ], [ -74.7, 5.77 ], [ -74.71, 5.77 ], [ -74.71, 5.76 ], [ -74.71, 5.75 ], [ -74.72, 5.75 ], [ -74.73, 5.74 ], [ -74.73, 5.72 ], [ -74.73, 5.71 ], [ -74.74, 5.71 ], [ -74.74, 5.7 ], [ -74.75, 5.7 ], [ -74.76, 5.7 ], [ -74.77, 5.7 ], [ -74.77, 5.69 ], [ -74.78, 5.69 ], [ -74.78, 5.7 ], [ -74.79, 5.7 ], [ -74.8, 5.7 ], [ -74.81, 5.7 ], [ -74.81, 5.71 ], [ -74.82, 5.71 ], [ -74.83, 5.71 ], [ -74.83, 5.72 ], [ -74.83, 5.73 ], [ -74.84, 5.73 ], [ -74.84, 5.74 ], [ -74.85, 5.74 ], [ -74.86, 5.75 ], [ -74.87, 5.75 ], [ -74.88, 5.75 ], [ -74.89, 5.74 ], [ -74.93, 5.73 ], [ -74.94, 5.73 ], [ -74.95, 5.73 ], [ -74.95, 5.72 ], [ -74.96, 5.72 ], [ -74.97, 5.72 ], [ -74.98, 5.72 ], [ -74.99, 5.72 ], [ -74.99, 5.71 ], [ -75.0, 5.7 ], [ -75.0, 5.69 ], [ -75.01, 5.68 ], [ -75.03, 5.68 ], [ -75.03, 5.67 ], [ -75.04, 5.67 ], [ -75.05, 5.66 ], [ -75.05, 5.67 ], [ -75.06, 5.67 ], [ -75.07, 5.67 ], [ -75.08, 5.66 ], [ -75.09, 5.66 ], [ -75.1, 5.64 ], [ -75.1, 5.63 ], [ -75.09, 5.63 ], [ -75.09, 5.62 ], [ -75.09, 5.61 ], [ -75.1, 5.61 ], [ -75.1, 5.6 ], [ -75.09, 5.6 ], [ -75.09, 5.59 ], [ -75.1, 5.58 ], [ -75.1, 5.57 ], [ -75.11, 5.57 ], [ -75.12, 5.57 ], [ -75.12, 5.56 ], [ -75.13, 5.55 ], [ -75.13, 5.54 ], [ -75.14, 5.53 ], [ -75.15, 5.53 ], [ -75.18, 5.52 ], [ -75.19, 5.52 ], [ -75.2, 5.52 ], [ -75.21, 5.51 ], [ -75.22, 5.5 ], [ -75.23, 5.49 ], [ -75.23, 5.48 ], [ -75.24, 5.48 ], [ -75.24, 5.46 ], [ -75.25, 5.46 ], [ -75.25, 5.45 ], [ -75.28, 5.42 ], [ -75.28, 5.44 ], [ -75.29, 5.45 ], [ -75.29, 5.46 ], [ -75.28, 5.47 ], [ -75.29, 5.47 ], [ -75.3, 5.47 ], [ -75.31, 5.47 ], [ -75.31, 5.48 ], [ -75.32, 5.48 ], [ -75.32, 5.49 ], [ -75.31, 5.5 ], [ -75.31, 5.51 ], [ -75.32, 5.52 ], [ -75.33, 5.52 ], [ -75.33, 5.53 ], [ -75.33, 5.54 ], [ -75.33, 5.55 ], [ -75.33, 5.56 ], [ -75.34, 5.57 ], [ -75.34, 5.58 ], [ -75.34, 5.59 ], [ -75.34, 5.6 ], [ -75.35, 5.6 ], [ -75.37, 5.6 ], [ -75.37, 5.61 ], [ -75.38, 5.61 ], [ -75.38, 5.62 ], [ -75.38, 5.63 ], [ -75.37, 5.63 ], [ -75.37, 5.64 ], [ -75.37, 5.65 ], [ -75.37, 5.66 ], [ -75.38, 5.67 ], [ -75.38, 5.68 ], [ -75.4, 5.68 ], [ -75.41, 5.68 ], [ -75.41, 5.69 ], [ -75.42, 5.7 ], [ -75.43, 5.7 ], [ -75.43, 5.69 ], [ -75.44, 5.69 ], [ -75.45, 5.68 ], [ -75.46, 5.67 ], [ -75.47, 5.67 ], [ -75.48, 5.66 ], [ -75.49, 5.67 ], [ -75.49, 5.68 ], [ -75.5, 5.69 ], [ -75.51, 5.68 ], [ -75.52, 5.69 ], [ -75.53, 5.69 ], [ -75.54, 5.69 ], [ -75.54, 5.7 ], [ -75.54, 5.71 ], [ -75.54, 5.72 ], [ -75.55, 5.72 ], [ -75.57, 5.72 ], [ -75.58, 5.73 ], [ -75.59, 5.73 ], [ -75.6, 5.74 ], [ -75.6, 5.72 ], [ -75.6, 5.71 ], [ -75.6, 5.7 ], [ -75.6, 5.68 ], [ -75.59, 5.67 ], [ -75.58, 5.67 ], [ -75.57, 5.66 ], [ -75.58, 5.66 ], [ -75.59, 5.64 ], [ -75.58, 5.63 ], [ -75.58, 5.62 ], [ -75.58, 5.61 ], [ -75.58, 5.59 ], [ -75.58, 5.58 ], [ -75.58, 5.55 ], [ -75.57, 5.54 ], [ -75.57, 5.52 ], [ -75.58, 5.52 ], [ -75.59, 5.52 ], [ -75.6, 5.52 ], [ -75.62, 5.53 ], [ -75.63, 5.53 ], [ -75.64, 5.53 ], [ -75.65, 5.53 ], [ -75.66, 5.53 ], [ -75.67, 5.53 ], [ -75.69, 5.52 ], [ -75.69, 5.53 ], [ -75.7, 5.53 ], [ -75.7, 5.54 ], [ -75.71, 5.54 ], [ -75.72, 5.55 ], [ -75.73, 5.56 ], [ -75.74, 5.55 ], [ -75.75, 5.55 ], [ -75.76, 5.55 ], [ -75.77, 5.54 ], [ -75.78, 5.54 ], [ -75.79, 5.54 ], [ -75.8, 5.53 ], [ -75.81, 5.52 ], [ -75.81, 5.51 ], [ -75.82, 5.51 ], [ -75.83, 5.5 ], [ -75.83, 5.49 ], [ -75.85, 5.49 ], [ -75.86, 5.5 ], [ -75.87, 5.5 ], [ -75.87, 5.49 ], [ -75.86, 5.47 ], [ -75.86, 5.45 ], [ -75.86, 5.44 ], [ -75.86, 5.43 ], [ -75.85, 5.43 ], [ -75.85, 5.41 ], [ -75.85, 5.4 ], [ -75.85, 5.39 ], [ -75.86, 5.39 ], [ -75.86, 5.38 ], [ -75.86, 5.37 ], [ -75.85, 5.37 ], [ -75.84, 5.37 ], [ -75.83, 5.36 ], [ -75.82, 5.36 ], [ -75.81, 5.36 ], [ -75.8, 5.37 ], [ -75.79, 5.37 ], [ -75.78, 5.37 ], [ -75.78, 5.38 ], [ -75.76, 5.39 ], [ -75.75, 5.39 ], [ -75.75, 5.38 ], [ -75.74, 5.38 ], [ -75.74, 5.39 ], [ -75.74, 5.4 ], [ -75.73, 5.4 ], [ -75.71, 5.39 ], [ -75.7, 5.39 ], [ -75.7, 5.38 ], [ -75.69, 5.37 ], [ -75.68, 5.36 ], [ -75.68, 5.35 ], [ -75.67, 5.35 ], [ -75.67, 5.34 ], [ -75.66, 5.33 ], [ -75.66, 5.32 ], [ -75.65, 5.31 ], [ -75.66, 5.3 ], [ -75.66, 5.29 ], [ -75.66, 5.28 ], [ -75.67, 5.28 ], [ -75.67, 5.27 ], [ -75.69, 5.26 ], [ -75.7, 5.26 ], [ -75.71, 5.26 ], [ -75.72, 5.26 ], [ -75.73, 5.26 ], [ -75.74, 5.27 ], [ -75.75, 5.27 ], [ -75.75, 5.28 ], [ -75.76, 5.27 ], [ -75.77, 5.27 ], [ -75.79, 5.28 ], [ -75.8, 5.28 ], [ -75.81, 5.27 ], [ -75.82, 5.27 ], [ -75.83, 5.26 ], [ -75.82, 5.25 ], [ -75.82, 5.24 ], [ -75.81, 5.24 ], [ -75.8, 5.24 ], [ -75.8, 5.22 ], [ -75.81, 5.21 ], [ -75.8, 5.2 ], [ -75.81, 5.19 ], [ -75.82, 5.18 ], [ -75.82, 5.17 ], [ -75.83, 5.16 ], [ -75.83, 5.15 ], [ -75.83, 5.14 ], [ -75.83, 5.13 ], [ -75.84, 5.13 ], [ -75.84, 5.12 ], [ -75.84, 5.11 ], [ -75.85, 5.11 ], [ -75.86, 5.12 ], [ -75.88, 5.13 ], [ -75.89, 5.13 ], [ -75.89, 5.12 ], [ -75.9, 5.12 ], [ -75.9, 5.11 ], [ -75.91, 5.09 ], [ -75.92, 5.09 ], [ -75.92, 5.08 ], [ -75.91, 5.07 ], [ -75.91, 5.06 ], [ -75.92, 5.06 ], [ -75.92, 5.04 ], [ -75.91, 5.03 ], [ -75.9, 5.02 ], [ -75.9, 5.01 ], [ -75.9, 5.0 ], [ -75.9, 4.99 ], [ -75.9, 4.98 ], [ -75.9, 4.97 ], [ -75.89, 4.97 ], [ -75.89, 4.96 ], [ -75.88, 4.96 ], [ -75.88, 4.95 ], [ -75.87, 4.95 ], [ -75.87, 4.94 ], [ -75.87, 4.93 ], [ -75.86, 4.93 ], [ -75.85, 4.93 ], [ -75.84, 4.93 ], [ -75.82, 4.92 ], [ -75.81, 4.92 ], [ -75.8, 4.94 ], [ -75.79, 4.94 ], [ -75.79, 4.95 ], [ -75.8, 4.97 ], [ -75.79, 4.97 ], [ -75.79, 4.98 ], [ -75.79, 4.99 ], [ -75.78, 4.99 ], [ -75.78, 5.0 ], [ -75.78, 5.01 ], [ -75.77, 5.01 ], [ -75.77, 5.02 ], [ -75.76, 5.02 ], [ -75.76, 5.04 ], [ -75.75, 5.05 ], [ -75.74, 5.03 ], [ -75.74, 5.02 ], [ -75.73, 5.02 ], [ -75.73, 5.01 ], [ -75.73, 5.0 ], [ -75.72, 4.99 ], [ -75.72, 4.98 ], [ -75.72, 4.97 ], [ -75.71, 4.97 ], [ -75.71, 4.96 ], [ -75.71, 4.95 ], [ -75.7, 4.95 ], [ -75.68, 4.94 ], [ -75.68, 4.95 ], [ -75.67, 4.94 ], [ -75.66, 4.95 ], [ -75.65, 4.95 ], [ -75.65, 4.96 ], [ -75.65, 4.97 ], [ -75.64, 4.97 ], [ -75.63, 4.97 ], [ -75.62, 4.97 ], [ -75.62, 4.96 ], [ -75.62, 4.95 ], [ -75.62, 4.93 ], [ -75.61, 4.93 ], [ -75.6, 4.93 ], [ -75.59, 4.93 ], [ -75.57, 4.93 ], [ -75.57, 4.94 ], [ -75.56, 4.94 ], [ -75.56, 4.92 ], [ -75.55, 4.92 ], [ -75.54, 4.93 ], [ -75.54, 4.92 ], [ -75.53, 4.92 ], [ -75.52, 4.92 ], [ -75.51, 4.92 ], [ -75.48, 4.92 ], [ -75.48, 4.91 ], [ -75.48, 4.9 ], [ -75.47, 4.9 ], [ -75.47, 4.89 ], [ -75.46, 4.89 ], [ -75.45, 4.87 ], [ -75.44, 4.86 ], [ -75.44, 4.85 ], [ -75.44, 4.84 ], [ -75.43, 4.83 ], [ -75.43, 4.82 ], [ -75.41, 4.81 ], [ -75.41, 4.8 ], [ -75.4, 4.81 ], [ -75.39, 4.8 ], [ -75.38, 4.8 ], [ -75.37, 4.82 ], [ -75.36, 4.83 ], [ -75.35, 4.84 ], [ -75.34, 4.85 ], [ -75.33, 4.86 ], [ -75.32, 4.86 ], [ -75.32, 4.89 ], [ -75.33, 4.9 ], [ -75.34, 4.91 ], [ -75.35, 4.93 ], [ -75.35, 4.94 ], [ -75.35, 4.97 ], [ -75.34, 4.97 ], [ -75.33, 4.98 ], [ -75.33, 4.99 ], [ -75.33, 5.0 ], [ -75.32, 5.02 ], [ -75.32, 5.03 ], [ -75.32, 5.04 ], [ -75.33, 5.04 ], [ -75.34, 5.04 ], [ -75.34, 5.05 ], [ -75.35, 5.06 ], [ -75.34, 5.07 ], [ -75.34, 5.08 ], [ -75.33, 5.1 ], [ -75.31, 5.11 ], [ -75.31, 5.12 ], [ -75.3, 5.12 ], [ -75.3, 5.13 ], [ -75.29, 5.14 ], [ -75.28, 5.14 ], [ -75.25, 5.13 ], [ -75.24, 5.13 ], [ -75.23, 5.13 ], [ -75.22, 5.13 ], [ -75.22, 5.14 ], [ -75.21, 5.14 ], [ -75.21, 5.15 ], [ -75.2, 5.15 ], [ -75.2, 5.16 ], [ -75.18, 5.16 ], [ -75.17, 5.17 ], [ -75.15, 5.17 ], [ -75.15, 5.16 ], [ -75.14, 5.16 ], [ -75.13, 5.16 ], [ -75.12, 5.16 ], [ -75.11, 5.16 ], [ -75.12, 5.17 ], [ -75.11, 5.18 ], [ -75.11, 5.19 ], [ -75.11, 5.2 ], [ -75.1, 5.21 ], [ -75.09, 5.22 ], [ -75.09, 5.23 ], [ -75.08, 5.23 ], [ -75.08, 5.24 ], [ -75.07, 5.24 ], [ -75.07, 5.25 ], [ -75.06, 5.25 ], [ -75.06, 5.26 ], [ -75.06, 5.28 ], [ -75.04, 5.28 ], [ -75.03, 5.28 ], [ -75.03, 5.29 ], [ -75.02, 5.29 ], [ -75.01, 5.29 ], [ -74.99, 5.29 ], [ -74.98, 5.3 ], [ -74.97, 5.3 ], [ -74.95, 5.3 ], [ -74.95, 5.31 ], [ -74.94, 5.31 ], [ -74.93, 5.31 ], [ -74.92, 5.31 ], [ -74.91, 5.31 ], [ -74.9, 5.3 ], [ -74.89, 5.3 ], [ -74.88, 5.3 ], [ -74.87, 5.3 ], [ -74.86, 5.31 ], [ -74.85, 5.31 ], [ -74.84, 5.32 ], [ -74.83, 5.32 ], [ -74.82, 5.32 ], [ -74.81, 5.31 ], [ -74.81, 5.3 ], [ -74.8, 5.3 ], [ -74.78, 5.3 ], [ -74.77, 5.3 ], [ -74.77, 5.29 ], [ -74.76, 5.29 ], [ -74.75, 5.28 ], [ -74.74, 5.29 ], [ -74.73, 5.29 ], [ -74.73, 5.3 ], [ -74.71, 5.32 ], [ -74.71, 5.34 ], [ -74.7, 5.35 ], [ -74.7, 5.37 ], [ -74.69, 5.36 ], [ -74.69, 5.37 ], [ -74.68, 5.38 ], [ -74.68, 5.39 ], [ -74.68, 5.4 ], [ -74.67, 5.4 ], [ -74.67, 5.41 ], [ -74.67, 5.42 ], [ -74.68, 5.43 ], [ -74.68, 5.44 ], [ -74.67, 5.44 ], [ -74.66, 5.44 ], [ -74.65, 5.44 ], [ -74.66, 5.45 ], [ -74.66, 5.46 ], [ -74.67, 5.5 ], [ -74.67, 5.51 ], [ -74.67, 5.52 ], [ -74.65, 5.53 ], [ -74.64, 5.54 ], [ -74.64, 5.55 ], [ -74.65, 5.57 ], [ -74.65, 5.58 ], [ -74.65, 5.59 ], [ -74.64, 5.6 ], [ -74.64, 5.62 ], [ -74.63, 5.63 ], [ -74.64, 5.65 ], [ -74.64, 5.66 ], [ -74.63, 5.68 ], [ -74.63, 5.7 ], [ -74.63, 5.71 ], [ -74.65, 5.71 ], [ -74.66, 5.73 ], [ -74.66, 5.74 ], [ -74.66, 5.77 ], [ -74.67, 5.77 ], [ -74.68, 5.78 ], [ -74.69, 5.78 ] ], [ [ -75.31, 5.47 ], [ -75.31, 5.46 ], [ -75.32, 5.46 ], [ -75.32, 5.47 ], [ -75.31, 5.47 ] ] ] ] } },
{ "type": "Feature", "properties": { "coddepto": 18 }, "geometry": { "type": "MultiPolygon", "coordinates": [ [ [ [ -74.8, 2.94 ], [ -74.81, 2.93 ], [ -74.82, 2.93 ], [ -74.82, 2.92 ], [ -74.83, 2.92 ], [ -74.83, 2.91 ], [ -74.84, 2.91 ], [ -74.85, 2.92 ], [ -74.85, 2.91 ], [ -74.86, 2.92 ], [ -74.87, 2.92 ], [ -74.88, 2.91 ], [ -74.89, 2.9 ], [ -74.9, 2.89 ], [ -74.91, 2.88 ], [ -74.92, 2.89 ], [ -74.92, 2.9 ], [ -74.93, 2.91 ], [ -74.94, 2.91 ], [ -74.95, 2.89 ], [ -74.96, 2.88 ], [ -74.96, 2.87 ], [ -74.97, 2.87 ], [ -74.98, 2.86 ], [ -74.99, 2.86 ], [ -75.0, 2.84 ], [ -75.01, 2.83 ], [ -75.02, 2.81 ], [ -75.02, 2.8 ], [ -75.03, 2.8 ], [ -75.03, 2.79 ], [ -75.04, 2.79 ], [ -75.04, 2.78 ], [ -75.06, 2.76 ], [ -75.07, 2.75 ], [ -75.09, 2.73 ], [ -75.1, 2.74 ], [ -75.11, 2.73 ], [ -75.12, 2.73 ], [ -75.14, 2.73 ], [ -75.15, 2.72 ], [ -75.15, 2.7 ], [ -75.13, 2.69 ], [ -75.14, 2.67 ], [ -75.15, 2.66 ], [ -75.16, 2.65 ], [ -75.15, 2.63 ], [ -75.15, 2.62 ], [ -75.13, 2.6 ], [ -75.15, 2.58 ], [ -75.16, 2.56 ], [ -75.17, 2.55 ], [ -75.18, 2.54 ], [ -75.18, 2.53 ], [ -75.17, 2.52 ], [ -75.18, 2.51 ], [ -75.19, 2.51 ], [ -75.2, 2.51 ], [ -75.21, 2.51 ], [ -75.23, 2.51 ], [ -75.23, 2.5 ], [ -75.23, 2.48 ], [ -75.25, 2.45 ], [ -75.25, 2.44 ], [ -75.26, 2.44 ], [ -75.26, 2.43 ], [ -75.27, 2.43 ], [ -75.27, 2.42 ], [ -75.28, 2.42 ], [ -75.29, 2.41 ], [ -75.29, 2.4 ], [ -75.29, 2.39 ], [ -75.29, 2.38 ], [ -75.3, 2.38 ], [ -75.3, 2.37 ], [ -75.31, 2.36 ], [ -75.32, 2.36 ], [ -75.33, 2.36 ], [ -75.34, 2.33 ], [ -75.35, 2.32 ], [ -75.36, 2.32 ], [ -75.37, 2.33 ], [ -75.38, 2.32 ], [ -75.39, 2.31 ], [ -75.39, 2.3 ], [ -75.39, 2.29 ], [ -75.4, 2.29 ], [ -75.41, 2.27 ], [ -75.41, 2.26 ], [ -75.41, 2.25 ], [ -75.42, 2.24 ], [ -75.43, 2.23 ], [ -75.44, 2.22 ], [ -75.44, 2.21 ], [ -75.44, 2.2 ], [ -75.43, 2.2 ], [ -75.43, 2.19 ], [ -75.43, 2.18 ], [ -75.44, 2.17 ], [ -75.44, 2.16 ], [ -75.44, 2.15 ], [ -75.45, 2.14 ], [ -75.45, 2.15 ], [ -75.47, 2.14 ], [ -75.48, 2.14 ], [ -75.49, 2.14 ], [ -75.49, 2.13 ], [ -75.5, 2.12 ], [ -75.53, 2.12 ], [ -75.54, 2.11 ], [ -75.54, 2.1 ], [ -75.54, 2.09 ], [ -75.54, 2.08 ], [ -75.55, 2.08 ], [ -75.56, 2.07 ], [ -75.56, 2.06 ], [ -75.57, 2.05 ], [ -75.57, 2.04 ], [ -75.58, 2.04 ], [ -75.58, 2.03 ], [ -75.59, 2.02 ], [ -75.59, 2.01 ], [ -75.62, 2.0 ], [ -75.62, 1.99 ], [ -75.62, 1.97 ], [ -75.63, 1.96 ], [ -75.64, 1.96 ], [ -75.64, 1.95 ], [ -75.65, 1.94 ], [ -75.64, 1.93 ], [ -75.64, 1.92 ], [ -75.64, 1.91 ], [ -75.65, 1.91 ], [ -75.65, 1.9 ], [ -75.66, 1.89 ], [ -75.67, 1.89 ], [ -75.69, 1.88 ], [ -75.69, 1.87 ], [ -75.7, 1.87 ], [ -75.7, 1.85 ], [ -75.71, 1.84 ], [ -75.72, 1.83 ], [ -75.73, 1.83 ], [ -75.73, 1.82 ], [ -75.73, 1.81 ], [ -75.73, 1.8 ], [ -75.73, 1.79 ], [ -75.74, 1.78 ], [ -75.76, 1.78 ], [ -75.76, 1.77 ], [ -75.77, 1.77 ], [ -75.77, 1.76 ], [ -75.78, 1.76 ], [ -75.79, 1.76 ], [ -75.8, 1.75 ], [ -75.81, 1.75 ], [ -75.82, 1.75 ], [ -75.83, 1.75 ], [ -75.84, 1.74 ], [ -75.84, 1.73 ], [ -75.84, 1.72 ], [ -75.85, 1.72 ], [ -75.87, 1.71 ], [ -75.88, 1.71 ], [ -75.89, 1.72 ], [ -75.9, 1.72 ], [ -75.91, 1.71 ], [ -75.92, 1.7 ], [ -75.93, 1.69 ], [ -75.94, 1.68 ], [ -75.95, 1.67 ], [ -75.95, 1.66 ], [ -75.96, 1.66 ], [ -75.97, 1.66 ], [ -75.98, 1.66 ], [ -75.98, 1.65 ], [ -75.98, 1.64 ], [ -75.98, 1.63 ], [ -75.98, 1.62 ], [ -75.99, 1.61 ], [ -76.01, 1.61 ], [ -76.02, 1.59 ], [ -76.03, 1.58 ], [ -76.04, 1.58 ], [ -76.05, 1.58 ], [ -76.06, 1.58 ], [ -76.07, 1.59 ], [ -76.07, 1.58 ], [ -76.08, 1.58 ], [ -76.09, 1.58 ], [ -76.09, 1.57 ], [ -76.11, 1.56 ], [ -76.12, 1.56 ], [ -76.12, 1.57 ], [ -76.14, 1.57 ], [ -76.15, 1.58 ], [ -76.16, 1.58 ], [ -76.16, 1.57 ], [ -76.15, 1.56 ], [ -76.16, 1.56 ], [ -76.16, 1.55 ], [ -76.15, 1.55 ], [ -76.15, 1.54 ], [ -76.16, 1.52 ], [ -76.17, 1.51 ], [ -76.18, 1.5 ], [ -76.18, 1.49 ], [ -76.18, 1.48 ], [ -76.19, 1.46 ], [ -76.18, 1.46 ], [ -76.18, 1.45 ], [ -76.18, 1.44 ], [ -76.19, 1.44 ], [ -76.19, 1.42 ], [ -76.2, 1.42 ], [ -76.2, 1.41 ], [ -76.2, 1.4 ], [ -76.2, 1.39 ], [ -76.2, 1.38 ], [ -76.2, 1.37 ], [ -76.2, 1.35 ], [ -76.21, 1.35 ], [ -76.21, 1.34 ], [ -76.22, 1.34 ], [ -76.22, 1.33 ], [ -76.22, 1.32 ], [ -76.23, 1.32 ], [ -76.23, 1.31 ], [ -76.24, 1.31 ], [ -76.24, 1.3 ], [ -76.25, 1.3 ], [ -76.25, 1.29 ], [ -76.25, 1.28 ], [ -76.26, 1.27 ], [ -76.27, 1.27 ], [ -76.28, 1.26 ], [ -76.29, 1.25 ], [ -76.29, 1.24 ], [ -76.3, 1.24 ], [ -76.3, 1.23 ], [ -76.29, 1.22 ], [ -76.29, 1.21 ], [ -76.29, 1.2 ], [ -76.3, 1.19 ], [ -76.3, 1.18 ], [ -76.29, 1.18 ], [ -76.29, 1.17 ], [ -76.29, 1.16 ], [ -76.28, 1.16 ], [ -76.28, 1.15 ], [ -76.28, 1.14 ], [ -76.27, 1.13 ], [ -76.26, 1.13 ], [ -76.26, 1.12 ], [ -76.25, 1.12 ], [ -76.24, 1.12 ], [ -76.23, 1.12 ], [ -76.22, 1.11 ], [ -76.21, 1.11 ], [ -76.21, 1.12 ], [ -76.2, 1.12 ], [ -76.19, 1.11 ], [ -76.18, 1.11 ], [ -76.17, 1.11 ], [ -76.16, 1.11 ], [ -76.15, 1.11 ], [ -76.15, 1.1 ], [ -76.14, 1.1 ], [ -76.13, 1.1 ], [ -76.12, 1.1 ], [ -76.12, 1.09 ], [ -76.12, 1.08 ], [ -76.11, 1.09 ], [ -76.1, 1.08 ], [ -76.1, 1.07 ], [ -76.09, 1.07 ], [ -76.08, 1.07 ], [ -76.08, 1.06 ], [ -76.06, 1.05 ], [ -76.05, 1.05 ], [ -76.04, 1.05 ], [ -76.02, 1.05 ], [ -76.01, 1.05 ], [ -76.0, 1.05 ], [ -76.0, 1.03 ], [ -75.99, 1.03 ], [ -75.99, 1.05 ], [ -75.99, 1.06 ], [ -76.0, 1.06 ], [ -76.0, 1.07 ], [ -75.99, 1.07 ], [ -75.97, 1.06 ], [ -75.95, 1.03 ], [ -75.94, 1.03 ], [ -75.93, 1.03 ], [ -75.92, 1.03 ], [ -75.92, 1.02 ], [ -75.93, 1.01 ], [ -75.93, 0.99 ], [ -75.95, 0.99 ], [ -75.95, 0.98 ], [ -75.94, 0.98 ], [ -75.92, 0.98 ], [ -75.91, 0.97 ], [ -75.9, 0.97 ], [ -75.9, 0.95 ], [ -75.9, 0.94 ], [ -75.89, 0.94 ], [ -75.87, 0.93 ], [ -75.87, 0.92 ], [ -75.86, 0.9 ], [ -75.86, 0.89 ], [ -75.84, 0.88 ], [ -75.83, 0.87 ], [ -75.82, 0.88 ], [ -75.81, 0.89 ], [ -75.81, 0.9 ], [ -75.8, 0.9 ], [ -75.77, 0.86 ], [ -75.76, 0.85 ], [ -75.77, 0.84 ], [ -75.76, 0.84 ], [ -75.74, 0.85 ], [ -75.73, 0.86 ], [ -75.71, 0.86 ], [ -75.69, 0.86 ], [ -75.68, 0.86 ], [ -75.67, 0.86 ], [ -75.66, 0.87 ], [ -75.64, 0.88 ], [ -75.62, 0.87 ], [ -75.61, 0.86 ], [ -75.61, 0.84 ], [ -75.6, 0.84 ], [ -75.58, 0.84 ], [ -75.57, 0.83 ], [ -75.55, 0.83 ], [ -75.54, 0.83 ], [ -75.54, 0.82 ], [ -75.54, 0.79 ], [ -75.53, 0.79 ], [ -75.53, 0.78 ], [ -75.52, 0.78 ], [ -75.51, 0.77 ], [ -75.5, 0.77 ], [ -75.49, 0.78 ], [ -75.48, 0.78 ], [ -75.47, 0.77 ], [ -75.47, 0.76 ], [ -75.43, 0.75 ], [ -75.42, 0.74 ], [ -75.41, 0.74 ], [ -75.4, 0.74 ], [ -75.38, 0.75 ], [ -75.36, 0.75 ], [ -75.35, 0.77 ], [ -75.34, 0.77 ], [ -75.33, 0.76 ], [ -75.33, 0.75 ], [ -75.32, 0.75 ], [ -75.31, 0.75 ], [ -75.3, 0.74 ], [ -75.3, 0.73 ], [ -75.27, 0.73 ], [ -75.26, 0.71 ], [ -75.26, 0.7 ], [ -75.26, 0.69 ], [ -75.28, 0.67 ], [ -75.27, 0.66 ], [ -75.23, 0.65 ], [ -75.22, 0.63 ], [ -75.21, 0.61 ], [ -75.21, 0.6 ], [ -75.21, 0.59 ], [ -75.23, 0.58 ], [ -75.24, 0.57 ], [ -75.23, 0.55 ], [ -75.22, 0.54 ], [ -75.21, 0.52 ], [ -75.2, 0.51 ], [ -75.2, 0.5 ], [ -75.22, 0.5 ], [ -75.22, 0.49 ], [ -75.2, 0.48 ], [ -75.18, 0.49 ], [ -75.16, 0.48 ], [ -75.14, 0.49 ], [ -75.12, 0.51 ], [ -75.11, 0.51 ], [ -75.1, 0.51 ], [ -75.09, 0.5 ], [ -75.1, 0.49 ], [ -75.11, 0.48 ], [ -75.11, 0.47 ], [ -75.1, 0.47 ], [ -75.09, 0.48 ], [ -75.07, 0.48 ], [ -75.06, 0.48 ], [ -75.05, 0.48 ], [ -75.03, 0.48 ], [ -75.02, 0.47 ], [ -75.01, 0.46 ], [ -75.01, 0.44 ], [ -74.99, 0.42 ], [ -74.98, 0.41 ], [ -74.98, 0.4 ], [ -74.99, 0.4 ], [ -75.01, 0.39 ], [ -75.02, 0.38 ], [ -75.01, 0.37 ], [ -75.01, 0.35 ], [ -75.01, 0.34 ], [ -75.0, 0.33 ], [ -74.98, 0.32 ], [ -74.98, 0.31 ], [ -74.99, 0.3 ], [ -75.01, 0.3 ], [ -75.01, 0.29 ], [ -75.01, 0.28 ], [ -75.0, 0.27 ], [ -74.99, 0.27 ], [ -74.97, 0.25 ], [ -74.96, 0.24 ], [ -74.94, 0.24 ], [ -74.93, 0.25 ], [ -74.92, 0.25 ], [ -74.89, 0.25 ], [ -74.88, 0.24 ], [ -74.86, 0.22 ], [ -74.84, 0.21 ], [ -74.83, 0.21 ], [ -74.83, 0.22 ], [ -74.82, 0.22 ], [ -74.78, 0.21 ], [ -74.77, 0.21 ], [ -74.74, 0.21 ], [ -74.72, 0.2 ], [ -74.71, 0.19 ], [ -74.7, 0.18 ], [ -74.68, 0.17 ], [ -74.68, 0.15 ], [ -74.68, 0.13 ], [ -74.67, 0.12 ], [ -74.68, 0.1 ], [ -74.68, 0.09 ], [ -74.69, 0.09 ], [ -74.7, 0.09 ], [ -74.71, 0.1 ], [ -74.71, 0.09 ], [ -74.7, 0.08 ], [ -74.69, 0.08 ], [ -74.68, 0.08 ], [ -74.67, 0.08 ], [ -74.66, 0.08 ], [ -74.66, 0.07 ], [ -74.66, 0.06 ], [ -74.68, 0.04 ], [ -74.69, 0.04 ], [ -74.7, 0.04 ], [ -74.69, 0.02 ], [ -74.68, 0.01 ], [ -74.66, -0.01 ], [ -74.66, -0.03 ], [ -74.66, -0.04 ], [ -74.65, -0.04 ], [ -74.63, -0.05 ], [ -74.62, -0.06 ], [ -74.62, -0.07 ], [ -74.62, -0.08 ], [ -74.63, -0.08 ], [ -74.63, -0.09 ], [ -74.6, -0.1 ], [ -74.58, -0.11 ], [ -74.54, -0.12 ], [ -74.53, -0.12 ], [ -74.52, -0.12 ], [ -74.53, -0.1 ], [ -74.53, -0.09 ], [ -74.52, -0.09 ], [ -74.51, -0.09 ], [ -74.51, -0.1 ], [ -74.51, -0.13 ], [ -74.5, -0.14 ], [ -74.49, -0.14 ], [ -74.48, -0.14 ], [ -74.47, -0.13 ], [ -74.46, -0.11 ], [ -74.46, -0.08 ], [ -74.45, -0.07 ], [ -74.44, -0.08 ], [ -74.43, -0.09 ], [ -74.42, -0.1 ], [ -74.42, -0.11 ], [ -74.43, -0.11 ], [ -74.45, -0.13 ], [ -74.45, -0.14 ], [ -74.44, -0.14 ], [ -74.43, -0.13 ], [ -74.42, -0.12 ], [ -74.4, -0.11 ], [ -74.37, -0.11 ], [ -74.36, -0.11 ], [ -74.34, -0.11 ], [ -74.32, -0.12 ], [ -74.32, -0.13 ], [ -74.31, -0.15 ], [ -74.3, -0.15 ], [ -74.28, -0.14 ], [ -74.27, -0.14 ], [ -74.26, -0.15 ], [ -74.26, -0.16 ], [ -74.29, -0.18 ], [ -74.29, -0.2 ], [ -74.28, -0.21 ], [ -74.26, -0.23 ], [ -74.23, -0.24 ], [ -74.22, -0.23 ], [ -74.22, -0.21 ], [ -74.21, -0.21 ], [ -74.2, -0.21 ], [ -74.19, -0.22 ], [ -74.19, -0.23 ], [ -74.19, -0.26 ], [ -74.18, -0.26 ], [ -74.17, -0.27 ], [ -74.16, -0.26 ], [ -74.15, -0.24 ], [ -74.13, -0.23 ], [ -74.12, -0.23 ], [ -74.11, -0.24 ], [ -74.08, -0.28 ], [ -74.07, -0.28 ], [ -74.05, -0.27 ], [ -74.04, -0.27 ], [ -74.04, -0.28 ], [ -74.04, -0.3 ], [ -74.04, -0.31 ], [ -74.02, -0.32 ], [ -74.02, -0.33 ], [ -74.01, -0.34 ], [ -74.0, -0.34 ], [ -73.94, -0.35 ], [ -73.9, -0.37 ], [ -73.88, -0.37 ], [ -73.86, -0.38 ], [ -73.83, -0.41 ], [ -73.82, -0.41 ], [ -73.81, -0.41 ], [ -73.76, -0.41 ], [ -73.75, -0.4 ], [ -73.73, -0.38 ], [ -73.72, -0.38 ], [ -73.71, -0.38 ], [ -73.71, -0.39 ], [ -73.69, -0.41 ], [ -73.69, -0.42 ], [ -73.67, -0.42 ], [ -73.65, -0.42 ], [ -73.64, -0.42 ], [ -73.64, -0.43 ], [ -73.64, -0.44 ], [ -73.65, -0.45 ], [ -73.65, -0.46 ], [ -73.63, -0.45 ], [ -73.62, -0.44 ], [ -73.61, -0.44 ], [ -73.6, -0.44 ], [ -73.58, -0.45 ], [ -73.58, -0.46 ], [ -73.58, -0.48 ], [ -73.57, -0.49 ], [ -73.57, -0.5 ], [ -73.57, -0.51 ], [ -73.57, -0.52 ], [ -73.56, -0.52 ], [ -73.55, -0.51 ], [ -73.54, -0.49 ], [ -73.53, -0.49 ], [ -73.53, -0.5 ], [ -73.52, -0.52 ], [ -73.51, -0.52 ], [ -73.49, -0.53 ], [ -73.45, -0.51 ], [ -73.43, -0.51 ], [ -73.41, -0.52 ], [ -73.4, -0.52 ], [ -73.4, -0.53 ], [ -73.38, -0.54 ], [ -73.37, -0.53 ], [ -73.37, -0.52 ], [ -73.36, -0.52 ], [ -73.33, -0.51 ], [ -73.32, -0.52 ], [ -73.32, -0.53 ], [ -73.3, -0.54 ], [ -73.28, -0.55 ], [ -73.27, -0.56 ], [ -73.26, -0.56 ], [ -73.26, -0.58 ], [ -73.24, -0.59 ], [ -73.22, -0.61 ], [ -73.21, -0.62 ], [ -73.2, -0.63 ], [ -73.17, -0.62 ], [ -73.15, -0.61 ], [ -73.12, -0.6 ], [ -73.11, -0.6 ], [ -73.1, -0.61 ], [ -73.08, -0.62 ], [ -73.07, -0.62 ], [ -73.07, -0.59 ], [ -73.06, -0.58 ], [ -73.06, -0.56 ], [ -73.05, -0.55 ], [ -73.04, -0.53 ], [ -73.03, -0.53 ], [ -73.02, -0.53 ], [ -72.99, -0.54 ], [ -72.96, -0.56 ], [ -72.95, -0.58 ], [ -72.94, -0.6 ], [ -72.94, -0.61 ], [ -72.92, -0.62 ], [ -72.87, -0.62 ], [ -72.85, -0.61 ], [ -72.83, -0.6 ], [ -72.82, -0.6 ], [ -72.81, -0.6 ], [ -72.81, -0.59 ], [ -72.8, -0.58 ], [ -72.79, -0.58 ], [ -72.78, -0.58 ], [ -72.76, -0.56 ], [ -72.75, -0.56 ], [ -72.74, -0.58 ], [ -72.73, -0.58 ], [ -72.72, -0.59 ], [ -72.71, -0.59 ], [ -72.7, -0.6 ], [ -72.69, -0.61 ], [ -72.68, -0.62 ], [ -72.68, -0.63 ], [ -72.67, -0.64 ], [ -72.63, -0.66 ], [ -72.6, -0.69 ], [ -72.56, -0.71 ], [ -72.55, -0.7 ], [ -72.54, -0.67 ], [ -72.53, -0.67 ], [ -72.51, -0.66 ], [ -72.5, -0.63 ], [ -72.48, -0.61 ], [ -72.47, -0.6 ], [ -72.43, -0.57 ], [ -72.42, -0.56 ], [ -72.41, -0.57 ], [ -72.4, -0.58 ], [ -72.41, -0.59 ], [ -72.41, -0.6 ], [ -72.39, -0.61 ], [ -72.37, -0.62 ], [ -72.35, -0.64 ], [ -72.33, -0.64 ], [ -72.32, -0.65 ], [ -72.31, -0.65 ], [ -72.29, -0.64 ], [ -72.29, -0.63 ], [ -72.26, -0.62 ], [ -72.25, -0.61 ], [ -72.24, -0.61 ], [ -72.25, -0.59 ], [ -72.25, -0.57 ], [ -72.24, -0.56 ], [ -72.24, -0.53 ], [ -72.23, -0.52 ], [ -72.23, -0.51 ], [ -72.23, -0.5 ], [ -72.23, -0.49 ], [ -72.2, -0.48 ], [ -72.2, -0.47 ], [ -72.19, -0.47 ], [ -72.18, -0.46 ], [ -72.17, -0.44 ], [ -72.17, -0.43 ], [ -72.16, -0.41 ], [ -72.15, -0.4 ], [ -72.15, -0.39 ], [ -72.16, -0.39 ], [ -72.16, -0.38 ], [ -72.16, -0.36 ], [ -72.15, -0.36 ], [ -72.14, -0.36 ], [ -72.14, -0.35 ], [ -72.13, -0.34 ], [ -72.12, -0.34 ], [ -72.11, -0.33 ], [ -72.09, -0.33 ], [ -72.09, -0.34 ], [ -72.08, -0.34 ], [ -72.08, -0.33 ], [ -72.07, -0.33 ], [ -72.06, -0.32 ], [ -72.06, -0.31 ], [ -72.06, -0.3 ], [ -72.05, -0.28 ], [ -72.05, -0.27 ], [ -72.04, -0.27 ], [ -72.02, -0.26 ], [ -72.01, -0.27 ], [ -72.0, -0.28 ], [ -71.98, -0.28 ], [ -71.98, -0.27 ], [ -71.97, -0.27 ], [ -71.93, -0.27 ], [ -71.91, -0.27 ], [ -71.9, -0.27 ], [ -71.87, -0.27 ], [ -71.86, -0.27 ], [ -71.85, -0.28 ], [ -71.84, -0.27 ], [ -71.84, -0.28 ], [ -71.83, -0.28 ], [ -71.82, -0.27 ], [ -71.81, -0.26 ], [ -71.8, -0.27 ], [ -71.79, -0.27 ], [ -71.78, -0.27 ], [ -71.77, -0.26 ], [ -71.74, -0.25 ], [ -71.74, -0.24 ], [ -71.73, -0.24 ], [ -71.73, -0.23 ], [ -71.72, -0.24 ], [ -71.71, -0.23 ], [ -71.71, -0.22 ], [ -71.72, -0.21 ], [ -71.71, -0.2 ], [ -71.72, -0.19 ], [ -71.72, -0.18 ], [ -71.73, -0.17 ], [ -71.74, -0.15 ], [ -71.73, -0.14 ], [ -71.73, -0.12 ], [ -71.72, -0.12 ], [ -71.71, -0.11 ], [ -71.7, -0.1 ], [ -71.7, -0.07 ], [ -71.7, -0.06 ], [ -71.69, -0.06 ], [ -71.67, -0.06 ], [ -71.65, -0.04 ], [ -71.63, -0.03 ], [ -71.59, -0.01 ], [ -71.58, 0.0 ], [ -71.58, 0.01 ], [ -71.58, 0.02 ], [ -71.56, 0.02 ], [ -71.55, 0.02 ], [ -71.51, 0.01 ], [ -71.5, 0.0 ], [ -71.49, -0.01 ], [ -71.47, -0.01 ], [ -71.46, -0.01 ], [ -71.45, -0.01 ], [ -71.45, 0.0 ], [ -71.44, 0.01 ], [ -71.42, 0.0 ], [ -71.4, 0.01 ], [ -71.39, 0.01 ], [ -71.39, 0.02 ], [ -71.39, 0.03 ], [ -71.37, 0.03 ], [ -71.36, 0.03 ], [ -71.35, 0.02 ], [ -71.34, 0.02 ], [ -71.33, 0.02 ], [ -71.32, 0.02 ], [ -71.3, 0.03 ], [ -71.29, 0.03 ], [ -71.29, 0.04 ], [ -71.27, 0.04 ], [ -71.26, 0.04 ], [ -71.26, 0.05 ], [ -71.25, 0.06 ], [ -71.26, 0.07 ], [ -71.28, 0.07 ], [ -71.3, 0.07 ], [ -71.29, 0.09 ], [ -71.29, 0.1 ], [ -71.31, 0.1 ], [ -71.33, 0.11 ], [ -71.33, 0.12 ], [ -71.32, 0.13 ], [ -71.32, 0.14 ], [ -71.33, 0.15 ], [ -71.34, 0.15 ], [ -71.34, 0.14 ], [ -71.35, 0.14 ], [ -71.37, 0.14 ], [ -71.37, 0.15 ], [ -71.37, 0.16 ], [ -71.37, 0.17 ], [ -71.38, 0.17 ], [ -71.39, 0.18 ], [ -71.4, 0.18 ], [ -71.4, 0.17 ], [ -71.4, 0.16 ], [ -71.41, 0.15 ], [ -71.42, 0.14 ], [ -71.43, 0.14 ], [ -71.44, 0.14 ], [ -71.45, 0.14 ], [ -71.46, 0.15 ], [ -71.47, 0.15 ], [ -71.47, 0.16 ], [ -71.46, 0.16 ], [ -71.46, 0.18 ], [ -71.47, 0.18 ], [ -71.48, 0.18 ], [ -71.48, 0.17 ], [ -71.48, 0.15 ], [ -71.49, 0.15 ], [ -71.49, 0.14 ], [ -71.5, 0.13 ], [ -71.51, 0.13 ], [ -71.53, 0.12 ], [ -71.54, 0.13 ], [ -71.54, 0.14 ], [ -71.53, 0.14 ], [ -71.53, 0.15 ], [ -71.53, 0.16 ], [ -71.53, 0.17 ], [ -71.55, 0.17 ], [ -71.56, 0.17 ], [ -71.57, 0.17 ], [ -71.58, 0.16 ], [ -71.59, 0.17 ], [ -71.58, 0.18 ], [ -71.58, 0.2 ], [ -71.59, 0.2 ], [ -71.61, 0.18 ], [ -71.62, 0.18 ], [ -71.63, 0.19 ], [ -71.62, 0.19 ], [ -71.62, 0.2 ], [ -71.63, 0.2 ], [ -71.62, 0.22 ], [ -71.64, 0.21 ], [ -71.66, 0.22 ], [ -71.7, 0.24 ], [ -71.73, 0.28 ], [ -71.73, 0.29 ], [ -71.74, 0.29 ], [ -71.75, 0.29 ], [ -71.75, 0.3 ], [ -71.75, 0.33 ], [ -71.77, 0.33 ], [ -71.78, 0.33 ], [ -71.79, 0.34 ], [ -71.79, 0.35 ], [ -71.77, 0.35 ], [ -71.77, 0.36 ], [ -71.77, 0.37 ], [ -71.78, 0.36 ], [ -71.79, 0.36 ], [ -71.81, 0.37 ], [ -71.8, 0.36 ], [ -71.81, 0.35 ], [ -71.82, 0.34 ], [ -71.83, 0.34 ], [ -71.85, 0.35 ], [ -71.85, 0.36 ], [ -71.84, 0.36 ], [ -71.83, 0.37 ], [ -71.84, 0.4 ], [ -71.83, 0.4 ], [ -71.84, 0.41 ], [ -71.85, 0.41 ], [ -71.85, 0.42 ], [ -71.85, 0.43 ], [ -71.85, 0.44 ], [ -71.86, 0.46 ], [ -71.87, 0.46 ], [ -71.89, 0.47 ], [ -71.89, 0.46 ], [ -71.89, 0.45 ], [ -71.9, 0.44 ], [ -71.91, 0.45 ], [ -71.92, 0.45 ], [ -71.92, 0.46 ], [ -71.9, 0.47 ], [ -71.91, 0.48 ], [ -71.92, 0.48 ], [ -71.93, 0.49 ], [ -71.93, 0.5 ], [ -71.91, 0.51 ], [ -71.91, 0.52 ], [ -71.93, 0.54 ], [ -71.93, 0.55 ], [ -71.94, 0.56 ], [ -71.94, 0.55 ], [ -71.95, 0.54 ], [ -71.96, 0.56 ], [ -71.98, 0.56 ], [ -71.99, 0.56 ], [ -71.99, 0.58 ], [ -71.99, 0.59 ], [ -72.01, 0.59 ], [ -72.01, 0.6 ], [ -71.99, 0.61 ], [ -71.98, 0.63 ], [ -71.99, 0.63 ], [ -71.99, 0.64 ], [ -72.0, 0.66 ], [ -72.01, 0.65 ], [ -72.02, 0.65 ], [ -72.02, 0.66 ], [ -72.03, 0.66 ], [ -72.04, 0.66 ], [ -72.05, 0.66 ], [ -72.08, 0.66 ], [ -72.07, 0.67 ], [ -72.07, 0.69 ], [ -72.08, 0.7 ], [ -72.09, 0.7 ], [ -72.11, 0.7 ], [ -72.12, 0.72 ], [ -72.12, 0.73 ], [ -72.13, 0.74 ], [ -72.14, 0.72 ], [ -72.15, 0.72 ], [ -72.16, 0.73 ], [ -72.16, 0.72 ], [ -72.16, 0.71 ], [ -72.17, 0.71 ], [ -72.18, 0.72 ], [ -72.19, 0.73 ], [ -72.2, 0.7 ], [ -72.21, 0.7 ], [ -72.22, 0.71 ], [ -72.23, 0.72 ], [ -72.23, 0.73 ], [ -72.22, 0.74 ], [ -72.22, 0.75 ], [ -72.23, 0.76 ], [ -72.24, 0.77 ], [ -72.25, 0.79 ], [ -72.26, 0.79 ], [ -72.27, 0.79 ], [ -72.26, 0.78 ], [ -72.26, 0.77 ], [ -72.27, 0.76 ], [ -72.29, 0.78 ], [ -72.3, 0.8 ], [ -72.31, 0.81 ], [ -72.3, 0.82 ], [ -72.29, 0.82 ], [ -72.3, 0.84 ], [ -72.3, 0.85 ], [ -72.29, 0.86 ], [ -72.29, 0.87 ], [ -72.29, 0.88 ], [ -72.3, 0.88 ], [ -72.31, 0.88 ], [ -72.32, 0.88 ], [ -72.33, 0.87 ], [ -72.32, 0.85 ], [ -72.32, 0.84 ], [ -72.33, 0.84 ], [ -72.33, 0.85 ], [ -72.34, 0.87 ], [ -72.33, 0.88 ], [ -72.35, 0.9 ], [ -72.34, 0.93 ], [ -72.35, 0.93 ], [ -72.37, 0.92 ], [ -72.39, 0.92 ], [ -72.38, 0.94 ], [ -72.38, 0.96 ], [ -72.4, 0.96 ], [ -72.4, 0.97 ], [ -72.41, 0.99 ], [ -72.4, 0.99 ], [ -72.4, 1.0 ], [ -72.41, 1.01 ], [ -72.42, 1.02 ], [ -72.43, 1.04 ], [ -72.43, 1.05 ], [ -72.44, 1.05 ], [ -72.44, 1.06 ], [ -72.45, 1.07 ], [ -72.46, 1.07 ], [ -72.46, 1.08 ], [ -72.47, 1.08 ], [ -72.48, 1.08 ], [ -72.48, 1.07 ], [ -72.5, 1.07 ], [ -72.51, 1.07 ], [ -72.52, 1.08 ], [ -72.54, 1.09 ], [ -72.56, 1.09 ], [ -72.57, 1.11 ], [ -72.59, 1.12 ], [ -72.61, 1.13 ], [ -72.62, 1.14 ], [ -72.64, 1.15 ], [ -72.64, 1.16 ], [ -72.64, 1.17 ], [ -72.65, 1.17 ], [ -72.65, 1.16 ], [ -72.66, 1.15 ], [ -72.67, 1.16 ], [ -72.69, 1.16 ], [ -72.69, 1.18 ], [ -72.7, 1.18 ], [ -72.72, 1.19 ], [ -72.73, 1.19 ], [ -72.73, 1.18 ], [ -72.73, 1.17 ], [ -72.73, 1.16 ], [ -72.73, 1.15 ], [ -72.74, 1.15 ], [ -72.74, 1.14 ], [ -72.74, 1.13 ], [ -72.75, 1.13 ], [ -72.76, 1.13 ], [ -72.78, 1.15 ], [ -72.78, 1.16 ], [ -72.77, 1.18 ], [ -72.78, 1.18 ], [ -72.79, 1.18 ], [ -72.8, 1.18 ], [ -72.82, 1.18 ], [ -72.82, 1.17 ], [ -72.82, 1.16 ], [ -72.82, 1.15 ], [ -72.83, 1.15 ], [ -72.83, 1.16 ], [ -72.84, 1.16 ], [ -72.85, 1.16 ], [ -72.85, 1.14 ], [ -72.86, 1.14 ], [ -72.87, 1.15 ], [ -72.87, 1.14 ], [ -72.87, 1.12 ], [ -72.85, 1.11 ], [ -72.85, 1.1 ], [ -72.86, 1.1 ], [ -72.87, 1.11 ], [ -72.87, 1.1 ], [ -72.88, 1.1 ], [ -72.88, 1.09 ], [ -72.87, 1.09 ], [ -72.87, 1.08 ], [ -72.88, 1.08 ], [ -72.88, 1.07 ], [ -72.87, 1.07 ], [ -72.86, 1.07 ], [ -72.86, 1.06 ], [ -72.86, 1.04 ], [ -72.87, 1.05 ], [ -72.88, 1.05 ], [ -72.88, 1.04 ], [ -72.87, 1.04 ], [ -72.87, 1.03 ], [ -72.87, 1.02 ], [ -72.88, 1.02 ], [ -72.9, 1.01 ], [ -72.91, 1.01 ], [ -72.92, 1.01 ], [ -72.93, 1.01 ], [ -72.93, 1.0 ], [ -72.94, 0.99 ], [ -72.94, 0.98 ], [ -72.95, 0.98 ], [ -72.96, 0.96 ], [ -72.97, 0.96 ], [ -72.98, 0.96 ], [ -72.99, 0.96 ], [ -72.99, 0.95 ], [ -72.99, 0.93 ], [ -73.0, 0.92 ], [ -73.01, 0.92 ], [ -73.01, 0.91 ], [ -73.02, 0.91 ], [ -73.02, 0.92 ], [ -73.03, 0.92 ], [ -73.03, 0.91 ], [ -73.04, 0.91 ], [ -73.05, 0.91 ], [ -73.06, 0.91 ], [ -73.06, 0.9 ], [ -73.07, 0.9 ], [ -73.08, 0.9 ], [ -73.09, 0.9 ], [ -73.09, 0.91 ], [ -73.1, 0.91 ], [ -73.1, 0.92 ], [ -73.11, 0.92 ], [ -73.12, 0.92 ], [ -73.13, 0.91 ], [ -73.14, 0.92 ], [ -73.15, 0.93 ], [ -73.15, 0.94 ], [ -73.16, 0.94 ], [ -73.16, 0.95 ], [ -73.17, 0.95 ], [ -73.18, 0.96 ], [ -73.18, 0.97 ], [ -73.17, 0.98 ], [ -73.18, 0.99 ], [ -73.17, 0.99 ], [ -73.18, 1.0 ], [ -73.19, 1.0 ], [ -73.2, 1.0 ], [ -73.21, 1.0 ], [ -73.22, 1.0 ], [ -73.23, 1.01 ], [ -73.24, 1.02 ], [ -73.24, 1.03 ], [ -73.24, 1.04 ], [ -73.25, 1.04 ], [ -73.25, 1.05 ], [ -73.26, 1.05 ], [ -73.27, 1.05 ], [ -73.28, 1.05 ], [ -73.28, 1.06 ], [ -73.28, 1.07 ], [ -73.29, 1.07 ], [ -73.3, 1.07 ], [ -73.31, 1.08 ], [ -73.32, 1.08 ], [ -73.32, 1.09 ], [ -73.33, 1.09 ], [ -73.33, 1.1 ], [ -73.34, 1.1 ], [ -73.34, 1.11 ], [ -73.34, 1.12 ], [ -73.35, 1.12 ], [ -73.36, 1.12 ], [ -73.36, 1.13 ], [ -73.37, 1.13 ], [ -73.38, 1.14 ], [ -73.39, 1.15 ], [ -73.4, 1.15 ], [ -73.4, 1.16 ], [ -73.39, 1.16 ], [ -73.39, 1.17 ], [ -73.4, 1.17 ], [ -73.41, 1.17 ], [ -73.41, 1.18 ], [ -73.42, 1.18 ], [ -73.42, 1.19 ], [ -73.42, 1.2 ], [ -73.41, 1.2 ], [ -73.41, 1.21 ], [ -73.42, 1.21 ], [ -73.42, 1.22 ], [ -73.42, 1.23 ], [ -73.42, 1.24 ], [ -73.41, 1.24 ], [ -73.41, 1.25 ], [ -73.42, 1.25 ], [ -73.42, 1.26 ], [ -73.43, 1.26 ], [ -73.43, 1.27 ], [ -73.43, 1.28 ], [ -73.43, 1.29 ], [ -73.44, 1.29 ], [ -73.45, 1.29 ], [ -73.46, 1.29 ], [ -73.45, 1.3 ], [ -73.45, 1.31 ], [ -73.46, 1.31 ], [ -73.46, 1.32 ], [ -73.46, 1.33 ], [ -73.46, 1.34 ], [ -73.47, 1.34 ], [ -73.47, 1.35 ], [ -73.47, 1.36 ], [ -73.48, 1.36 ], [ -73.48, 1.37 ], [ -73.49, 1.37 ], [ -73.5, 1.37 ], [ -73.5, 1.38 ], [ -73.51, 1.38 ], [ -73.51, 1.39 ], [ -73.52, 1.39 ], [ -73.54, 1.39 ], [ -73.54, 1.4 ], [ -73.55, 1.41 ], [ -73.54, 1.42 ], [ -73.55, 1.43 ], [ -73.55, 1.44 ], [ -73.55, 1.45 ], [ -73.56, 1.45 ], [ -73.58, 1.47 ], [ -73.58, 1.49 ], [ -73.59, 1.49 ], [ -73.6, 1.5 ], [ -73.61, 1.5 ], [ -73.62, 1.53 ], [ -73.63, 1.54 ], [ -73.64, 1.55 ], [ -73.64, 1.56 ], [ -73.65, 1.57 ], [ -73.66, 1.58 ], [ -73.66, 1.59 ], [ -73.66, 1.6 ], [ -73.66, 1.61 ], [ -73.66, 1.62 ], [ -74.04, 1.97 ], [ -74.05, 1.97 ], [ -74.06, 1.97 ], [ -74.07, 1.98 ], [ -74.08, 1.98 ], [ -74.09, 1.98 ], [ -74.11, 1.97 ], [ -74.11, 1.98 ], [ -74.11, 1.99 ], [ -74.12, 1.99 ], [ -74.13, 1.99 ], [ -74.14, 1.99 ], [ -74.14, 2.0 ], [ -74.15, 2.0 ], [ -74.15, 1.99 ], [ -74.15, 1.98 ], [ -74.16, 1.98 ], [ -74.17, 1.98 ], [ -74.18, 1.99 ], [ -74.19, 1.98 ], [ -74.19, 1.99 ], [ -74.2, 1.99 ], [ -74.2, 2.0 ], [ -74.22, 2.02 ], [ -74.23, 2.03 ], [ -74.23, 2.05 ], [ -74.24, 2.05 ], [ -74.24, 2.06 ], [ -74.25, 2.06 ], [ -74.31, 2.06 ], [ -74.32, 2.06 ], [ -74.36, 2.06 ], [ -74.37, 2.06 ], [ -74.38, 2.08 ], [ -74.39, 2.08 ], [ -74.4, 2.08 ], [ -74.42, 2.08 ], [ -74.43, 2.08 ], [ -74.43, 2.09 ], [ -74.44, 2.09 ], [ -74.45, 2.09 ], [ -74.46, 2.09 ], [ -74.47, 2.1 ], [ -74.48, 2.1 ], [ -74.48, 2.11 ], [ -74.48, 2.12 ], [ -74.48, 2.13 ], [ -74.48, 2.15 ], [ -74.49, 2.15 ], [ -74.49, 2.14 ], [ -74.5, 2.14 ], [ -74.5, 2.13 ], [ -74.51, 2.13 ], [ -74.51, 2.12 ], [ -74.52, 2.12 ], [ -74.53, 2.11 ], [ -74.54, 2.11 ], [ -74.54, 2.12 ], [ -74.55, 2.12 ], [ -74.55, 2.13 ], [ -74.56, 2.13 ], [ -74.57, 2.12 ], [ -74.57, 2.13 ], [ -74.58, 2.12 ], [ -74.59, 2.13 ], [ -74.59, 2.14 ], [ -74.6, 2.14 ], [ -74.6, 2.15 ], [ -74.6, 2.16 ], [ -74.59, 2.16 ], [ -74.59, 2.17 ], [ -74.59, 2.19 ], [ -74.59, 2.2 ], [ -74.6, 2.2 ], [ -74.61, 2.21 ], [ -74.61, 2.2 ], [ -74.62, 2.2 ], [ -74.63, 2.19 ], [ -74.64, 2.2 ], [ -74.64, 2.21 ], [ -74.65, 2.21 ], [ -74.66, 2.21 ], [ -74.66, 2.23 ], [ -74.65, 2.23 ], [ -74.65, 2.24 ], [ -74.65, 2.25 ], [ -74.66, 2.25 ], [ -74.67, 2.25 ], [ -74.67, 2.26 ], [ -74.68, 2.26 ], [ -74.69, 2.27 ], [ -74.7, 2.27 ], [ -74.7, 2.28 ], [ -74.71, 2.28 ], [ -74.72, 2.27 ], [ -74.73, 2.27 ], [ -74.73, 2.28 ], [ -74.74, 2.28 ], [ -74.74, 2.27 ], [ -74.75, 2.27 ], [ -74.75, 2.28 ], [ -74.74, 2.29 ], [ -74.74, 2.3 ], [ -74.74, 2.31 ], [ -74.74, 2.32 ], [ -74.73, 2.35 ], [ -74.73, 2.36 ], [ -74.72, 2.36 ], [ -74.71, 2.38 ], [ -74.7, 2.39 ], [ -74.69, 2.42 ], [ -74.68, 2.42 ], [ -74.67, 2.43 ], [ -74.67, 2.45 ], [ -74.66, 2.47 ], [ -74.66, 2.49 ], [ -74.65, 2.49 ], [ -74.65, 2.5 ], [ -74.66, 2.51 ], [ -74.67, 2.52 ], [ -74.68, 2.52 ], [ -74.68, 2.53 ], [ -74.68, 2.54 ], [ -74.68, 2.56 ], [ -74.67, 2.57 ], [ -74.65, 2.59 ], [ -74.65, 2.6 ], [ -74.64, 2.61 ], [ -74.63, 2.62 ], [ -74.62, 2.63 ], [ -74.61, 2.63 ], [ -74.61, 2.64 ], [ -74.6, 2.64 ], [ -74.59, 2.66 ], [ -74.59, 2.67 ], [ -74.6, 2.67 ], [ -74.6, 2.68 ], [ -74.61, 2.68 ], [ -74.62, 2.68 ], [ -74.62, 2.69 ], [ -74.61, 2.69 ], [ -74.62, 2.7 ], [ -74.64, 2.7 ], [ -74.64, 2.71 ], [ -74.63, 2.71 ], [ -74.63, 2.72 ], [ -74.63, 2.74 ], [ -74.62, 2.75 ], [ -74.64, 2.76 ], [ -74.64, 2.77 ], [ -74.65, 2.78 ], [ -74.66, 2.8 ], [ -74.67, 2.8 ], [ -74.67, 2.81 ], [ -74.67, 2.82 ], [ -74.67, 2.83 ], [ -74.66, 2.84 ], [ -74.66, 2.86 ], [ -74.67, 2.86 ], [ -74.67, 2.87 ], [ -74.67, 2.88 ], [ -74.67, 2.89 ], [ -74.69, 2.89 ], [ -74.7, 2.89 ], [ -74.71, 2.89 ], [ -74.72, 2.88 ], [ -74.73, 2.88 ], [ -74.74, 2.88 ], [ -74.75, 2.88 ], [ -74.76, 2.87 ], [ -74.77, 2.87 ], [ -74.78, 2.89 ], [ -74.78, 2.9 ], [ -74.79, 2.91 ], [ -74.79, 2.93 ], [ -74.8, 2.94 ] ], [ [ -71.63, 0.19 ], [ -71.64, 0.18 ], [ -71.64, 0.19 ], [ -71.63, 0.19 ] ], [ [ -74.72, 2.27 ], [ -74.71, 2.26 ], [ -74.72, 2.26 ], [ -74.72, 2.27 ] ] ], [ [ [ -74.66, -0.04 ], [ -74.68, -0.05 ], [ -74.68, -0.06 ], [ -74.67, -0.06 ], [ -74.66, -0.04 ] ] ], [ [ [ -71.58, 0.2 ], [ -71.57, 0.2 ], [ -71.56, 0.21 ], [ -71.56, 0.22 ], [ -71.57, 0.22 ], [ -71.58, 0.21 ], [ -71.58, 0.2 ] ] ], [ [ [ -71.73, 0.29 ], [ -71.72, 0.29 ], [ -71.71, 0.29 ], [ -71.7, 0.3 ], [ -71.7, 0.31 ], [ -71.71, 0.32 ], [ -71.71, 0.31 ], [ -71.73, 0.31 ], [ -71.73, 0.3 ], [ -71.73, 0.29 ] ] ] ] } },
{ "type": "Feature", "properties": { "coddepto": 25 }, "geometry": { "type": "MultiPolygon", "coordinates": [ [ [ [ -74.33, 5.83 ], [ -74.33, 5.84 ], [ -74.35, 5.83 ], [ -74.35, 5.82 ], [ -74.35, 5.81 ], [ -74.36, 5.81 ], [ -74.37, 5.8 ], [ -74.38, 5.78 ], [ -74.39, 5.78 ], [ -74.4, 5.78 ], [ -74.41, 5.77 ], [ -74.42, 5.77 ], [ -74.42, 5.76 ], [ -74.43, 5.76 ], [ -74.44, 5.76 ], [ -74.44, 5.77 ], [ -74.45, 5.77 ], [ -74.46, 5.77 ], [ -74.47, 5.78 ], [ -74.48, 5.78 ], [ -74.48, 5.77 ], [ -74.49, 5.77 ], [ -74.49, 5.78 ], [ -74.5, 5.78 ], [ -74.51, 5.78 ], [ -74.51, 5.79 ], [ -74.52, 5.79 ], [ -74.53, 5.79 ], [ -74.54, 5.79 ], [ -74.54, 5.78 ], [ -74.55, 5.77 ], [ -74.55, 5.76 ], [ -74.56, 5.76 ], [ -74.58, 5.75 ], [ -74.58, 5.76 ], [ -74.59, 5.76 ], [ -74.59, 5.75 ], [ -74.6, 5.75 ], [ -74.61, 5.75 ], [ -74.61, 5.76 ], [ -74.62, 5.76 ], [ -74.63, 5.76 ], [ -74.64, 5.75 ], [ -74.64, 5.74 ], [ -74.65, 5.74 ], [ -74.65, 5.75 ], [ -74.66, 5.75 ], [ -74.66, 5.74 ], [ -74.66, 5.73 ], [ -74.65, 5.71 ], [ -74.63, 5.71 ], [ -74.63, 5.7 ], [ -74.63, 5.68 ], [ -74.64, 5.66 ], [ -74.64, 5.65 ], [ -74.64, 5.64 ], [ -74.63, 5.64 ], [ -74.63, 5.63 ], [ -74.64, 5.62 ], [ -74.64, 5.6 ], [ -74.65, 5.59 ], [ -74.65, 5.58 ], [ -74.65, 5.57 ], [ -74.64, 5.55 ], [ -74.64, 5.54 ], [ -74.65, 5.53 ], [ -74.67, 5.52 ], [ -74.67, 5.51 ], [ -74.67, 5.5 ], [ -74.66, 5.46 ], [ -74.66, 5.45 ], [ -74.65, 5.44 ], [ -74.66, 5.44 ], [ -74.67, 5.44 ], [ -74.68, 5.44 ], [ -74.68, 5.43 ], [ -74.67, 5.42 ], [ -74.67, 5.41 ], [ -74.67, 5.4 ], [ -74.68, 5.4 ], [ -74.68, 5.39 ], [ -74.68, 5.38 ], [ -74.69, 5.37 ], [ -74.69, 5.36 ], [ -74.7, 5.37 ], [ -74.7, 5.35 ], [ -74.71, 5.34 ], [ -74.71, 5.32 ], [ -74.73, 5.3 ], [ -74.73, 5.29 ], [ -74.72, 5.26 ], [ -74.73, 5.25 ], [ -74.72, 5.24 ], [ -74.73, 5.23 ], [ -74.73, 5.22 ], [ -74.73, 5.21 ], [ -74.73, 5.2 ], [ -74.72, 5.2 ], [ -74.72, 5.19 ], [ -74.71, 5.18 ], [ -74.72, 5.17 ], [ -74.73, 5.15 ], [ -74.73, 5.14 ], [ -74.72, 5.12 ], [ -74.72, 5.1 ], [ -74.72, 5.09 ], [ -74.73, 5.07 ], [ -74.73, 5.06 ], [ -74.73, 5.04 ], [ -74.73, 5.03 ], [ -74.74, 5.02 ], [ -74.74, 5.01 ], [ -74.74, 5.0 ], [ -74.73, 5.0 ], [ -74.72, 4.99 ], [ -74.71, 4.99 ], [ -74.71, 4.98 ], [ -74.71, 4.97 ], [ -74.73, 4.98 ], [ -74.74, 4.97 ], [ -74.75, 4.96 ], [ -74.75, 4.95 ], [ -74.73, 4.93 ], [ -74.74, 4.9 ], [ -74.73, 4.9 ], [ -74.73, 4.89 ], [ -74.74, 4.88 ], [ -74.75, 4.89 ], [ -74.75, 4.87 ], [ -74.75, 4.86 ], [ -74.76, 4.85 ], [ -74.77, 4.84 ], [ -74.75, 4.83 ], [ -74.74, 4.82 ], [ -74.75, 4.81 ], [ -74.74, 4.79 ], [ -74.77, 4.77 ], [ -74.78, 4.76 ], [ -74.78, 4.75 ], [ -74.79, 4.75 ], [ -74.81, 4.74 ], [ -74.82, 4.73 ], [ -74.82, 4.71 ], [ -74.8, 4.71 ], [ -74.8, 4.7 ], [ -74.8, 4.69 ], [ -74.81, 4.68 ], [ -74.81, 4.67 ], [ -74.79, 4.66 ], [ -74.79, 4.65 ], [ -74.8, 4.64 ], [ -74.8, 4.63 ], [ -74.81, 4.62 ], [ -74.81, 4.61 ], [ -74.8, 4.6 ], [ -74.79, 4.59 ], [ -74.81, 4.59 ], [ -74.81, 4.58 ], [ -74.8, 4.57 ], [ -74.81, 4.56 ], [ -74.81, 4.55 ], [ -74.8, 4.55 ], [ -74.8, 4.53 ], [ -74.8, 4.52 ], [ -74.79, 4.51 ], [ -74.8, 4.5 ], [ -74.8, 4.48 ], [ -74.8, 4.46 ], [ -74.81, 4.45 ], [ -74.82, 4.45 ], [ -74.83, 4.45 ], [ -74.83, 4.44 ], [ -74.83, 4.43 ], [ -74.83, 4.42 ], [ -74.83, 4.41 ], [ -74.84, 4.4 ], [ -74.84, 4.38 ], [ -74.85, 4.37 ], [ -74.85, 4.36 ], [ -74.86, 4.33 ], [ -74.88, 4.32 ], [ -74.88, 4.31 ], [ -74.88, 4.3 ], [ -74.89, 4.29 ], [ -74.89, 4.28 ], [ -74.88, 4.27 ], [ -74.86, 4.27 ], [ -74.85, 4.27 ], [ -74.83, 4.28 ], [ -74.81, 4.29 ], [ -74.8, 4.29 ], [ -74.78, 4.28 ], [ -74.78, 4.27 ], [ -74.77, 4.27 ], [ -74.77, 4.26 ], [ -74.77, 4.25 ], [ -74.75, 4.26 ], [ -74.75, 4.25 ], [ -74.74, 4.25 ], [ -74.73, 4.25 ], [ -74.72, 4.24 ], [ -74.72, 4.23 ], [ -74.71, 4.23 ], [ -74.71, 4.22 ], [ -74.7, 4.22 ], [ -74.7, 4.21 ], [ -74.69, 4.21 ], [ -74.68, 4.21 ], [ -74.67, 4.21 ], [ -74.66, 4.21 ], [ -74.65, 4.21 ], [ -74.64, 4.21 ], [ -74.63, 4.22 ], [ -74.62, 4.22 ], [ -74.62, 4.24 ], [ -74.62, 4.25 ], [ -74.6, 4.26 ], [ -74.59, 4.26 ], [ -74.59, 4.27 ], [ -74.58, 4.27 ], [ -74.57, 4.27 ], [ -74.56, 4.27 ], [ -74.55, 4.26 ], [ -74.54, 4.26 ], [ -74.54, 4.25 ], [ -74.52, 4.24 ], [ -74.51, 4.22 ], [ -74.51, 4.21 ], [ -74.51, 4.2 ], [ -74.5, 4.19 ], [ -74.49, 4.18 ], [ -74.48, 4.18 ], [ -74.48, 4.16 ], [ -74.48, 4.15 ], [ -74.48, 4.14 ], [ -74.48, 4.13 ], [ -74.48, 4.11 ], [ -74.49, 4.1 ], [ -74.51, 4.08 ], [ -74.51, 4.07 ], [ -74.52, 4.07 ], [ -74.52, 4.06 ], [ -74.53, 4.05 ], [ -74.53, 4.04 ], [ -74.53, 4.03 ], [ -74.53, 4.02 ], [ -74.53, 4.01 ], [ -74.53, 3.99 ], [ -74.53, 3.97 ], [ -74.53, 3.96 ], [ -74.51, 3.96 ], [ -74.51, 3.95 ], [ -74.51, 3.93 ], [ -74.52, 3.91 ], [ -74.53, 3.9 ], [ -74.52, 3.89 ], [ -74.53, 3.88 ], [ -74.54, 3.84 ], [ -74.51, 3.83 ], [ -74.51, 3.82 ], [ -74.49, 3.82 ], [ -74.48, 3.82 ], [ -74.46, 3.82 ], [ -74.45, 3.82 ], [ -74.45, 3.8 ], [ -74.45, 3.79 ], [ -74.46, 3.77 ], [ -74.46, 3.76 ], [ -74.46, 3.75 ], [ -74.46, 3.74 ], [ -74.45, 3.73 ], [ -74.44, 3.73 ], [ -74.42, 3.74 ], [ -74.41, 3.74 ], [ -74.4, 3.74 ], [ -74.4, 3.75 ], [ -74.39, 3.75 ], [ -74.39, 3.76 ], [ -74.39, 3.77 ], [ -74.38, 3.78 ], [ -74.37, 3.79 ], [ -74.36, 3.79 ], [ -74.36, 3.8 ], [ -74.35, 3.8 ], [ -74.35, 3.81 ], [ -74.34, 3.81 ], [ -74.34, 3.82 ], [ -74.33, 3.82 ], [ -74.33, 3.83 ], [ -74.32, 3.82 ], [ -74.31, 3.82 ], [ -74.3, 3.82 ], [ -74.29, 3.83 ], [ -74.3, 3.84 ], [ -74.31, 3.84 ], [ -74.3, 3.85 ], [ -74.31, 3.86 ], [ -74.32, 3.88 ], [ -74.31, 3.89 ], [ -74.3, 3.88 ], [ -74.28, 3.91 ], [ -74.27, 3.92 ], [ -74.27, 3.93 ], [ -74.26, 3.93 ], [ -74.26, 3.95 ], [ -74.25, 3.95 ], [ -74.24, 3.95 ], [ -74.24, 3.97 ], [ -74.23, 3.98 ], [ -74.23, 3.99 ], [ -74.22, 4.01 ], [ -74.2, 4.02 ], [ -74.18, 4.01 ], [ -74.18, 4.02 ], [ -74.17, 4.02 ], [ -74.16, 4.02 ], [ -74.15, 4.01 ], [ -74.14, 4.0 ], [ -74.12, 4.0 ], [ -74.12, 4.01 ], [ -74.1, 4.01 ], [ -74.1, 4.02 ], [ -74.09, 4.03 ], [ -74.08, 4.04 ], [ -74.07, 4.06 ], [ -74.06, 4.06 ], [ -74.05, 4.06 ], [ -74.03, 4.06 ], [ -74.03, 4.07 ], [ -74.04, 4.07 ], [ -74.04, 4.08 ], [ -74.03, 4.08 ], [ -74.03, 4.09 ], [ -74.02, 4.1 ], [ -74.01, 4.11 ], [ -74.0, 4.11 ], [ -74.0, 4.1 ], [ -73.99, 4.1 ], [ -73.99, 4.11 ], [ -73.98, 4.11 ], [ -73.97, 4.1 ], [ -73.97, 4.09 ], [ -73.96, 4.1 ], [ -73.95, 4.11 ], [ -73.94, 4.12 ], [ -73.94, 4.13 ], [ -73.94, 4.14 ], [ -73.93, 4.15 ], [ -73.93, 4.14 ], [ -73.92, 4.14 ], [ -73.92, 4.15 ], [ -73.91, 4.15 ], [ -73.9, 4.14 ], [ -73.89, 4.15 ], [ -73.88, 4.15 ], [ -73.88, 4.16 ], [ -73.87, 4.17 ], [ -73.86, 4.17 ], [ -73.85, 4.17 ], [ -73.85, 4.18 ], [ -73.84, 4.18 ], [ -73.83, 4.17 ], [ -73.82, 4.18 ], [ -73.82, 4.2 ], [ -73.81, 4.2 ], [ -73.8, 4.2 ], [ -73.79, 4.2 ], [ -73.78, 4.2 ], [ -73.75, 4.19 ], [ -73.75, 4.2 ], [ -73.75, 4.21 ], [ -73.75, 4.23 ], [ -73.76, 4.23 ], [ -73.76, 4.24 ], [ -73.76, 4.25 ], [ -73.75, 4.26 ], [ -73.74, 4.27 ], [ -73.76, 4.28 ], [ -73.77, 4.3 ], [ -73.78, 4.3 ], [ -73.78, 4.32 ], [ -73.78, 4.33 ], [ -73.79, 4.34 ], [ -73.79, 4.35 ], [ -73.79, 4.36 ], [ -73.8, 4.36 ], [ -73.79, 4.38 ], [ -73.8, 4.38 ], [ -73.8, 4.39 ], [ -73.81, 4.4 ], [ -73.81, 4.42 ], [ -73.79, 4.44 ], [ -73.78, 4.45 ], [ -73.77, 4.45 ], [ -73.76, 4.45 ], [ -73.76, 4.46 ], [ -73.75, 4.46 ], [ -73.74, 4.46 ], [ -73.73, 4.47 ], [ -73.73, 4.48 ], [ -73.74, 4.48 ], [ -73.74, 4.49 ], [ -73.73, 4.49 ], [ -73.73, 4.5 ], [ -73.72, 4.5 ], [ -73.71, 4.52 ], [ -73.69, 4.52 ], [ -73.69, 4.53 ], [ -73.67, 4.53 ], [ -73.66, 4.55 ], [ -73.65, 4.54 ], [ -73.64, 4.55 ], [ -73.63, 4.56 ], [ -73.62, 4.56 ], [ -73.61, 4.56 ], [ -73.6, 4.55 ], [ -73.58, 4.54 ], [ -73.57, 4.53 ], [ -73.58, 4.52 ], [ -73.58, 4.51 ], [ -73.58, 4.5 ], [ -73.59, 4.49 ], [ -73.6, 4.49 ], [ -73.6, 4.47 ], [ -73.6, 4.46 ], [ -73.59, 4.44 ], [ -73.59, 4.43 ], [ -73.57, 4.42 ], [ -73.58, 4.41 ], [ -73.58, 4.4 ], [ -73.57, 4.39 ], [ -73.57, 4.37 ], [ -73.56, 4.35 ], [ -73.55, 4.35 ], [ -73.55, 4.33 ], [ -73.55, 4.32 ], [ -73.55, 4.31 ], [ -73.52, 4.29 ], [ -73.51, 4.29 ], [ -73.5, 4.28 ], [ -73.49, 4.29 ], [ -73.48, 4.29 ], [ -73.48, 4.28 ], [ -73.47, 4.28 ], [ -73.46, 4.28 ], [ -73.45, 4.29 ], [ -73.44, 4.29 ], [ -73.43, 4.31 ], [ -73.42, 4.31 ], [ -73.4, 4.31 ], [ -73.4, 4.32 ], [ -73.39, 4.32 ], [ -73.35, 4.32 ], [ -73.32, 4.3 ], [ -73.3, 4.3 ], [ -73.28, 4.3 ], [ -73.27, 4.29 ], [ -73.26, 4.29 ], [ -73.25, 4.29 ], [ -73.23, 4.29 ], [ -73.21, 4.27 ], [ -73.2, 4.27 ], [ -73.19, 4.26 ], [ -73.18, 4.26 ], [ -73.18, 4.24 ], [ -73.17, 4.25 ], [ -73.17, 4.24 ], [ -73.16, 4.23 ], [ -73.15, 4.23 ], [ -73.15, 4.22 ], [ -73.14, 4.22 ], [ -73.12, 4.26 ], [ -73.06, 4.73 ], [ -73.07, 4.73 ], [ -73.08, 4.73 ], [ -73.07, 4.72 ], [ -73.08, 4.71 ], [ -73.08, 4.7 ], [ -73.09, 4.69 ], [ -73.09, 4.68 ], [ -73.1, 4.67 ], [ -73.11, 4.66 ], [ -73.12, 4.67 ], [ -73.13, 4.67 ], [ -73.13, 4.66 ], [ -73.15, 4.66 ], [ -73.16, 4.66 ], [ -73.19, 4.67 ], [ -73.21, 4.68 ], [ -73.22, 4.68 ], [ -73.23, 4.7 ], [ -73.23, 4.71 ], [ -73.22, 4.72 ], [ -73.22, 4.73 ], [ -73.24, 4.74 ], [ -73.25, 4.73 ], [ -73.25, 4.74 ], [ -73.26, 4.74 ], [ -73.27, 4.74 ], [ -73.28, 4.73 ], [ -73.28, 4.72 ], [ -73.29, 4.72 ], [ -73.3, 4.73 ], [ -73.31, 4.73 ], [ -73.31, 4.74 ], [ -73.31, 4.75 ], [ -73.31, 4.77 ], [ -73.32, 4.78 ], [ -73.33, 4.78 ], [ -73.33, 4.79 ], [ -73.34, 4.79 ], [ -73.35, 4.8 ], [ -73.36, 4.79 ], [ -73.37, 4.8 ], [ -73.37, 4.81 ], [ -73.37, 4.82 ], [ -73.37, 4.83 ], [ -73.38, 4.83 ], [ -73.37, 4.84 ], [ -73.38, 4.85 ], [ -73.39, 4.85 ], [ -73.39, 4.86 ], [ -73.39, 4.87 ], [ -73.4, 4.87 ], [ -73.4, 4.88 ], [ -73.41, 4.88 ], [ -73.42, 4.88 ], [ -73.43, 4.88 ], [ -73.44, 4.89 ], [ -73.45, 4.89 ], [ -73.45, 4.88 ], [ -73.47, 4.89 ], [ -73.48, 4.89 ], [ -73.49, 4.88 ], [ -73.5, 4.88 ], [ -73.51, 4.88 ], [ -73.52, 4.88 ], [ -73.52, 4.89 ], [ -73.53, 4.89 ], [ -73.54, 4.9 ], [ -73.54, 4.91 ], [ -73.55, 4.93 ], [ -73.54, 4.94 ], [ -73.54, 4.95 ], [ -73.53, 4.95 ], [ -73.53, 4.96 ], [ -73.53, 4.97 ], [ -73.52, 4.98 ], [ -73.52, 4.99 ], [ -73.51, 4.99 ], [ -73.51, 5.0 ], [ -73.52, 5.0 ], [ -73.52, 5.01 ], [ -73.52, 5.02 ], [ -73.52, 5.03 ], [ -73.51, 5.04 ], [ -73.5, 5.04 ], [ -73.49, 5.05 ], [ -73.49, 5.06 ], [ -73.48, 5.06 ], [ -73.48, 5.08 ], [ -73.49, 5.09 ], [ -73.49, 5.11 ], [ -73.49, 5.13 ], [ -73.49, 5.14 ], [ -73.48, 5.14 ], [ -73.48, 5.15 ], [ -73.51, 5.15 ], [ -73.51, 5.16 ], [ -73.51, 5.17 ], [ -73.51, 5.18 ], [ -73.51, 5.19 ], [ -73.52, 5.19 ], [ -73.52, 5.2 ], [ -73.52, 5.21 ], [ -73.52, 5.22 ], [ -73.51, 5.23 ], [ -73.52, 5.24 ], [ -73.53, 5.24 ], [ -73.53, 5.26 ], [ -73.53, 5.27 ], [ -73.53, 5.28 ], [ -73.55, 5.29 ], [ -73.55, 5.3 ], [ -73.57, 5.3 ], [ -73.58, 5.3 ], [ -73.59, 5.31 ], [ -73.6, 5.32 ], [ -73.59, 5.33 ], [ -73.59, 5.34 ], [ -73.59, 5.35 ], [ -73.6, 5.36 ], [ -73.6, 5.37 ], [ -73.6, 5.38 ], [ -73.59, 5.39 ], [ -73.59, 5.4 ], [ -73.6, 5.4 ], [ -73.62, 5.4 ], [ -73.63, 5.41 ], [ -73.64, 5.42 ], [ -73.65, 5.42 ], [ -73.66, 5.43 ], [ -73.67, 5.43 ], [ -73.68, 5.43 ], [ -73.68, 5.44 ], [ -73.68, 5.45 ], [ -73.69, 5.45 ], [ -73.7, 5.45 ], [ -73.71, 5.46 ], [ -73.72, 5.46 ], [ -73.72, 5.47 ], [ -73.72, 5.48 ], [ -73.73, 5.48 ], [ -73.73, 5.47 ], [ -73.74, 5.47 ], [ -73.75, 5.49 ], [ -73.76, 5.48 ], [ -73.77, 5.49 ], [ -73.78, 5.5 ], [ -73.79, 5.51 ], [ -73.79, 5.53 ], [ -73.79, 5.55 ], [ -73.8, 5.56 ], [ -73.8, 5.57 ], [ -73.82, 5.55 ], [ -73.83, 5.55 ], [ -73.84, 5.55 ], [ -73.85, 5.55 ], [ -73.86, 5.53 ], [ -73.87, 5.53 ], [ -73.88, 5.52 ], [ -73.89, 5.52 ], [ -73.9, 5.52 ], [ -73.9, 5.53 ], [ -73.91, 5.53 ], [ -73.91, 5.52 ], [ -73.91, 5.51 ], [ -73.91, 5.5 ], [ -73.91, 5.49 ], [ -73.9, 5.49 ], [ -73.9, 5.48 ], [ -73.9, 5.45 ], [ -73.91, 5.44 ], [ -73.91, 5.43 ], [ -73.93, 5.44 ], [ -73.94, 5.43 ], [ -73.95, 5.42 ], [ -73.96, 5.42 ], [ -73.97, 5.42 ], [ -73.98, 5.4 ], [ -73.98, 5.39 ], [ -73.99, 5.39 ], [ -73.99, 5.38 ], [ -74.0, 5.37 ], [ -74.02, 5.37 ], [ -74.02, 5.38 ], [ -74.02, 5.39 ], [ -74.03, 5.39 ], [ -74.04, 5.39 ], [ -74.05, 5.4 ], [ -74.06, 5.4 ], [ -74.06, 5.41 ], [ -74.07, 5.41 ], [ -74.08, 5.41 ], [ -74.09, 5.43 ], [ -74.09, 5.44 ], [ -74.1, 5.44 ], [ -74.09, 5.45 ], [ -74.1, 5.46 ], [ -74.1, 5.47 ], [ -74.11, 5.47 ], [ -74.12, 5.45 ], [ -74.12, 5.43 ], [ -74.13, 5.43 ], [ -74.13, 5.44 ], [ -74.14, 5.44 ], [ -74.14, 5.45 ], [ -74.15, 5.45 ], [ -74.16, 5.45 ], [ -74.17, 5.46 ], [ -74.18, 5.46 ], [ -74.2, 5.49 ], [ -74.2, 5.5 ], [ -74.21, 5.5 ], [ -74.22, 5.5 ], [ -74.23, 5.49 ], [ -74.23, 5.48 ], [ -74.24, 5.48 ], [ -74.25, 5.49 ], [ -74.25, 5.5 ], [ -74.25, 5.51 ], [ -74.25, 5.52 ], [ -74.25, 5.53 ], [ -74.24, 5.54 ], [ -74.25, 5.55 ], [ -74.26, 5.56 ], [ -74.27, 5.56 ], [ -74.29, 5.57 ], [ -74.3, 5.57 ], [ -74.3, 5.59 ], [ -74.3, 5.6 ], [ -74.31, 5.6 ], [ -74.31, 5.61 ], [ -74.31, 5.62 ], [ -74.31, 5.63 ], [ -74.31, 5.64 ], [ -74.31, 5.65 ], [ -74.3, 5.65 ], [ -74.3, 5.66 ], [ -74.29, 5.66 ], [ -74.28, 5.67 ], [ -74.28, 5.68 ], [ -74.28, 5.69 ], [ -74.28, 5.7 ], [ -74.29, 5.7 ], [ -74.3, 5.7 ], [ -74.3, 5.71 ], [ -74.3, 5.72 ], [ -74.3, 5.73 ], [ -74.29, 5.74 ], [ -74.29, 5.75 ], [ -74.3, 5.75 ], [ -74.3, 5.76 ], [ -74.3, 5.77 ], [ -74.31, 5.77 ], [ -74.31, 5.78 ], [ -74.31, 5.79 ], [ -74.3, 5.79 ], [ -74.3, 5.8 ], [ -74.31, 5.8 ], [ -74.32, 5.8 ], [ -74.32, 5.81 ], [ -74.32, 5.82 ], [ -74.33, 5.82 ], [ -74.33, 5.83 ] ] ], [ [ [ -73.06, 4.73 ], [ -73.05, 4.74 ], [ -73.06, 4.74 ], [ -73.06, 4.73 ] ] ] ] } },
{ "type": "Feature", "properties": { "coddepto": 41 }, "geometry": { "type": "MultiPolygon", "coordinates": [ [ [ [ -74.53, 3.84 ], [ -74.54, 3.83 ], [ -74.54, 3.82 ], [ -74.54, 3.81 ], [ -74.55, 3.8 ], [ -74.55, 3.79 ], [ -74.55, 3.78 ], [ -74.56, 3.77 ], [ -74.56, 3.76 ], [ -74.57, 3.76 ], [ -74.59, 3.74 ], [ -74.59, 3.73 ], [ -74.6, 3.72 ], [ -74.61, 3.71 ], [ -74.62, 3.7 ], [ -74.63, 3.7 ], [ -74.64, 3.69 ], [ -74.65, 3.69 ], [ -74.65, 3.68 ], [ -74.66, 3.68 ], [ -74.66, 3.67 ], [ -74.68, 3.67 ], [ -74.68, 3.66 ], [ -74.69, 3.65 ], [ -74.69, 3.64 ], [ -74.7, 3.64 ], [ -74.7, 3.62 ], [ -74.71, 3.61 ], [ -74.72, 3.61 ], [ -74.73, 3.61 ], [ -74.73, 3.6 ], [ -74.74, 3.59 ], [ -74.74, 3.58 ], [ -74.73, 3.57 ], [ -74.73, 3.56 ], [ -74.73, 3.55 ], [ -74.74, 3.54 ], [ -74.75, 3.53 ], [ -74.76, 3.53 ], [ -74.77, 3.53 ], [ -74.77, 3.52 ], [ -74.78, 3.51 ], [ -74.78, 3.49 ], [ -74.78, 3.48 ], [ -74.77, 3.46 ], [ -74.76, 3.45 ], [ -74.76, 3.44 ], [ -74.78, 3.44 ], [ -74.78, 3.43 ], [ -74.81, 3.42 ], [ -74.81, 3.41 ], [ -74.82, 3.41 ], [ -74.82, 3.4 ], [ -74.82, 3.39 ], [ -74.83, 3.39 ], [ -74.83, 3.38 ], [ -74.83, 3.37 ], [ -74.84, 3.37 ], [ -74.85, 3.35 ], [ -74.85, 3.34 ], [ -74.86, 3.34 ], [ -74.87, 3.33 ], [ -74.88, 3.33 ], [ -74.88, 3.32 ], [ -74.88, 3.31 ], [ -74.89, 3.3 ], [ -74.91, 3.29 ], [ -74.92, 3.29 ], [ -74.93, 3.28 ], [ -74.93, 3.29 ], [ -74.95, 3.28 ], [ -74.96, 3.28 ], [ -74.98, 3.29 ], [ -74.99, 3.28 ], [ -75.0, 3.28 ], [ -75.01, 3.28 ], [ -75.01, 3.29 ], [ -75.02, 3.29 ], [ -75.04, 3.29 ], [ -75.05, 3.29 ], [ -75.06, 3.29 ], [ -75.07, 3.3 ], [ -75.06, 3.31 ], [ -75.06, 3.32 ], [ -75.06, 3.33 ], [ -75.06, 3.34 ], [ -75.06, 3.35 ], [ -75.05, 3.36 ], [ -75.06, 3.37 ], [ -75.06, 3.38 ], [ -75.04, 3.39 ], [ -75.03, 3.39 ], [ -75.03, 3.4 ], [ -75.04, 3.41 ], [ -75.04, 3.42 ], [ -75.04, 3.43 ], [ -75.05, 3.43 ], [ -75.06, 3.43 ], [ -75.12, 3.43 ], [ -75.13, 3.43 ], [ -75.15, 3.43 ], [ -75.15, 3.42 ], [ -75.16, 3.41 ], [ -75.17, 3.41 ], [ -75.17, 3.4 ], [ -75.17, 3.38 ], [ -75.18, 3.38 ], [ -75.2, 3.38 ], [ -75.2, 3.4 ], [ -75.2, 3.41 ], [ -75.21, 3.41 ], [ -75.22, 3.41 ], [ -75.23, 3.42 ], [ -75.24, 3.4 ], [ -75.25, 3.4 ], [ -75.25, 3.38 ], [ -75.25, 3.37 ], [ -75.26, 3.37 ], [ -75.26, 3.38 ], [ -75.27, 3.38 ], [ -75.28, 3.38 ], [ -75.28, 3.39 ], [ -75.3, 3.4 ], [ -75.31, 3.4 ], [ -75.31, 3.41 ], [ -75.32, 3.41 ], [ -75.33, 3.4 ], [ -75.34, 3.4 ], [ -75.36, 3.4 ], [ -75.36, 3.41 ], [ -75.37, 3.41 ], [ -75.37, 3.4 ], [ -75.37, 3.39 ], [ -75.38, 3.38 ], [ -75.4, 3.38 ], [ -75.41, 3.37 ], [ -75.42, 3.37 ], [ -75.42, 3.36 ], [ -75.43, 3.36 ], [ -75.43, 3.35 ], [ -75.44, 3.35 ], [ -75.44, 3.36 ], [ -75.45, 3.35 ], [ -75.46, 3.35 ], [ -75.47, 3.36 ], [ -75.48, 3.36 ], [ -75.48, 3.35 ], [ -75.49, 3.35 ], [ -75.49, 3.33 ], [ -75.5, 3.32 ], [ -75.51, 3.33 ], [ -75.52, 3.32 ], [ -75.52, 3.31 ], [ -75.52, 3.3 ], [ -75.53, 3.29 ], [ -75.54, 3.28 ], [ -75.55, 3.26 ], [ -75.56, 3.25 ], [ -75.57, 3.24 ], [ -75.57, 3.23 ], [ -75.58, 3.23 ], [ -75.58, 3.22 ], [ -75.57, 3.22 ], [ -75.57, 3.21 ], [ -75.58, 3.21 ], [ -75.57, 3.2 ], [ -75.58, 3.19 ], [ -75.58, 3.18 ], [ -75.58, 3.17 ], [ -75.59, 3.16 ], [ -75.58, 3.15 ], [ -75.58, 3.14 ], [ -75.58, 3.12 ], [ -75.59, 3.12 ], [ -75.6, 3.11 ], [ -75.61, 3.1 ], [ -75.62, 3.08 ], [ -75.62, 3.06 ], [ -75.61, 3.06 ], [ -75.6, 3.05 ], [ -75.6, 3.04 ], [ -75.61, 3.03 ], [ -75.62, 3.01 ], [ -75.63, 3.01 ], [ -75.63, 3.0 ], [ -75.64, 2.99 ], [ -75.65, 3.0 ], [ -75.66, 2.99 ], [ -75.68, 2.99 ], [ -75.69, 2.99 ], [ -75.7, 2.98 ], [ -75.7, 2.97 ], [ -75.71, 2.96 ], [ -75.72, 2.96 ], [ -75.73, 2.95 ], [ -75.74, 2.95 ], [ -75.75, 2.95 ], [ -75.76, 2.94 ], [ -75.77, 2.92 ], [ -75.78, 2.91 ], [ -75.79, 2.9 ], [ -75.8, 2.89 ], [ -75.82, 2.88 ], [ -75.83, 2.87 ], [ -75.84, 2.87 ], [ -75.86, 2.87 ], [ -75.86, 2.88 ], [ -75.87, 2.88 ], [ -75.88, 2.89 ], [ -75.88, 2.9 ], [ -75.89, 2.9 ], [ -75.9, 2.9 ], [ -75.91, 2.9 ], [ -75.91, 2.91 ], [ -75.92, 2.91 ], [ -75.93, 2.91 ], [ -75.93, 2.92 ], [ -75.94, 2.92 ], [ -75.95, 2.92 ], [ -75.96, 2.92 ], [ -75.96, 2.93 ], [ -75.96, 2.94 ], [ -75.97, 2.94 ], [ -75.98, 2.95 ], [ -75.98, 2.96 ], [ -75.98, 2.97 ], [ -75.99, 2.98 ], [ -76.03, 2.94 ], [ -75.9, 2.86 ], [ -75.88, 2.83 ], [ -75.87, 2.83 ], [ -75.85, 2.84 ], [ -75.84, 2.84 ], [ -75.83, 2.84 ], [ -75.82, 2.84 ], [ -75.82, 2.83 ], [ -75.81, 2.82 ], [ -75.81, 2.81 ], [ -75.81, 2.8 ], [ -75.81, 2.79 ], [ -75.81, 2.78 ], [ -75.81, 2.77 ], [ -75.8, 2.77 ], [ -75.79, 2.76 ], [ -75.78, 2.76 ], [ -75.78, 2.75 ], [ -75.77, 2.75 ], [ -75.76, 2.75 ], [ -75.75, 2.74 ], [ -75.75, 2.72 ], [ -75.75, 2.71 ], [ -75.75, 2.7 ], [ -75.76, 2.7 ], [ -75.76, 2.68 ], [ -75.77, 2.68 ], [ -75.77, 2.67 ], [ -75.78, 2.66 ], [ -75.79, 2.66 ], [ -75.79, 2.64 ], [ -75.79, 2.63 ], [ -75.8, 2.63 ], [ -75.8, 2.62 ], [ -75.8, 2.61 ], [ -75.81, 2.61 ], [ -75.81, 2.6 ], [ -75.82, 2.6 ], [ -75.82, 2.59 ], [ -75.83, 2.58 ], [ -75.83, 2.57 ], [ -75.84, 2.57 ], [ -75.84, 2.56 ], [ -75.83, 2.55 ], [ -75.83, 2.54 ], [ -75.83, 2.53 ], [ -75.82, 2.52 ], [ -75.82, 2.51 ], [ -75.82, 2.5 ], [ -75.82, 2.49 ], [ -75.82, 2.48 ], [ -75.83, 2.48 ], [ -75.83, 2.47 ], [ -75.84, 2.47 ], [ -75.84, 2.46 ], [ -75.85, 2.46 ], [ -75.85, 2.45 ], [ -75.86, 2.44 ], [ -75.86, 2.43 ], [ -75.87, 2.43 ], [ -75.88, 2.43 ], [ -75.89, 2.43 ], [ -75.89, 2.44 ], [ -75.9, 2.44 ], [ -75.91, 2.44 ], [ -75.91, 2.45 ], [ -75.91, 2.46 ], [ -75.92, 2.46 ], [ -75.92, 2.47 ], [ -75.92, 2.48 ], [ -75.93, 2.48 ], [ -75.94, 2.48 ], [ -75.94, 2.49 ], [ -75.95, 2.49 ], [ -75.96, 2.49 ], [ -75.96, 2.5 ], [ -75.98, 2.5 ], [ -75.99, 2.49 ], [ -75.99, 2.48 ], [ -76.0, 2.47 ], [ -76.0, 2.46 ], [ -76.01, 2.46 ], [ -76.02, 2.45 ], [ -76.02, 2.44 ], [ -76.02, 2.43 ], [ -76.02, 2.42 ], [ -76.03, 2.42 ], [ -76.03, 2.4 ], [ -76.04, 2.4 ], [ -76.05, 2.4 ], [ -76.06, 2.41 ], [ -76.09, 2.42 ], [ -76.09, 2.41 ], [ -76.1, 2.41 ], [ -76.11, 2.4 ], [ -76.12, 2.39 ], [ -76.12, 2.38 ], [ -76.15, 2.37 ], [ -76.17, 2.36 ], [ -76.18, 2.36 ], [ -76.18, 2.35 ], [ -76.18, 2.34 ], [ -76.2, 2.33 ], [ -76.21, 2.32 ], [ -76.22, 2.32 ], [ -76.23, 2.32 ], [ -76.24, 2.33 ], [ -76.24, 2.34 ], [ -76.25, 2.34 ], [ -76.25, 2.35 ], [ -76.26, 2.35 ], [ -76.27, 2.35 ], [ -76.28, 2.35 ], [ -76.29, 2.35 ], [ -76.3, 2.36 ], [ -76.3, 2.37 ], [ -76.3, 2.38 ], [ -76.3, 2.39 ], [ -76.32, 2.4 ], [ -76.33, 2.39 ], [ -76.34, 2.39 ], [ -76.34, 2.4 ], [ -76.35, 2.4 ], [ -76.35, 2.39 ], [ -76.35, 2.38 ], [ -76.36, 2.37 ], [ -76.35, 2.35 ], [ -76.36, 2.34 ], [ -76.37, 2.33 ], [ -76.38, 2.32 ], [ -76.39, 2.3 ], [ -76.38, 2.29 ], [ -76.37, 2.28 ], [ -76.39, 2.27 ], [ -76.39, 2.25 ], [ -76.39, 2.24 ], [ -76.4, 2.23 ], [ -76.4, 2.2 ], [ -76.42, 2.19 ], [ -76.43, 2.19 ], [ -76.44, 2.18 ], [ -76.43, 2.17 ], [ -76.44, 2.17 ], [ -76.44, 2.16 ], [ -76.43, 2.14 ], [ -76.42, 2.13 ], [ -76.43, 2.12 ], [ -76.44, 2.12 ], [ -76.45, 2.12 ], [ -76.47, 2.1 ], [ -76.47, 2.11 ], [ -76.48, 2.11 ], [ -76.48, 2.13 ], [ -76.49, 2.13 ], [ -76.5, 2.13 ], [ -76.51, 2.13 ], [ -76.51, 2.14 ], [ -76.54, 2.13 ], [ -76.55, 2.14 ], [ -76.56, 2.13 ], [ -76.57, 2.13 ], [ -76.58, 2.12 ], [ -76.59, 2.11 ], [ -76.59, 2.09 ], [ -76.58, 2.09 ], [ -76.58, 2.08 ], [ -76.58, 2.06 ], [ -76.58, 2.05 ], [ -76.59, 2.03 ], [ -76.58, 2.03 ], [ -76.57, 2.03 ], [ -76.57, 2.02 ], [ -76.58, 2.01 ], [ -76.58, 2.0 ], [ -76.59, 2.0 ], [ -76.6, 2.0 ], [ -76.61, 2.0 ], [ -76.62, 1.98 ], [ -76.62, 1.97 ], [ -76.62, 1.96 ], [ -76.61, 1.95 ], [ -76.61, 1.94 ], [ -76.62, 1.93 ], [ -76.61, 1.93 ], [ -76.6, 1.92 ], [ -76.59, 1.91 ], [ -76.58, 1.9 ], [ -76.58, 1.89 ], [ -76.59, 1.88 ], [ -76.59, 1.87 ], [ -76.58, 1.86 ], [ -76.57, 1.86 ], [ -76.57, 1.85 ], [ -76.56, 1.84 ], [ -76.55, 1.84 ], [ -76.53, 1.83 ], [ -76.53, 1.82 ], [ -76.52, 1.82 ], [ -76.52, 1.83 ], [ -76.51, 1.83 ], [ -76.5, 1.83 ], [ -76.49, 1.83 ], [ -76.47, 1.82 ], [ -76.47, 1.81 ], [ -76.45, 1.8 ], [ -76.44, 1.79 ], [ -76.42, 1.76 ], [ -76.42, 1.75 ], [ -76.43, 1.74 ], [ -76.43, 1.73 ], [ -76.42, 1.72 ], [ -76.41, 1.72 ], [ -76.41, 1.73 ], [ -76.38, 1.75 ], [ -76.37, 1.74 ], [ -76.37, 1.73 ], [ -76.38, 1.72 ], [ -76.37, 1.71 ], [ -76.38, 1.7 ], [ -76.38, 1.69 ], [ -76.38, 1.68 ], [ -76.38, 1.67 ], [ -76.37, 1.66 ], [ -76.37, 1.67 ], [ -76.36, 1.67 ], [ -76.35, 1.67 ], [ -76.35, 1.66 ], [ -76.34, 1.66 ], [ -76.33, 1.66 ], [ -76.32, 1.68 ], [ -76.3, 1.69 ], [ -76.29, 1.69 ], [ -76.28, 1.68 ], [ -76.27, 1.67 ], [ -76.26, 1.68 ], [ -76.25, 1.67 ], [ -76.25, 1.68 ], [ -76.24, 1.68 ], [ -76.23, 1.67 ], [ -76.23, 1.66 ], [ -76.21, 1.64 ], [ -76.21, 1.63 ], [ -76.21, 1.61 ], [ -76.21, 1.6 ], [ -76.2, 1.59 ], [ -76.2, 1.58 ], [ -76.19, 1.57 ], [ -76.18, 1.57 ], [ -76.17, 1.58 ], [ -76.17, 1.59 ], [ -76.15, 1.58 ], [ -76.14, 1.57 ], [ -76.12, 1.57 ], [ -76.12, 1.56 ], [ -76.11, 1.56 ], [ -76.09, 1.57 ], [ -76.09, 1.58 ], [ -76.08, 1.58 ], [ -76.07, 1.58 ], [ -76.07, 1.59 ], [ -76.06, 1.58 ], [ -76.05, 1.58 ], [ -76.04, 1.58 ], [ -76.03, 1.58 ], [ -76.02, 1.59 ], [ -76.01, 1.61 ], [ -75.99, 1.61 ], [ -75.99, 1.62 ], [ -75.98, 1.62 ], [ -75.98, 1.63 ], [ -75.98, 1.64 ], [ -75.98, 1.65 ], [ -75.98, 1.66 ], [ -75.97, 1.66 ], [ -75.96, 1.66 ], [ -75.95, 1.66 ], [ -75.95, 1.67 ], [ -75.94, 1.68 ], [ -75.93, 1.69 ], [ -75.92, 1.7 ], [ -75.91, 1.72 ], [ -75.9, 1.72 ], [ -75.89, 1.72 ], [ -75.88, 1.71 ], [ -75.87, 1.71 ], [ -75.85, 1.73 ], [ -75.84, 1.72 ], [ -75.84, 1.73 ], [ -75.84, 1.74 ], [ -75.83, 1.75 ], [ -75.82, 1.75 ], [ -75.81, 1.75 ], [ -75.8, 1.75 ], [ -75.79, 1.76 ], [ -75.78, 1.76 ], [ -75.77, 1.76 ], [ -75.77, 1.77 ], [ -75.76, 1.77 ], [ -75.76, 1.78 ], [ -75.74, 1.78 ], [ -75.73, 1.79 ], [ -75.73, 1.8 ], [ -75.73, 1.81 ], [ -75.73, 1.82 ], [ -75.73, 1.83 ], [ -75.72, 1.83 ], [ -75.71, 1.84 ], [ -75.7, 1.85 ], [ -75.7, 1.87 ], [ -75.69, 1.87 ], [ -75.69, 1.88 ], [ -75.67, 1.89 ], [ -75.66, 1.89 ], [ -75.65, 1.9 ], [ -75.65, 1.91 ], [ -75.64, 1.91 ], [ -75.64, 1.92 ], [ -75.64, 1.93 ], [ -75.65, 1.94 ], [ -75.64, 1.95 ], [ -75.64, 1.96 ], [ -75.63, 1.96 ], [ -75.62, 1.97 ], [ -75.62, 1.99 ], [ -75.62, 2.0 ], [ -75.59, 2.01 ], [ -75.59, 2.02 ], [ -75.58, 2.03 ], [ -75.58, 2.04 ], [ -75.57, 2.04 ], [ -75.57, 2.05 ], [ -75.56, 2.06 ], [ -75.56, 2.07 ], [ -75.55, 2.08 ], [ -75.54, 2.08 ], [ -75.54, 2.09 ], [ -75.54, 2.1 ], [ -75.54, 2.11 ], [ -75.53, 2.12 ], [ -75.5, 2.12 ], [ -75.49, 2.13 ], [ -75.49, 2.14 ], [ -75.48, 2.14 ], [ -75.47, 2.14 ], [ -75.45, 2.15 ], [ -75.45, 2.14 ], [ -75.44, 2.15 ], [ -75.44, 2.16 ], [ -75.44, 2.17 ], [ -75.43, 2.18 ], [ -75.43, 2.19 ], [ -75.43, 2.2 ], [ -75.44, 2.2 ], [ -75.44, 2.21 ], [ -75.44, 2.22 ], [ -75.43, 2.23 ], [ -75.42, 2.24 ], [ -75.41, 2.25 ], [ -75.41, 2.26 ], [ -75.41, 2.27 ], [ -75.4, 2.29 ], [ -75.39, 2.29 ], [ -75.39, 2.3 ], [ -75.39, 2.31 ], [ -75.38, 2.32 ], [ -75.37, 2.33 ], [ -75.36, 2.32 ], [ -75.35, 2.32 ], [ -75.34, 2.33 ], [ -75.33, 2.36 ], [ -75.32, 2.36 ], [ -75.31, 2.36 ], [ -75.3, 2.37 ], [ -75.3, 2.38 ], [ -75.29, 2.38 ], [ -75.29, 2.39 ], [ -75.29, 2.4 ], [ -75.29, 2.41 ], [ -75.28, 2.42 ], [ -75.27, 2.42 ], [ -75.27, 2.43 ], [ -75.26, 2.43 ], [ -75.26, 2.44 ], [ -75.25, 2.44 ], [ -75.25, 2.45 ], [ -75.23, 2.48 ], [ -75.23, 2.5 ], [ -75.23, 2.51 ], [ -75.21, 2.51 ], [ -75.2, 2.51 ], [ -75.19, 2.51 ], [ -75.18, 2.51 ], [ -75.17, 2.52 ], [ -75.18, 2.53 ], [ -75.18, 2.54 ], [ -75.17, 2.55 ], [ -75.16, 2.56 ], [ -75.15, 2.58 ], [ -75.13, 2.6 ], [ -75.15, 2.62 ], [ -75.15, 2.63 ], [ -75.16, 2.65 ], [ -75.15, 2.66 ], [ -75.14, 2.67 ], [ -75.13, 2.69 ], [ -75.15, 2.7 ], [ -75.15, 2.72 ], [ -75.14, 2.73 ], [ -75.12, 2.73 ], [ -75.11, 2.73 ], [ -75.1, 2.74 ], [ -75.09, 2.73 ], [ -75.07, 2.75 ], [ -75.06, 2.76 ], [ -75.04, 2.78 ], [ -75.04, 2.79 ], [ -75.03, 2.79 ], [ -75.03, 2.8 ], [ -75.02, 2.8 ], [ -75.02, 2.81 ], [ -75.01, 2.83 ], [ -75.0, 2.84 ], [ -74.99, 2.86 ], [ -74.98, 2.86 ], [ -74.97, 2.87 ], [ -74.96, 2.87 ], [ -74.96, 2.88 ], [ -74.95, 2.89 ], [ -74.94, 2.91 ], [ -74.93, 2.91 ], [ -74.93, 2.92 ], [ -74.91, 2.93 ], [ -74.9, 2.95 ], [ -74.9, 2.96 ], [ -74.89, 2.97 ], [ -74.88, 2.97 ], [ -74.87, 2.97 ], [ -74.87, 2.98 ], [ -74.87, 2.99 ], [ -74.86, 2.99 ], [ -74.85, 2.99 ], [ -74.84, 3.01 ], [ -74.83, 3.04 ], [ -74.82, 3.04 ], [ -74.82, 3.05 ], [ -74.8, 3.05 ], [ -74.8, 3.06 ], [ -74.79, 3.06 ], [ -74.79, 3.07 ], [ -74.78, 3.08 ], [ -74.77, 3.09 ], [ -74.77, 3.1 ], [ -74.76, 3.11 ], [ -74.75, 3.11 ], [ -74.75, 3.12 ], [ -74.73, 3.14 ], [ -74.73, 3.15 ], [ -74.72, 3.15 ], [ -74.72, 3.16 ], [ -74.71, 3.17 ], [ -74.7, 3.17 ], [ -74.68, 3.18 ], [ -74.67, 3.19 ], [ -74.67, 3.21 ], [ -74.67, 3.22 ], [ -74.67, 3.23 ], [ -74.66, 3.24 ], [ -74.66, 3.25 ], [ -74.65, 3.26 ], [ -74.64, 3.26 ], [ -74.64, 3.27 ], [ -74.64, 3.28 ], [ -74.63, 3.28 ], [ -74.62, 3.29 ], [ -74.63, 3.3 ], [ -74.62, 3.32 ], [ -74.62, 3.33 ], [ -74.63, 3.35 ], [ -74.63, 3.36 ], [ -74.64, 3.37 ], [ -74.62, 3.38 ], [ -74.63, 3.39 ], [ -74.62, 3.39 ], [ -74.61, 3.41 ], [ -74.61, 3.42 ], [ -74.62, 3.43 ], [ -74.61, 3.45 ], [ -74.62, 3.46 ], [ -74.63, 3.47 ], [ -74.61, 3.5 ], [ -74.6, 3.51 ], [ -74.59, 3.52 ], [ -74.59, 3.53 ], [ -74.58, 3.53 ], [ -74.58, 3.52 ], [ -74.57, 3.52 ], [ -74.55, 3.55 ], [ -74.54, 3.56 ], [ -74.53, 3.58 ], [ -74.52, 3.6 ], [ -74.51, 3.6 ], [ -74.52, 3.61 ], [ -74.51, 3.62 ], [ -74.51, 3.64 ], [ -74.5, 3.65 ], [ -74.49, 3.65 ], [ -74.48, 3.66 ], [ -74.47, 3.66 ], [ -74.46, 3.67 ], [ -74.45, 3.69 ], [ -74.44, 3.69 ], [ -74.44, 3.7 ], [ -74.44, 3.71 ], [ -74.42, 3.71 ], [ -74.42, 3.72 ], [ -74.41, 3.72 ], [ -74.42, 3.73 ], [ -74.42, 3.74 ], [ -74.44, 3.73 ], [ -74.45, 3.73 ], [ -74.46, 3.74 ], [ -74.46, 3.75 ], [ -74.46, 3.76 ], [ -74.46, 3.77 ], [ -74.45, 3.79 ], [ -74.45, 3.8 ], [ -74.45, 3.82 ], [ -74.46, 3.82 ], [ -74.48, 3.82 ], [ -74.49, 3.82 ], [ -74.51, 3.82 ], [ -74.51, 3.83 ], [ -74.52, 3.84 ], [ -74.53, 3.84 ] ] ], [ [ [ -76.3, 2.39 ], [ -76.29, 2.39 ], [ -76.29, 2.4 ], [ -76.3, 2.39 ] ] ] ] } },
{ "type": "Feature", "properties": { "coddepto": 50 }, "geometry": { "type": "MultiPolygon", "coordinates": [ [ [ [ -71.08, 4.89 ], [ -71.09, 4.89 ], [ -71.11, 4.88 ], [ -71.11, 4.87 ], [ -71.14, 4.87 ], [ -71.15, 4.86 ], [ -71.17, 4.84 ], [ -71.18, 4.84 ], [ -71.2, 4.82 ], [ -71.21, 4.82 ], [ -71.24, 4.82 ], [ -71.27, 4.8 ], [ -71.28, 4.8 ], [ -71.29, 4.8 ], [ -71.3, 4.79 ], [ -71.31, 4.78 ], [ -71.32, 4.77 ], [ -71.33, 4.77 ], [ -71.35, 4.76 ], [ -71.38, 4.75 ], [ -71.39, 4.76 ], [ -71.41, 4.74 ], [ -71.43, 4.72 ], [ -71.51, 4.7 ], [ -71.52, 4.68 ], [ -71.56, 4.68 ], [ -71.58, 4.68 ], [ -71.6, 4.65 ], [ -71.62, 4.64 ], [ -71.65, 4.62 ], [ -71.67, 4.61 ], [ -71.68, 4.6 ], [ -71.72, 4.59 ], [ -71.73, 4.58 ], [ -71.75, 4.58 ], [ -71.76, 4.58 ], [ -71.78, 4.58 ], [ -71.79, 4.59 ], [ -71.81, 4.58 ], [ -71.81, 4.57 ], [ -71.82, 4.56 ], [ -71.82, 4.55 ], [ -71.85, 4.53 ], [ -71.87, 4.51 ], [ -71.89, 4.5 ], [ -71.9, 4.49 ], [ -71.9, 4.47 ], [ -71.92, 4.45 ], [ -71.93, 4.45 ], [ -71.94, 4.44 ], [ -71.96, 4.42 ], [ -71.96, 4.41 ], [ -71.97, 4.41 ], [ -71.98, 4.39 ], [ -71.99, 4.38 ], [ -72.0, 4.38 ], [ -72.03, 4.39 ], [ -72.05, 4.37 ], [ -72.06, 4.38 ], [ -72.07, 4.39 ], [ -72.07, 4.4 ], [ -72.07, 4.41 ], [ -72.12, 4.43 ], [ -72.13, 4.44 ], [ -72.14, 4.44 ], [ -72.16, 4.44 ], [ -72.17, 4.44 ], [ -72.18, 4.43 ], [ -72.19, 4.43 ], [ -72.2, 4.43 ], [ -72.21, 4.43 ], [ -72.24, 4.43 ], [ -72.25, 4.43 ], [ -72.26, 4.42 ], [ -72.27, 4.42 ], [ -72.29, 4.42 ], [ -72.3, 4.41 ], [ -72.31, 4.38 ], [ -72.32, 4.37 ], [ -72.34, 4.37 ], [ -72.34, 4.36 ], [ -72.36, 4.34 ], [ -72.37, 4.34 ], [ -72.39, 4.33 ], [ -72.4, 4.32 ], [ -72.41, 4.32 ], [ -72.42, 4.32 ], [ -72.42, 4.33 ], [ -72.42, 4.34 ], [ -72.42, 4.35 ], [ -72.43, 4.35 ], [ -72.44, 4.35 ], [ -72.44, 4.34 ], [ -72.45, 4.34 ], [ -72.45, 4.33 ], [ -72.46, 4.32 ], [ -72.47, 4.32 ], [ -72.48, 4.33 ], [ -72.49, 4.33 ], [ -72.52, 4.34 ], [ -72.53, 4.34 ], [ -72.54, 4.34 ], [ -72.54, 4.35 ], [ -72.55, 4.35 ], [ -72.55, 4.34 ], [ -72.57, 4.33 ], [ -72.57, 4.32 ], [ -72.57, 4.31 ], [ -72.57, 4.3 ], [ -72.58, 4.3 ], [ -72.59, 4.31 ], [ -72.61, 4.32 ], [ -72.62, 4.31 ], [ -72.63, 4.3 ], [ -72.64, 4.31 ], [ -72.66, 4.32 ], [ -72.68, 4.32 ], [ -72.69, 4.31 ], [ -72.69, 4.29 ], [ -72.7, 4.29 ], [ -72.71, 4.29 ], [ -72.73, 4.31 ], [ -72.74, 4.31 ], [ -72.74, 4.32 ], [ -72.74, 4.33 ], [ -72.75, 4.33 ], [ -72.77, 4.33 ], [ -72.77, 4.34 ], [ -72.76, 4.35 ], [ -72.77, 4.35 ], [ -72.78, 4.35 ], [ -72.78, 4.36 ], [ -72.77, 4.36 ], [ -72.77, 4.37 ], [ -72.78, 4.37 ], [ -72.8, 4.38 ], [ -72.79, 4.39 ], [ -72.79, 4.4 ], [ -72.81, 4.4 ], [ -72.81, 4.41 ], [ -72.82, 4.41 ], [ -72.82, 4.42 ], [ -72.81, 4.42 ], [ -72.81, 4.43 ], [ -72.82, 4.43 ], [ -72.83, 4.43 ], [ -72.84, 4.43 ], [ -72.84, 4.44 ], [ -72.85, 4.45 ], [ -72.86, 4.45 ], [ -72.87, 4.45 ], [ -72.88, 4.46 ], [ -72.9, 4.47 ], [ -72.9, 4.48 ], [ -72.9, 4.5 ], [ -72.92, 4.52 ], [ -72.94, 4.52 ], [ -72.94, 4.53 ], [ -72.95, 4.55 ], [ -72.95, 4.56 ], [ -72.96, 4.57 ], [ -72.97, 4.58 ], [ -72.97, 4.6 ], [ -72.98, 4.61 ], [ -72.99, 4.62 ], [ -73.0, 4.62 ], [ -73.01, 4.63 ], [ -73.02, 4.64 ], [ -73.02, 4.65 ], [ -73.03, 4.65 ], [ -73.04, 4.67 ], [ -73.05, 4.69 ], [ -73.05, 4.7 ], [ -73.05, 4.72 ], [ -73.12, 4.26 ], [ -73.14, 4.22 ], [ -73.15, 4.22 ], [ -73.15, 4.23 ], [ -73.16, 4.23 ], [ -73.17, 4.24 ], [ -73.17, 4.25 ], [ -73.18, 4.24 ], [ -73.18, 4.26 ], [ -73.19, 4.26 ], [ -73.2, 4.27 ], [ -73.21, 4.27 ], [ -73.23, 4.29 ], [ -73.25, 4.29 ], [ -73.26, 4.29 ], [ -73.27, 4.29 ], [ -73.28, 4.3 ], [ -73.3, 4.3 ], [ -73.32, 4.3 ], [ -73.35, 4.32 ], [ -73.39, 4.32 ], [ -73.4, 4.32 ], [ -73.4, 4.31 ], [ -73.42, 4.31 ], [ -73.43, 4.31 ], [ -73.44, 4.29 ], [ -73.45, 4.29 ], [ -73.46, 4.28 ], [ -73.47, 4.28 ], [ -73.48, 4.28 ], [ -73.48, 4.29 ], [ -73.49, 4.29 ], [ -73.5, 4.28 ], [ -73.51, 4.29 ], [ -73.52, 4.29 ], [ -73.55, 4.31 ], [ -73.55, 4.32 ], [ -73.55, 4.33 ], [ -73.55, 4.35 ], [ -73.56, 4.35 ], [ -73.57, 4.37 ], [ -73.57, 4.39 ], [ -73.58, 4.4 ], [ -73.58, 4.41 ], [ -73.57, 4.42 ], [ -73.59, 4.43 ], [ -73.59, 4.44 ], [ -73.6, 4.46 ], [ -73.6, 4.47 ], [ -73.6, 4.49 ], [ -73.59, 4.49 ], [ -73.58, 4.5 ], [ -73.58, 4.51 ], [ -73.58, 4.52 ], [ -73.57, 4.53 ], [ -73.58, 4.54 ], [ -73.59, 4.54 ], [ -73.59, 4.55 ], [ -73.6, 4.55 ], [ -73.61, 4.56 ], [ -73.62, 4.56 ], [ -73.63, 4.56 ], [ -73.64, 4.55 ], [ -73.65, 4.54 ], [ -73.66, 4.55 ], [ -73.67, 4.53 ], [ -73.69, 4.53 ], [ -73.69, 4.52 ], [ -73.71, 4.52 ], [ -73.72, 4.5 ], [ -73.73, 4.5 ], [ -73.73, 4.49 ], [ -73.74, 4.48 ], [ -73.73, 4.48 ], [ -73.73, 4.47 ], [ -73.74, 4.46 ], [ -73.75, 4.46 ], [ -73.76, 4.46 ], [ -73.76, 4.45 ], [ -73.77, 4.45 ], [ -73.78, 4.45 ], [ -73.79, 4.44 ], [ -73.81, 4.42 ], [ -73.81, 4.41 ], [ -73.81, 4.4 ], [ -73.8, 4.39 ], [ -73.8, 4.38 ], [ -73.79, 4.38 ], [ -73.8, 4.36 ], [ -73.79, 4.36 ], [ -73.79, 4.35 ], [ -73.79, 4.34 ], [ -73.78, 4.33 ], [ -73.78, 4.32 ], [ -73.78, 4.3 ], [ -73.77, 4.3 ], [ -73.76, 4.28 ], [ -73.75, 4.27 ], [ -73.76, 4.25 ], [ -73.76, 4.24 ], [ -73.76, 4.23 ], [ -73.75, 4.23 ], [ -73.75, 4.21 ], [ -73.75, 4.2 ], [ -73.75, 4.19 ], [ -73.78, 4.2 ], [ -73.79, 4.2 ], [ -73.8, 4.2 ], [ -73.81, 4.2 ], [ -73.82, 4.2 ], [ -73.82, 4.18 ], [ -73.83, 4.17 ], [ -73.84, 4.18 ], [ -73.85, 4.18 ], [ -73.85, 4.17 ], [ -73.86, 4.17 ], [ -73.87, 4.17 ], [ -73.88, 4.16 ], [ -73.88, 4.15 ], [ -73.89, 4.15 ], [ -73.9, 4.14 ], [ -73.91, 4.15 ], [ -73.92, 4.15 ], [ -73.92, 4.14 ], [ -73.93, 4.14 ], [ -73.93, 4.15 ], [ -73.94, 4.14 ], [ -73.94, 4.13 ], [ -73.94, 4.12 ], [ -73.95, 4.11 ], [ -73.96, 4.1 ], [ -73.97, 4.09 ], [ -73.97, 4.1 ], [ -73.98, 4.11 ], [ -73.99, 4.11 ], [ -73.99, 4.1 ], [ -74.0, 4.1 ], [ -74.0, 4.11 ], [ -74.01, 4.11 ], [ -74.02, 4.1 ], [ -74.03, 4.09 ], [ -74.03, 4.08 ], [ -74.04, 4.08 ], [ -74.04, 4.07 ], [ -74.03, 4.07 ], [ -74.03, 4.06 ], [ -74.05, 4.06 ], [ -74.06, 4.06 ], [ -74.07, 4.06 ], [ -74.08, 4.04 ], [ -74.09, 4.03 ], [ -74.1, 4.02 ], [ -74.1, 4.01 ], [ -74.12, 4.01 ], [ -74.12, 4.0 ], [ -74.14, 4.0 ], [ -74.15, 4.01 ], [ -74.16, 4.02 ], [ -74.17, 4.02 ], [ -74.18, 4.02 ], [ -74.18, 4.01 ], [ -74.2, 4.02 ], [ -74.22, 4.01 ], [ -74.23, 3.99 ], [ -74.23, 3.98 ], [ -74.24, 3.97 ], [ -74.24, 3.95 ], [ -74.25, 3.95 ], [ -74.26, 3.95 ], [ -74.26, 3.93 ], [ -74.27, 3.93 ], [ -74.27, 3.92 ], [ -74.28, 3.91 ], [ -74.3, 3.88 ], [ -74.31, 3.89 ], [ -74.32, 3.88 ], [ -74.31, 3.86 ], [ -74.3, 3.85 ], [ -74.31, 3.84 ], [ -74.3, 3.84 ], [ -74.29, 3.83 ], [ -74.3, 3.82 ], [ -74.31, 3.82 ], [ -74.32, 3.82 ], [ -74.33, 3.83 ], [ -74.33, 3.82 ], [ -74.34, 3.82 ], [ -74.34, 3.81 ], [ -74.35, 3.81 ], [ -74.35, 3.8 ], [ -74.36, 3.8 ], [ -74.36, 3.79 ], [ -74.37, 3.79 ], [ -74.38, 3.78 ], [ -74.39, 3.77 ], [ -74.39, 3.76 ], [ -74.39, 3.75 ], [ -74.4, 3.75 ], [ -74.4, 3.74 ], [ -74.41, 3.74 ], [ -74.42, 3.74 ], [ -74.42, 3.73 ], [ -74.41, 3.72 ], [ -74.42, 3.72 ], [ -74.42, 3.71 ], [ -74.44, 3.71 ], [ -74.44, 3.7 ], [ -74.44, 3.69 ], [ -74.45, 3.69 ], [ -74.46, 3.67 ], [ -74.46, 3.66 ], [ -74.47, 3.66 ], [ -74.48, 3.66 ], [ -74.49, 3.65 ], [ -74.5, 3.65 ], [ -74.51, 3.64 ], [ -74.51, 3.62 ], [ -74.52, 3.61 ], [ -74.51, 3.6 ], [ -74.52, 3.6 ], [ -74.53, 3.59 ], [ -74.53, 3.58 ], [ -74.54, 3.56 ], [ -74.55, 3.55 ], [ -74.56, 3.53 ], [ -74.57, 3.52 ], [ -74.58, 3.52 ], [ -74.58, 3.53 ], [ -74.59, 3.53 ], [ -74.59, 3.52 ], [ -74.6, 3.51 ], [ -74.61, 3.5 ], [ -74.63, 3.47 ], [ -74.62, 3.46 ], [ -74.61, 3.45 ], [ -74.62, 3.43 ], [ -74.61, 3.42 ], [ -74.61, 3.41 ], [ -74.62, 3.39 ], [ -74.63, 3.39 ], [ -74.62, 3.38 ], [ -74.64, 3.37 ], [ -74.63, 3.36 ], [ -74.63, 3.35 ], [ -74.62, 3.33 ], [ -74.62, 3.32 ], [ -74.63, 3.3 ], [ -74.62, 3.29 ], [ -74.63, 3.28 ], [ -74.64, 3.28 ], [ -74.64, 3.27 ], [ -74.64, 3.26 ], [ -74.65, 3.26 ], [ -74.66, 3.25 ], [ -74.66, 3.24 ], [ -74.67, 3.23 ], [ -74.67, 3.22 ], [ -74.67, 3.21 ], [ -74.67, 3.19 ], [ -74.68, 3.18 ], [ -74.7, 3.17 ], [ -74.71, 3.17 ], [ -74.72, 3.16 ], [ -74.72, 3.15 ], [ -74.73, 3.15 ], [ -74.73, 3.14 ], [ -74.75, 3.12 ], [ -74.75, 3.11 ], [ -74.76, 3.11 ], [ -74.77, 3.1 ], [ -74.77, 3.09 ], [ -74.78, 3.08 ], [ -74.79, 3.07 ], [ -74.79, 3.06 ], [ -74.8, 3.06 ], [ -74.8, 3.05 ], [ -74.82, 3.05 ], [ -74.82, 3.04 ], [ -74.83, 3.04 ], [ -74.84, 3.01 ], [ -74.85, 2.99 ], [ -74.86, 2.99 ], [ -74.87, 2.99 ], [ -74.87, 2.98 ], [ -74.87, 2.97 ], [ -74.88, 2.97 ], [ -74.89, 2.97 ], [ -74.9, 2.96 ], [ -74.9, 2.95 ], [ -74.91, 2.93 ], [ -74.93, 2.92 ], [ -74.93, 2.91 ], [ -74.92, 2.9 ], [ -74.92, 2.89 ], [ -74.91, 2.88 ], [ -74.9, 2.89 ], [ -74.89, 2.9 ], [ -74.88, 2.91 ], [ -74.87, 2.92 ], [ -74.86, 2.92 ], [ -74.85, 2.91 ], [ -74.85, 2.92 ], [ -74.84, 2.91 ], [ -74.83, 2.91 ], [ -74.83, 2.92 ], [ -74.82, 2.92 ], [ -74.82, 2.93 ], [ -74.81, 2.93 ], [ -74.8, 2.94 ], [ -74.79, 2.93 ], [ -74.79, 2.91 ], [ -74.78, 2.9 ], [ -74.78, 2.89 ], [ -74.77, 2.87 ], [ -74.76, 2.87 ], [ -74.75, 2.88 ], [ -74.74, 2.88 ], [ -74.73, 2.88 ], [ -74.72, 2.88 ], [ -74.71, 2.89 ], [ -74.7, 2.89 ], [ -74.69, 2.89 ], [ -74.67, 2.89 ], [ -74.67, 2.88 ], [ -74.67, 2.87 ], [ -74.67, 2.86 ], [ -74.66, 2.86 ], [ -74.66, 2.84 ], [ -74.67, 2.83 ], [ -74.67, 2.82 ], [ -74.67, 2.81 ], [ -74.67, 2.8 ], [ -74.66, 2.8 ], [ -74.65, 2.78 ], [ -74.64, 2.77 ], [ -74.64, 2.76 ], [ -74.62, 2.75 ], [ -74.63, 2.74 ], [ -74.63, 2.72 ], [ -74.63, 2.71 ], [ -74.64, 2.71 ], [ -74.64, 2.7 ], [ -74.62, 2.7 ], [ -74.61, 2.69 ], [ -74.62, 2.69 ], [ -74.62, 2.68 ], [ -74.61, 2.68 ], [ -74.6, 2.68 ], [ -74.6, 2.67 ], [ -74.59, 2.67 ], [ -74.59, 2.66 ], [ -74.6, 2.64 ], [ -74.61, 2.64 ], [ -74.61, 2.63 ], [ -74.62, 2.63 ], [ -74.63, 2.62 ], [ -74.64, 2.61 ], [ -74.65, 2.6 ], [ -74.65, 2.59 ], [ -74.67, 2.57 ], [ -74.68, 2.56 ], [ -74.68, 2.54 ], [ -74.68, 2.53 ], [ -74.68, 2.52 ], [ -74.67, 2.52 ], [ -74.66, 2.51 ], [ -74.65, 2.5 ], [ -74.65, 2.49 ], [ -74.66, 2.49 ], [ -74.66, 2.47 ], [ -74.67, 2.45 ], [ -74.67, 2.43 ], [ -74.68, 2.42 ], [ -74.69, 2.42 ], [ -74.7, 2.39 ], [ -74.71, 2.38 ], [ -74.72, 2.36 ], [ -74.73, 2.36 ], [ -74.73, 2.35 ], [ -74.74, 2.32 ], [ -74.74, 2.31 ], [ -74.74, 2.3 ], [ -74.74, 2.29 ], [ -74.75, 2.28 ], [ -74.75, 2.27 ], [ -74.74, 2.27 ], [ -74.74, 2.28 ], [ -74.73, 2.28 ], [ -74.73, 2.27 ], [ -74.72, 2.27 ], [ -74.71, 2.28 ], [ -74.7, 2.28 ], [ -74.7, 2.27 ], [ -74.69, 2.27 ], [ -74.68, 2.26 ], [ -74.67, 2.26 ], [ -74.67, 2.25 ], [ -74.66, 2.25 ], [ -74.65, 2.25 ], [ -74.65, 2.24 ], [ -74.65, 2.23 ], [ -74.66, 2.23 ], [ -74.66, 2.21 ], [ -74.65, 2.21 ], [ -74.64, 2.21 ], [ -74.64, 2.2 ], [ -74.63, 2.19 ], [ -74.62, 2.2 ], [ -74.61, 2.2 ], [ -74.61, 2.21 ], [ -74.6, 2.2 ], [ -74.59, 2.2 ], [ -74.59, 2.19 ], [ -74.59, 2.17 ], [ -74.59, 2.16 ], [ -74.6, 2.16 ], [ -74.6, 2.15 ], [ -74.6, 2.14 ], [ -74.59, 2.14 ], [ -74.59, 2.13 ], [ -74.58, 2.12 ], [ -74.57, 2.13 ], [ -74.57, 2.12 ], [ -74.56, 2.13 ], [ -74.55, 2.13 ], [ -74.55, 2.12 ], [ -74.54, 2.12 ], [ -74.54, 2.11 ], [ -74.53, 2.11 ], [ -74.52, 2.12 ], [ -74.51, 2.12 ], [ -74.51, 2.13 ], [ -74.5, 2.13 ], [ -74.5, 2.14 ], [ -74.49, 2.14 ], [ -74.49, 2.15 ], [ -74.48, 2.15 ], [ -74.48, 2.13 ], [ -74.48, 2.12 ], [ -74.48, 2.11 ], [ -74.48, 2.1 ], [ -74.47, 2.1 ], [ -74.46, 2.09 ], [ -74.45, 2.09 ], [ -74.44, 2.09 ], [ -74.43, 2.09 ], [ -74.43, 2.08 ], [ -74.42, 2.08 ], [ -74.4, 2.08 ], [ -74.39, 2.08 ], [ -74.38, 2.08 ], [ -74.37, 2.06 ], [ -74.36, 2.06 ], [ -74.32, 2.06 ], [ -74.31, 2.06 ], [ -74.25, 2.06 ], [ -74.24, 2.06 ], [ -74.24, 2.05 ], [ -74.23, 2.05 ], [ -74.23, 2.03 ], [ -74.22, 2.02 ], [ -74.2, 2.0 ], [ -74.2, 1.99 ], [ -74.19, 1.99 ], [ -74.19, 1.98 ], [ -74.18, 1.99 ], [ -74.17, 1.98 ], [ -74.16, 1.98 ], [ -74.15, 1.98 ], [ -74.15, 1.99 ], [ -74.15, 2.0 ], [ -74.14, 2.0 ], [ -74.14, 1.99 ], [ -74.13, 1.99 ], [ -74.12, 1.99 ], [ -74.11, 1.99 ], [ -74.11, 1.98 ], [ -74.11, 1.97 ], [ -74.09, 1.98 ], [ -74.08, 1.98 ], [ -74.07, 1.98 ], [ -74.06, 1.97 ], [ -74.05, 1.97 ], [ -74.04, 1.97 ], [ -73.66, 1.62 ], [ -73.66, 2.29 ], [ -73.65, 2.29 ], [ -73.64, 2.28 ], [ -73.63, 2.29 ], [ -73.63, 2.3 ], [ -73.63, 2.33 ], [ -73.62, 2.33 ], [ -73.61, 2.34 ], [ -73.62, 2.35 ], [ -73.63, 2.35 ], [ -73.63, 2.36 ], [ -73.62, 2.38 ], [ -73.6, 2.38 ], [ -73.59, 2.39 ], [ -73.58, 2.38 ], [ -73.59, 2.37 ], [ -73.59, 2.36 ], [ -73.58, 2.36 ], [ -73.57, 2.36 ], [ -73.56, 2.37 ], [ -73.54, 2.38 ], [ -73.53, 2.39 ], [ -73.52, 2.38 ], [ -73.52, 2.37 ], [ -73.51, 2.35 ], [ -73.51, 2.36 ], [ -73.5, 2.36 ], [ -73.49, 2.36 ], [ -73.47, 2.36 ], [ -73.46, 2.36 ], [ -73.46, 2.34 ], [ -73.45, 2.34 ], [ -73.45, 2.35 ], [ -73.46, 2.38 ], [ -73.44, 2.39 ], [ -73.44, 2.38 ], [ -73.43, 2.36 ], [ -73.43, 2.35 ], [ -73.44, 2.34 ], [ -73.44, 2.33 ], [ -73.43, 2.33 ], [ -73.42, 2.34 ], [ -73.42, 2.35 ], [ -73.41, 2.36 ], [ -73.39, 2.35 ], [ -73.39, 2.34 ], [ -73.4, 2.33 ], [ -73.39, 2.32 ], [ -73.38, 2.32 ], [ -73.37, 2.33 ], [ -73.37, 2.36 ], [ -73.36, 2.37 ], [ -73.35, 2.36 ], [ -73.35, 2.35 ], [ -73.35, 2.34 ], [ -73.36, 2.33 ], [ -73.36, 2.32 ], [ -73.34, 2.33 ], [ -73.33, 2.33 ], [ -73.33, 2.34 ], [ -73.34, 2.36 ], [ -73.33, 2.36 ], [ -73.32, 2.36 ], [ -73.31, 2.34 ], [ -73.3, 2.34 ], [ -73.28, 2.35 ], [ -73.27, 2.36 ], [ -73.26, 2.36 ], [ -73.25, 2.35 ], [ -73.24, 2.35 ], [ -73.24, 2.36 ], [ -73.24, 2.37 ], [ -73.25, 2.37 ], [ -73.26, 2.37 ], [ -73.27, 2.38 ], [ -73.25, 2.38 ], [ -73.24, 2.39 ], [ -73.23, 2.39 ], [ -73.22, 2.39 ], [ -73.2, 2.38 ], [ -73.19, 2.39 ], [ -73.18, 2.4 ], [ -73.17, 2.4 ], [ -73.16, 2.39 ], [ -73.17, 2.37 ], [ -73.16, 2.37 ], [ -73.15, 2.37 ], [ -73.14, 2.38 ], [ -73.13, 2.38 ], [ -73.12, 2.38 ], [ -73.11, 2.38 ], [ -73.09, 2.4 ], [ -73.08, 2.41 ], [ -73.07, 2.42 ], [ -73.07, 2.43 ], [ -73.05, 2.43 ], [ -73.05, 2.44 ], [ -73.04, 2.44 ], [ -73.04, 2.43 ], [ -73.04, 2.41 ], [ -73.03, 2.41 ], [ -73.01, 2.43 ], [ -72.99, 2.44 ], [ -72.99, 2.45 ], [ -72.98, 2.45 ], [ -72.97, 2.45 ], [ -72.96, 2.45 ], [ -72.97, 2.46 ], [ -72.97, 2.47 ], [ -72.96, 2.48 ], [ -72.95, 2.48 ], [ -72.94, 2.47 ], [ -72.93, 2.46 ], [ -72.93, 2.47 ], [ -72.93, 2.48 ], [ -72.93, 2.5 ], [ -72.94, 2.5 ], [ -72.95, 2.5 ], [ -72.96, 2.5 ], [ -72.96, 2.51 ], [ -72.95, 2.52 ], [ -72.93, 2.52 ], [ -72.93, 2.53 ], [ -72.92, 2.53 ], [ -72.92, 2.55 ], [ -72.92, 2.56 ], [ -72.91, 2.57 ], [ -72.9, 2.56 ], [ -72.89, 2.57 ], [ -72.88, 2.58 ], [ -72.87, 2.58 ], [ -72.85, 2.6 ], [ -72.82, 2.61 ], [ -72.81, 2.61 ], [ -72.8, 2.61 ], [ -72.79, 2.59 ], [ -72.76, 2.57 ], [ -72.74, 2.57 ], [ -72.72, 2.58 ], [ -72.7, 2.62 ], [ -72.69, 2.62 ], [ -72.68, 2.62 ], [ -72.67, 2.62 ], [ -72.67, 2.61 ], [ -72.66, 2.59 ], [ -72.66, 2.57 ], [ -72.65, 2.57 ], [ -72.65, 2.58 ], [ -72.64, 2.58 ], [ -72.65, 2.6 ], [ -72.64, 2.61 ], [ -72.63, 2.63 ], [ -72.62, 2.63 ], [ -72.61, 2.62 ], [ -72.6, 2.62 ], [ -72.6, 2.61 ], [ -72.6, 2.6 ], [ -72.6, 2.59 ], [ -72.59, 2.58 ], [ -72.58, 2.59 ], [ -72.58, 2.61 ], [ -72.59, 2.63 ], [ -72.59, 2.64 ], [ -72.58, 2.65 ], [ -72.56, 2.65 ], [ -72.55, 2.66 ], [ -72.57, 2.66 ], [ -72.57, 2.67 ], [ -72.57, 2.68 ], [ -72.55, 2.68 ], [ -72.54, 2.68 ], [ -72.54, 2.69 ], [ -72.54, 2.7 ], [ -72.53, 2.7 ], [ -72.52, 2.7 ], [ -72.51, 2.69 ], [ -72.48, 2.69 ], [ -72.47, 2.69 ], [ -72.47, 2.7 ], [ -72.46, 2.7 ], [ -72.46, 2.72 ], [ -72.47, 2.72 ], [ -72.47, 2.73 ], [ -72.44, 2.73 ], [ -72.43, 2.74 ], [ -72.42, 2.73 ], [ -72.41, 2.73 ], [ -72.39, 2.74 ], [ -72.38, 2.74 ], [ -72.36, 2.78 ], [ -72.35, 2.79 ], [ -72.34, 2.8 ], [ -72.31, 2.8 ], [ -72.31, 2.79 ], [ -72.3, 2.78 ], [ -72.29, 2.77 ], [ -72.28, 2.78 ], [ -72.27, 2.78 ], [ -72.27, 2.79 ], [ -72.27, 2.8 ], [ -72.27, 2.81 ], [ -72.27, 2.82 ], [ -72.26, 2.82 ], [ -72.25, 2.82 ], [ -72.24, 2.81 ], [ -72.24, 2.8 ], [ -72.23, 2.79 ], [ -72.22, 2.78 ], [ -72.2, 2.77 ], [ -72.19, 2.77 ], [ -72.19, 2.78 ], [ -72.18, 2.79 ], [ -72.19, 2.8 ], [ -72.21, 2.81 ], [ -72.21, 2.83 ], [ -72.21, 2.84 ], [ -72.2, 2.86 ], [ -72.2, 2.87 ], [ -72.19, 2.87 ], [ -72.18, 2.88 ], [ -72.16, 2.87 ], [ -72.14, 2.86 ], [ -72.14, 2.87 ], [ -72.14, 2.89 ], [ -72.12, 2.89 ], [ -72.12, 2.88 ], [ -72.1, 2.85 ], [ -72.1, 2.84 ], [ -72.08, 2.83 ], [ -72.06, 2.82 ], [ -72.05, 2.82 ], [ -72.03, 2.83 ], [ -72.0, 2.83 ], [ -71.99, 2.82 ], [ -71.98, 2.8 ], [ -71.97, 2.82 ], [ -71.95, 2.83 ], [ -71.94, 2.83 ], [ -71.92, 2.83 ], [ -71.91, 2.83 ], [ -71.86, 2.84 ], [ -71.85, 2.84 ], [ -71.83, 2.84 ], [ -71.82, 2.86 ], [ -71.82, 2.87 ], [ -71.83, 2.87 ], [ -71.85, 2.87 ], [ -71.82, 2.88 ], [ -71.8, 2.88 ], [ -71.79, 2.87 ], [ -71.78, 2.86 ], [ -71.78, 2.85 ], [ -71.79, 2.84 ], [ -71.79, 2.82 ], [ -71.78, 2.82 ], [ -71.77, 2.83 ], [ -71.76, 2.85 ], [ -71.76, 2.86 ], [ -71.76, 2.87 ], [ -71.77, 2.89 ], [ -71.77, 2.9 ], [ -71.76, 2.9 ], [ -71.75, 2.9 ], [ -71.74, 2.88 ], [ -71.73, 2.86 ], [ -71.7, 2.84 ], [ -71.69, 2.84 ], [ -71.68, 2.85 ], [ -71.68, 2.87 ], [ -71.67, 2.87 ], [ -71.66, 2.87 ], [ -71.66, 2.86 ], [ -71.66, 2.85 ], [ -71.67, 2.83 ], [ -71.67, 2.82 ], [ -71.65, 2.82 ], [ -71.64, 2.82 ], [ -71.63, 2.82 ], [ -71.63, 2.84 ], [ -71.61, 2.85 ], [ -71.6, 2.85 ], [ -71.58, 2.84 ], [ -71.57, 2.85 ], [ -71.58, 2.86 ], [ -71.58, 2.87 ], [ -71.56, 2.87 ], [ -71.55, 2.86 ], [ -71.54, 2.86 ], [ -71.53, 2.88 ], [ -71.52, 2.88 ], [ -71.49, 2.87 ], [ -71.48, 2.85 ], [ -71.47, 2.85 ], [ -71.47, 2.86 ], [ -71.46, 2.86 ], [ -71.47, 2.89 ], [ -71.47, 2.9 ], [ -71.46, 2.9 ], [ -71.44, 2.88 ], [ -71.43, 2.87 ], [ -71.42, 2.87 ], [ -71.4, 2.85 ], [ -71.39, 2.84 ], [ -71.38, 2.85 ], [ -71.38, 2.87 ], [ -71.38, 2.89 ], [ -71.37, 2.89 ], [ -71.36, 2.89 ], [ -71.36, 2.88 ], [ -71.36, 2.86 ], [ -71.35, 2.86 ], [ -71.34, 2.87 ], [ -71.33, 2.9 ], [ -71.33, 2.91 ], [ -71.33, 2.92 ], [ -71.32, 2.92 ], [ -71.31, 2.92 ], [ -71.3, 2.91 ], [ -71.3, 2.88 ], [ -71.29, 2.87 ], [ -71.28, 2.87 ], [ -71.27, 2.88 ], [ -71.26, 2.89 ], [ -71.25, 2.88 ], [ -71.25, 2.87 ], [ -71.25, 2.86 ], [ -71.24, 2.86 ], [ -71.22, 2.87 ], [ -71.21, 2.89 ], [ -71.19, 2.89 ], [ -71.18, 2.9 ], [ -71.16, 2.88 ], [ -71.15, 2.87 ], [ -71.14, 2.88 ], [ -71.14, 2.9 ], [ -71.12, 2.88 ], [ -71.11, 2.87 ], [ -71.1, 2.87 ], [ -71.09, 2.88 ], [ -71.08, 2.88 ], [ -71.08, 4.89 ] ], [ [ -73.22, 2.39 ], [ -73.22, 2.41 ], [ -73.21, 2.4 ], [ -73.22, 2.39 ] ], [ [ -73.12, 2.38 ], [ -73.13, 2.39 ], [ -73.14, 2.39 ], [ -73.14, 2.4 ], [ -73.13, 2.41 ], [ -73.12, 2.41 ], [ -73.12, 2.38 ] ] ], [ [ [ -74.72, 2.27 ], [ -74.72, 2.26 ], [ -74.71, 2.26 ], [ -74.72, 2.27 ] ] ], [ [ [ -73.51, 2.35 ], [ -73.52, 2.34 ], [ -73.51, 2.33 ], [ -73.5, 2.34 ], [ -73.51, 2.35 ] ] ] ] } },
{ "type": "Feature", "properties": { "coddepto": 63 }, "geometry": { "type": "MultiPolygon", "coordinates": [ [ [ [ -75.4, 4.72 ], [ -75.4, 4.71 ], [ -75.41, 4.71 ], [ -75.41, 4.7 ], [ -75.42, 4.7 ], [ -75.42, 4.69 ], [ -75.43, 4.7 ], [ -75.44, 4.7 ], [ -75.44, 4.68 ], [ -75.45, 4.68 ], [ -75.46, 4.68 ], [ -75.48, 4.66 ], [ -75.49, 4.67 ], [ -75.51, 4.69 ], [ -75.52, 4.7 ], [ -75.53, 4.69 ], [ -75.55, 4.7 ], [ -75.56, 4.7 ], [ -75.58, 4.71 ], [ -75.59, 4.7 ], [ -75.6, 4.71 ], [ -75.61, 4.71 ], [ -75.62, 4.7 ], [ -75.63, 4.7 ], [ -75.64, 4.7 ], [ -75.64, 4.71 ], [ -75.65, 4.71 ], [ -75.66, 4.7 ], [ -75.67, 4.7 ], [ -75.67, 4.71 ], [ -75.68, 4.71 ], [ -75.69, 4.71 ], [ -75.69, 4.72 ], [ -75.7, 4.72 ], [ -75.71, 4.71 ], [ -75.71, 4.66 ], [ -75.72, 4.65 ], [ -75.73, 4.65 ], [ -75.74, 4.65 ], [ -75.76, 4.65 ], [ -75.77, 4.65 ], [ -75.78, 4.65 ], [ -75.78, 4.66 ], [ -75.79, 4.66 ], [ -75.8, 4.66 ], [ -75.81, 4.66 ], [ -75.82, 4.66 ], [ -75.83, 4.66 ], [ -75.84, 4.64 ], [ -75.85, 4.64 ], [ -75.85, 4.63 ], [ -75.85, 4.62 ], [ -75.86, 4.62 ], [ -75.86, 4.61 ], [ -75.86, 4.6 ], [ -75.87, 4.59 ], [ -75.87, 4.58 ], [ -75.87, 4.57 ], [ -75.87, 4.56 ], [ -75.88, 4.55 ], [ -75.87, 4.55 ], [ -75.87, 4.54 ], [ -75.88, 4.54 ], [ -75.88, 4.53 ], [ -75.87, 4.52 ], [ -75.87, 4.51 ], [ -75.87, 4.5 ], [ -75.88, 4.49 ], [ -75.87, 4.48 ], [ -75.87, 4.47 ], [ -75.88, 4.47 ], [ -75.88, 4.46 ], [ -75.87, 4.45 ], [ -75.88, 4.45 ], [ -75.89, 4.45 ], [ -75.89, 4.44 ], [ -75.89, 4.43 ], [ -75.9, 4.43 ], [ -75.9, 4.42 ], [ -75.89, 4.42 ], [ -75.89, 4.41 ], [ -75.88, 4.41 ], [ -75.87, 4.41 ], [ -75.86, 4.42 ], [ -75.85, 4.41 ], [ -75.84, 4.41 ], [ -75.84, 4.4 ], [ -75.83, 4.4 ], [ -75.83, 4.41 ], [ -75.82, 4.4 ], [ -75.81, 4.4 ], [ -75.8, 4.4 ], [ -75.8, 4.39 ], [ -75.8, 4.38 ], [ -75.8, 4.37 ], [ -75.79, 4.36 ], [ -75.79, 4.35 ], [ -75.79, 4.34 ], [ -75.79, 4.33 ], [ -75.8, 4.32 ], [ -75.8, 4.31 ], [ -75.79, 4.31 ], [ -75.79, 4.3 ], [ -75.79, 4.29 ], [ -75.8, 4.26 ], [ -75.81, 4.26 ], [ -75.81, 4.25 ], [ -75.82, 4.23 ], [ -75.83, 4.21 ], [ -75.82, 4.2 ], [ -75.84, 4.15 ], [ -75.84, 4.14 ], [ -75.84, 4.13 ], [ -75.84, 4.12 ], [ -75.83, 4.11 ], [ -75.84, 4.1 ], [ -75.83, 4.1 ], [ -75.82, 4.1 ], [ -75.81, 4.09 ], [ -75.8, 4.09 ], [ -75.79, 4.09 ], [ -75.78, 4.09 ], [ -75.78, 4.08 ], [ -75.77, 4.08 ], [ -75.76, 4.08 ], [ -75.75, 4.08 ], [ -75.75, 4.1 ], [ -75.73, 4.1 ], [ -75.73, 4.11 ], [ -75.72, 4.11 ], [ -75.72, 4.12 ], [ -75.71, 4.13 ], [ -75.7, 4.13 ], [ -75.69, 4.14 ], [ -75.69, 4.15 ], [ -75.69, 4.16 ], [ -75.68, 4.18 ], [ -75.67, 4.18 ], [ -75.67, 4.19 ], [ -75.66, 4.2 ], [ -75.65, 4.21 ], [ -75.66, 4.22 ], [ -75.65, 4.22 ], [ -75.65, 4.23 ], [ -75.64, 4.24 ], [ -75.64, 4.25 ], [ -75.62, 4.26 ], [ -75.62, 4.27 ], [ -75.61, 4.27 ], [ -75.6, 4.28 ], [ -75.6, 4.29 ], [ -75.6, 4.3 ], [ -75.6, 4.31 ], [ -75.6, 4.32 ], [ -75.6, 4.33 ], [ -75.6, 4.34 ], [ -75.59, 4.35 ], [ -75.59, 4.36 ], [ -75.59, 4.37 ], [ -75.59, 4.38 ], [ -75.58, 4.39 ], [ -75.58, 4.41 ], [ -75.58, 4.42 ], [ -75.58, 4.43 ], [ -75.58, 4.44 ], [ -75.58, 4.45 ], [ -75.57, 4.46 ], [ -75.56, 4.47 ], [ -75.55, 4.47 ], [ -75.55, 4.48 ], [ -75.54, 4.49 ], [ -75.52, 4.5 ], [ -75.53, 4.51 ], [ -75.52, 4.53 ], [ -75.52, 4.54 ], [ -75.52, 4.55 ], [ -75.52, 4.56 ], [ -75.51, 4.56 ], [ -75.49, 4.57 ], [ -75.48, 4.58 ], [ -75.47, 4.59 ], [ -75.47, 4.6 ], [ -75.45, 4.6 ], [ -75.44, 4.6 ], [ -75.43, 4.6 ], [ -75.43, 4.61 ], [ -75.42, 4.61 ], [ -75.42, 4.62 ], [ -75.42, 4.64 ], [ -75.42, 4.66 ], [ -75.42, 4.67 ], [ -75.41, 4.68 ], [ -75.4, 4.69 ], [ -75.39, 4.7 ], [ -75.38, 4.7 ], [ -75.38, 4.71 ], [ -75.39, 4.72 ], [ -75.4, 4.72 ] ] ] ] } },
{ "type": "Feature", "properties": { "coddepto": 66 }, "geometry": { "type": "MultiPolygon", "coordinates": [ [ [ [ -76.01, 5.57 ], [ -76.02, 5.56 ], [ -76.04, 5.57 ], [ -76.05, 5.56 ], [ -76.05, 5.55 ], [ -76.07, 5.55 ], [ -76.08, 5.53 ], [ -76.08, 5.52 ], [ -76.08, 5.5 ], [ -76.08, 5.49 ], [ -76.08, 5.48 ], [ -76.08, 5.47 ], [ -76.08, 5.46 ], [ -76.09, 5.45 ], [ -76.1, 5.45 ], [ -76.1, 5.44 ], [ -76.11, 5.44 ], [ -76.12, 5.42 ], [ -76.13, 5.42 ], [ -76.14, 5.42 ], [ -76.15, 5.41 ], [ -76.16, 5.41 ], [ -76.17, 5.41 ], [ -76.18, 5.4 ], [ -76.19, 5.41 ], [ -76.19, 5.4 ], [ -76.19, 5.39 ], [ -76.2, 5.38 ], [ -76.2, 5.37 ], [ -76.2, 5.36 ], [ -76.2, 5.35 ], [ -76.21, 5.35 ], [ -76.21, 5.34 ], [ -76.2, 5.34 ], [ -76.2, 5.33 ], [ -76.2, 5.32 ], [ -76.19, 5.31 ], [ -76.19, 5.3 ], [ -76.18, 5.29 ], [ -76.18, 5.28 ], [ -76.17, 5.27 ], [ -76.17, 5.26 ], [ -76.16, 5.25 ], [ -76.16, 5.24 ], [ -76.15, 5.24 ], [ -76.14, 5.23 ], [ -76.14, 5.22 ], [ -76.14, 5.21 ], [ -76.14, 5.2 ], [ -76.13, 5.18 ], [ -76.12, 5.17 ], [ -76.11, 5.17 ], [ -76.1, 5.16 ], [ -76.09, 5.16 ], [ -76.08, 5.16 ], [ -76.08, 5.15 ], [ -76.07, 5.14 ], [ -76.06, 5.14 ], [ -76.06, 5.12 ], [ -76.06, 5.11 ], [ -76.06, 5.1 ], [ -76.07, 5.09 ], [ -76.07, 5.08 ], [ -76.07, 5.07 ], [ -76.07, 5.06 ], [ -76.08, 5.05 ], [ -76.08, 5.04 ], [ -76.07, 5.02 ], [ -76.06, 5.02 ], [ -76.06, 5.01 ], [ -76.05, 5.01 ], [ -76.05, 5.0 ], [ -76.04, 5.0 ], [ -76.05, 4.99 ], [ -76.04, 4.98 ], [ -76.03, 4.97 ], [ -76.03, 4.96 ], [ -76.03, 4.95 ], [ -76.03, 4.94 ], [ -76.01, 4.93 ], [ -76.0, 4.92 ], [ -75.99, 4.91 ], [ -75.99, 4.9 ], [ -75.99, 4.88 ], [ -75.99, 4.87 ], [ -75.97, 4.86 ], [ -75.96, 4.86 ], [ -75.94, 4.86 ], [ -75.93, 4.86 ], [ -75.93, 4.87 ], [ -75.92, 4.87 ], [ -75.91, 4.87 ], [ -75.91, 4.86 ], [ -75.9, 4.85 ], [ -75.91, 4.85 ], [ -75.9, 4.84 ], [ -75.91, 4.83 ], [ -75.91, 4.82 ], [ -75.92, 4.81 ], [ -75.93, 4.81 ], [ -75.93, 4.8 ], [ -75.92, 4.8 ], [ -75.92, 4.79 ], [ -75.93, 4.79 ], [ -75.93, 4.78 ], [ -75.93, 4.77 ], [ -75.92, 4.77 ], [ -75.92, 4.76 ], [ -75.91, 4.76 ], [ -75.91, 4.75 ], [ -75.9, 4.76 ], [ -75.89, 4.75 ], [ -75.88, 4.76 ], [ -75.88, 4.77 ], [ -75.87, 4.77 ], [ -75.86, 4.77 ], [ -75.85, 4.78 ], [ -75.85, 4.76 ], [ -75.85, 4.74 ], [ -75.85, 4.73 ], [ -75.84, 4.73 ], [ -75.83, 4.74 ], [ -75.82, 4.73 ], [ -75.81, 4.73 ], [ -75.8, 4.73 ], [ -75.8, 4.72 ], [ -75.79, 4.72 ], [ -75.78, 4.72 ], [ -75.77, 4.72 ], [ -75.76, 4.72 ], [ -75.76, 4.71 ], [ -75.75, 4.71 ], [ -75.74, 4.71 ], [ -75.73, 4.71 ], [ -75.71, 4.71 ], [ -75.71, 4.72 ], [ -75.7, 4.72 ], [ -75.69, 4.72 ], [ -75.69, 4.71 ], [ -75.68, 4.71 ], [ -75.67, 4.71 ], [ -75.67, 4.7 ], [ -75.66, 4.7 ], [ -75.65, 4.71 ], [ -75.64, 4.71 ], [ -75.64, 4.7 ], [ -75.63, 4.7 ], [ -75.62, 4.7 ], [ -75.61, 4.7 ], [ -75.61, 4.71 ], [ -75.6, 4.71 ], [ -75.59, 4.7 ], [ -75.58, 4.71 ], [ -75.56, 4.7 ], [ -75.55, 4.7 ], [ -75.53, 4.69 ], [ -75.52, 4.7 ], [ -75.51, 4.69 ], [ -75.49, 4.67 ], [ -75.48, 4.66 ], [ -75.46, 4.68 ], [ -75.45, 4.68 ], [ -75.44, 4.68 ], [ -75.44, 4.7 ], [ -75.43, 4.7 ], [ -75.42, 4.69 ], [ -75.42, 4.7 ], [ -75.41, 4.7 ], [ -75.41, 4.71 ], [ -75.4, 4.71 ], [ -75.4, 4.72 ], [ -75.39, 4.72 ], [ -75.38, 4.73 ], [ -75.38, 4.74 ], [ -75.39, 4.75 ], [ -75.38, 4.76 ], [ -75.38, 4.77 ], [ -75.38, 4.78 ], [ -75.38, 4.79 ], [ -75.38, 4.8 ], [ -75.39, 4.8 ], [ -75.4, 4.81 ], [ -75.41, 4.8 ], [ -75.41, 4.81 ], [ -75.43, 4.82 ], [ -75.43, 4.83 ], [ -75.44, 4.84 ], [ -75.44, 4.85 ], [ -75.44, 4.86 ], [ -75.45, 4.87 ], [ -75.46, 4.89 ], [ -75.47, 4.89 ], [ -75.47, 4.9 ], [ -75.48, 4.9 ], [ -75.48, 4.91 ], [ -75.48, 4.92 ], [ -75.51, 4.92 ], [ -75.52, 4.92 ], [ -75.53, 4.92 ], [ -75.54, 4.92 ], [ -75.54, 4.93 ], [ -75.55, 4.92 ], [ -75.56, 4.92 ], [ -75.56, 4.94 ], [ -75.57, 4.94 ], [ -75.57, 4.93 ], [ -75.59, 4.93 ], [ -75.6, 4.93 ], [ -75.61, 4.93 ], [ -75.62, 4.93 ], [ -75.62, 4.95 ], [ -75.62, 4.96 ], [ -75.62, 4.97 ], [ -75.63, 4.97 ], [ -75.64, 4.97 ], [ -75.65, 4.97 ], [ -75.65, 4.96 ], [ -75.65, 4.95 ], [ -75.66, 4.95 ], [ -75.67, 4.94 ], [ -75.68, 4.95 ], [ -75.68, 4.94 ], [ -75.7, 4.95 ], [ -75.71, 4.95 ], [ -75.71, 4.96 ], [ -75.71, 4.97 ], [ -75.72, 4.97 ], [ -75.72, 4.98 ], [ -75.72, 4.99 ], [ -75.73, 5.0 ], [ -75.73, 5.01 ], [ -75.73, 5.02 ], [ -75.74, 5.02 ], [ -75.74, 5.03 ], [ -75.75, 5.05 ], [ -75.76, 5.04 ], [ -75.76, 5.02 ], [ -75.77, 5.02 ], [ -75.77, 5.01 ], [ -75.78, 5.01 ], [ -75.78, 5.0 ], [ -75.78, 4.99 ], [ -75.79, 4.99 ], [ -75.79, 4.98 ], [ -75.79, 4.97 ], [ -75.8, 4.97 ], [ -75.79, 4.95 ], [ -75.79, 4.94 ], [ -75.8, 4.94 ], [ -75.81, 4.92 ], [ -75.82, 4.92 ], [ -75.84, 4.93 ], [ -75.85, 4.93 ], [ -75.86, 4.93 ], [ -75.87, 4.93 ], [ -75.87, 4.94 ], [ -75.87, 4.95 ], [ -75.88, 4.95 ], [ -75.88, 4.96 ], [ -75.89, 4.96 ], [ -75.89, 4.97 ], [ -75.9, 4.97 ], [ -75.9, 4.98 ], [ -75.9, 4.99 ], [ -75.9, 5.0 ], [ -75.9, 5.01 ], [ -75.9, 5.02 ], [ -75.91, 5.03 ], [ -75.92, 5.04 ], [ -75.92, 5.06 ], [ -75.91, 5.06 ], [ -75.91, 5.07 ], [ -75.92, 5.08 ], [ -75.92, 5.09 ], [ -75.91, 5.09 ], [ -75.9, 5.11 ], [ -75.9, 5.12 ], [ -75.89, 5.12 ], [ -75.89, 5.13 ], [ -75.88, 5.13 ], [ -75.86, 5.12 ], [ -75.85, 5.11 ], [ -75.84, 5.11 ], [ -75.84, 5.12 ], [ -75.84, 5.13 ], [ -75.83, 5.13 ], [ -75.83, 5.14 ], [ -75.83, 5.15 ], [ -75.83, 5.16 ], [ -75.82, 5.17 ], [ -75.82, 5.18 ], [ -75.81, 5.19 ], [ -75.8, 5.2 ], [ -75.81, 5.21 ], [ -75.8, 5.22 ], [ -75.8, 5.24 ], [ -75.81, 5.24 ], [ -75.82, 5.24 ], [ -75.82, 5.25 ], [ -75.83, 5.26 ], [ -75.82, 5.27 ], [ -75.81, 5.27 ], [ -75.8, 5.28 ], [ -75.79, 5.28 ], [ -75.77, 5.27 ], [ -75.76, 5.27 ], [ -75.75, 5.28 ], [ -75.75, 5.27 ], [ -75.74, 5.27 ], [ -75.73, 5.26 ], [ -75.72, 5.26 ], [ -75.71, 5.26 ], [ -75.7, 5.26 ], [ -75.69, 5.26 ], [ -75.67, 5.27 ], [ -75.67, 5.28 ], [ -75.66, 5.28 ], [ -75.66, 5.29 ], [ -75.66, 5.3 ], [ -75.65, 5.31 ], [ -75.66, 5.32 ], [ -75.66, 5.33 ], [ -75.67, 5.34 ], [ -75.67, 5.35 ], [ -75.68, 5.35 ], [ -75.68, 5.36 ], [ -75.69, 5.37 ], [ -75.7, 5.38 ], [ -75.7, 5.39 ], [ -75.71, 5.39 ], [ -75.73, 5.4 ], [ -75.74, 5.4 ], [ -75.74, 5.39 ], [ -75.74, 5.38 ], [ -75.75, 5.38 ], [ -75.75, 5.39 ], [ -75.76, 5.39 ], [ -75.78, 5.38 ], [ -75.78, 5.37 ], [ -75.79, 5.37 ], [ -75.8, 5.37 ], [ -75.81, 5.36 ], [ -75.82, 5.36 ], [ -75.83, 5.36 ], [ -75.84, 5.37 ], [ -75.85, 5.37 ], [ -75.86, 5.37 ], [ -75.86, 5.38 ], [ -75.86, 5.39 ], [ -75.85, 5.39 ], [ -75.85, 5.4 ], [ -75.85, 5.41 ], [ -75.85, 5.43 ], [ -75.86, 5.43 ], [ -75.86, 5.44 ], [ -75.86, 5.45 ], [ -75.86, 5.47 ], [ -75.87, 5.49 ], [ -75.88, 5.49 ], [ -75.88, 5.48 ], [ -75.89, 5.48 ], [ -75.91, 5.48 ], [ -75.91, 5.49 ], [ -75.92, 5.49 ], [ -75.93, 5.5 ], [ -75.93, 5.51 ], [ -75.95, 5.51 ], [ -75.96, 5.51 ], [ -75.97, 5.51 ], [ -75.98, 5.52 ], [ -75.99, 5.53 ], [ -75.99, 5.54 ], [ -76.0, 5.54 ], [ -76.0, 5.56 ], [ -76.01, 5.56 ], [ -76.01, 5.57 ] ] ] ] } },
{ "type": "Feature", "properties": { "coddepto": 73 }, "geometry": { "type": "MultiPolygon", "coordinates": [ [ [ [ -75.57, 4.46 ], [ -75.58, 4.45 ], [ -75.58, 4.44 ], [ -75.58, 4.43 ], [ -75.58, 4.42 ], [ -75.58, 4.41 ], [ -75.58, 4.39 ], [ -75.59, 4.38 ], [ -75.59, 4.37 ], [ -75.59, 4.36 ], [ -75.59, 4.35 ], [ -75.6, 4.34 ], [ -75.6, 4.33 ], [ -75.6, 4.32 ], [ -75.6, 4.31 ], [ -75.6, 4.3 ], [ -75.6, 4.29 ], [ -75.6, 4.28 ], [ -75.61, 4.27 ], [ -75.62, 4.27 ], [ -75.62, 4.26 ], [ -75.64, 4.25 ], [ -75.64, 4.24 ], [ -75.65, 4.23 ], [ -75.65, 4.22 ], [ -75.66, 4.22 ], [ -75.65, 4.21 ], [ -75.66, 4.2 ], [ -75.67, 4.19 ], [ -75.67, 4.18 ], [ -75.68, 4.18 ], [ -75.69, 4.16 ], [ -75.69, 4.15 ], [ -75.69, 4.14 ], [ -75.7, 4.13 ], [ -75.71, 4.13 ], [ -75.72, 4.12 ], [ -75.72, 4.11 ], [ -75.73, 4.11 ], [ -75.73, 4.1 ], [ -75.75, 4.1 ], [ -75.75, 4.09 ], [ -75.75, 4.07 ], [ -75.75, 4.06 ], [ -75.74, 4.06 ], [ -75.74, 4.05 ], [ -75.75, 4.04 ], [ -75.75, 4.03 ], [ -75.76, 4.03 ], [ -75.77, 4.02 ], [ -75.78, 4.01 ], [ -75.79, 4.01 ], [ -75.8, 4.01 ], [ -75.79, 4.0 ], [ -75.79, 3.99 ], [ -75.79, 3.98 ], [ -75.79, 3.97 ], [ -75.8, 3.96 ], [ -75.81, 3.95 ], [ -75.81, 3.94 ], [ -75.81, 3.93 ], [ -75.81, 3.92 ], [ -75.82, 3.91 ], [ -75.83, 3.9 ], [ -75.83, 3.91 ], [ -75.84, 3.91 ], [ -75.84, 3.9 ], [ -75.86, 3.88 ], [ -75.86, 3.87 ], [ -75.86, 3.86 ], [ -75.86, 3.85 ], [ -75.86, 3.84 ], [ -75.87, 3.82 ], [ -75.88, 3.81 ], [ -75.89, 3.81 ], [ -75.9, 3.8 ], [ -75.9, 3.79 ], [ -75.91, 3.78 ], [ -75.91, 3.77 ], [ -75.91, 3.76 ], [ -75.92, 3.76 ], [ -75.92, 3.75 ], [ -75.92, 3.74 ], [ -75.93, 3.74 ], [ -75.93, 3.73 ], [ -75.94, 3.73 ], [ -75.95, 3.73 ], [ -75.95, 3.72 ], [ -75.95, 3.71 ], [ -75.96, 3.71 ], [ -75.96, 3.7 ], [ -75.96, 3.69 ], [ -75.95, 3.69 ], [ -75.95, 3.68 ], [ -75.95, 3.67 ], [ -75.96, 3.66 ], [ -75.97, 3.66 ], [ -75.98, 3.66 ], [ -75.98, 3.64 ], [ -75.99, 3.64 ], [ -75.99, 3.62 ], [ -75.99, 3.61 ], [ -75.99, 3.6 ], [ -75.98, 3.59 ], [ -75.98, 3.58 ], [ -75.99, 3.58 ], [ -75.98, 3.56 ], [ -76.0, 3.54 ], [ -76.0, 3.53 ], [ -76.0, 3.52 ], [ -76.02, 3.51 ], [ -76.02, 3.5 ], [ -76.03, 3.49 ], [ -76.02, 3.48 ], [ -76.02, 3.47 ], [ -76.03, 3.47 ], [ -76.03, 3.45 ], [ -76.04, 3.45 ], [ -76.04, 3.44 ], [ -76.04, 3.43 ], [ -76.04, 3.42 ], [ -76.04, 3.41 ], [ -76.04, 3.4 ], [ -76.04, 3.39 ], [ -76.03, 3.39 ], [ -76.03, 3.38 ], [ -76.04, 3.38 ], [ -76.05, 3.37 ], [ -76.06, 3.36 ], [ -76.06, 3.35 ], [ -76.05, 3.34 ], [ -76.06, 3.33 ], [ -76.04, 3.32 ], [ -76.04, 3.3 ], [ -76.04, 3.29 ], [ -76.05, 3.29 ], [ -76.05, 3.28 ], [ -76.05, 3.27 ], [ -76.04, 3.26 ], [ -76.04, 3.25 ], [ -76.05, 3.24 ], [ -76.06, 3.23 ], [ -76.06, 3.22 ], [ -76.05, 3.22 ], [ -76.06, 3.2 ], [ -76.07, 3.2 ], [ -76.08, 3.2 ], [ -76.09, 3.2 ], [ -76.09, 3.19 ], [ -76.09, 3.18 ], [ -76.08, 3.17 ], [ -76.08, 3.16 ], [ -76.09, 3.16 ], [ -76.08, 3.15 ], [ -76.07, 3.14 ], [ -76.08, 3.13 ], [ -76.07, 3.12 ], [ -76.08, 3.12 ], [ -76.08, 3.11 ], [ -76.09, 3.11 ], [ -76.1, 3.11 ], [ -76.11, 3.11 ], [ -76.11, 3.1 ], [ -76.1, 3.1 ], [ -76.09, 3.1 ], [ -76.09, 3.09 ], [ -76.08, 3.09 ], [ -76.07, 3.08 ], [ -76.07, 3.07 ], [ -76.07, 3.05 ], [ -76.06, 3.05 ], [ -76.06, 3.04 ], [ -76.05, 3.04 ], [ -76.04, 3.04 ], [ -76.04, 3.03 ], [ -76.04, 3.02 ], [ -76.04, 3.01 ], [ -76.03, 3.01 ], [ -76.02, 3.0 ], [ -76.03, 2.99 ], [ -76.03, 2.98 ], [ -76.03, 2.97 ], [ -76.03, 2.96 ], [ -76.03, 2.95 ], [ -76.03, 2.94 ], [ -75.99, 2.98 ], [ -75.98, 2.97 ], [ -75.98, 2.96 ], [ -75.98, 2.95 ], [ -75.97, 2.94 ], [ -75.96, 2.94 ], [ -75.96, 2.93 ], [ -75.96, 2.92 ], [ -75.95, 2.92 ], [ -75.94, 2.92 ], [ -75.93, 2.92 ], [ -75.93, 2.91 ], [ -75.92, 2.91 ], [ -75.91, 2.91 ], [ -75.91, 2.9 ], [ -75.9, 2.9 ], [ -75.89, 2.9 ], [ -75.88, 2.9 ], [ -75.88, 2.89 ], [ -75.86, 2.87 ], [ -75.84, 2.87 ], [ -75.83, 2.87 ], [ -75.82, 2.88 ], [ -75.8, 2.89 ], [ -75.79, 2.9 ], [ -75.78, 2.91 ], [ -75.77, 2.92 ], [ -75.76, 2.94 ], [ -75.75, 2.95 ], [ -75.74, 2.95 ], [ -75.73, 2.95 ], [ -75.72, 2.96 ], [ -75.71, 2.96 ], [ -75.7, 2.97 ], [ -75.7, 2.98 ], [ -75.69, 2.99 ], [ -75.68, 2.99 ], [ -75.66, 2.99 ], [ -75.65, 3.0 ], [ -75.64, 2.99 ], [ -75.63, 3.0 ], [ -75.63, 3.01 ], [ -75.62, 3.01 ], [ -75.61, 3.03 ], [ -75.6, 3.04 ], [ -75.6, 3.05 ], [ -75.6, 3.06 ], [ -75.62, 3.06 ], [ -75.62, 3.08 ], [ -75.61, 3.1 ], [ -75.6, 3.11 ], [ -75.59, 3.12 ], [ -75.58, 3.12 ], [ -75.58, 3.14 ], [ -75.58, 3.15 ], [ -75.59, 3.16 ], [ -75.58, 3.17 ], [ -75.58, 3.18 ], [ -75.58, 3.19 ], [ -75.57, 3.2 ], [ -75.58, 3.21 ], [ -75.57, 3.21 ], [ -75.57, 3.22 ], [ -75.58, 3.22 ], [ -75.58, 3.23 ], [ -75.57, 3.23 ], [ -75.57, 3.24 ], [ -75.56, 3.25 ], [ -75.55, 3.26 ], [ -75.54, 3.28 ], [ -75.53, 3.29 ], [ -75.52, 3.3 ], [ -75.52, 3.31 ], [ -75.53, 3.32 ], [ -75.51, 3.33 ], [ -75.5, 3.32 ], [ -75.49, 3.33 ], [ -75.49, 3.35 ], [ -75.48, 3.35 ], [ -75.48, 3.36 ], [ -75.47, 3.36 ], [ -75.46, 3.35 ], [ -75.45, 3.35 ], [ -75.44, 3.36 ], [ -75.44, 3.35 ], [ -75.43, 3.35 ], [ -75.43, 3.36 ], [ -75.42, 3.36 ], [ -75.42, 3.37 ], [ -75.41, 3.37 ], [ -75.4, 3.38 ], [ -75.38, 3.38 ], [ -75.37, 3.39 ], [ -75.37, 3.4 ], [ -75.37, 3.41 ], [ -75.36, 3.41 ], [ -75.36, 3.4 ], [ -75.35, 3.4 ], [ -75.34, 3.4 ], [ -75.33, 3.4 ], [ -75.32, 3.41 ], [ -75.31, 3.41 ], [ -75.31, 3.4 ], [ -75.3, 3.4 ], [ -75.28, 3.39 ], [ -75.28, 3.38 ], [ -75.27, 3.38 ], [ -75.26, 3.38 ], [ -75.26, 3.37 ], [ -75.25, 3.37 ], [ -75.25, 3.38 ], [ -75.25, 3.39 ], [ -75.24, 3.4 ], [ -75.23, 3.42 ], [ -75.22, 3.41 ], [ -75.21, 3.41 ], [ -75.2, 3.41 ], [ -75.2, 3.4 ], [ -75.2, 3.38 ], [ -75.18, 3.38 ], [ -75.17, 3.38 ], [ -75.17, 3.4 ], [ -75.17, 3.41 ], [ -75.16, 3.41 ], [ -75.15, 3.42 ], [ -75.15, 3.43 ], [ -75.14, 3.44 ], [ -75.13, 3.43 ], [ -75.12, 3.43 ], [ -75.05, 3.43 ], [ -75.04, 3.43 ], [ -75.04, 3.42 ], [ -75.04, 3.41 ], [ -75.03, 3.4 ], [ -75.03, 3.39 ], [ -75.04, 3.39 ], [ -75.06, 3.38 ], [ -75.06, 3.37 ], [ -75.05, 3.36 ], [ -75.06, 3.35 ], [ -75.06, 3.34 ], [ -75.06, 3.33 ], [ -75.06, 3.32 ], [ -75.06, 3.31 ], [ -75.07, 3.3 ], [ -75.06, 3.29 ], [ -75.05, 3.29 ], [ -75.04, 3.29 ], [ -75.02, 3.29 ], [ -75.01, 3.29 ], [ -75.01, 3.28 ], [ -75.0, 3.28 ], [ -74.99, 3.28 ], [ -74.98, 3.29 ], [ -74.97, 3.28 ], [ -74.96, 3.28 ], [ -74.95, 3.28 ], [ -74.93, 3.29 ], [ -74.93, 3.28 ], [ -74.92, 3.29 ], [ -74.91, 3.29 ], [ -74.9, 3.29 ], [ -74.89, 3.3 ], [ -74.88, 3.31 ], [ -74.88, 3.32 ], [ -74.88, 3.33 ], [ -74.87, 3.33 ], [ -74.86, 3.34 ], [ -74.85, 3.34 ], [ -74.85, 3.35 ], [ -74.84, 3.37 ], [ -74.83, 3.37 ], [ -74.83, 3.38 ], [ -74.83, 3.39 ], [ -74.82, 3.39 ], [ -74.82, 3.4 ], [ -74.82, 3.41 ], [ -74.81, 3.41 ], [ -74.81, 3.42 ], [ -74.78, 3.43 ], [ -74.78, 3.44 ], [ -74.76, 3.44 ], [ -74.76, 3.45 ], [ -74.77, 3.46 ], [ -74.78, 3.48 ], [ -74.78, 3.49 ], [ -74.78, 3.51 ], [ -74.77, 3.52 ], [ -74.77, 3.53 ], [ -74.76, 3.53 ], [ -74.75, 3.53 ], [ -74.74, 3.54 ], [ -74.73, 3.55 ], [ -74.73, 3.56 ], [ -74.73, 3.57 ], [ -74.74, 3.58 ], [ -74.74, 3.59 ], [ -74.73, 3.6 ], [ -74.73, 3.61 ], [ -74.72, 3.61 ], [ -74.71, 3.61 ], [ -74.7, 3.62 ], [ -74.7, 3.64 ], [ -74.69, 3.64 ], [ -74.69, 3.65 ], [ -74.68, 3.66 ], [ -74.68, 3.67 ], [ -74.66, 3.67 ], [ -74.66, 3.68 ], [ -74.65, 3.68 ], [ -74.65, 3.69 ], [ -74.64, 3.69 ], [ -74.63, 3.7 ], [ -74.62, 3.7 ], [ -74.61, 3.71 ], [ -74.6, 3.72 ], [ -74.59, 3.73 ], [ -74.59, 3.74 ], [ -74.57, 3.76 ], [ -74.56, 3.76 ], [ -74.56, 3.77 ], [ -74.55, 3.78 ], [ -74.55, 3.79 ], [ -74.55, 3.8 ], [ -74.54, 3.81 ], [ -74.54, 3.82 ], [ -74.54, 3.83 ], [ -74.53, 3.84 ], [ -74.54, 3.84 ], [ -74.54, 3.85 ], [ -74.53, 3.88 ], [ -74.52, 3.89 ], [ -74.53, 3.9 ], [ -74.52, 3.91 ], [ -74.51, 3.93 ], [ -74.51, 3.95 ], [ -74.51, 3.96 ], [ -74.53, 3.96 ], [ -74.53, 3.97 ], [ -74.53, 3.99 ], [ -74.53, 4.01 ], [ -74.53, 4.02 ], [ -74.53, 4.03 ], [ -74.53, 4.04 ], [ -74.53, 4.05 ], [ -74.52, 4.06 ], [ -74.52, 4.07 ], [ -74.51, 4.07 ], [ -74.51, 4.08 ], [ -74.49, 4.1 ], [ -74.48, 4.11 ], [ -74.48, 4.13 ], [ -74.48, 4.14 ], [ -74.48, 4.15 ], [ -74.48, 4.16 ], [ -74.48, 4.18 ], [ -74.49, 4.18 ], [ -74.5, 4.19 ], [ -74.51, 4.2 ], [ -74.51, 4.21 ], [ -74.51, 4.22 ], [ -74.52, 4.24 ], [ -74.54, 4.25 ], [ -74.54, 4.26 ], [ -74.55, 4.26 ], [ -74.56, 4.27 ], [ -74.57, 4.27 ], [ -74.58, 4.27 ], [ -74.59, 4.27 ], [ -74.59, 4.26 ], [ -74.6, 4.26 ], [ -74.62, 4.25 ], [ -74.62, 4.24 ], [ -74.62, 4.22 ], [ -74.63, 4.22 ], [ -74.64, 4.21 ], [ -74.65, 4.21 ], [ -74.66, 4.21 ], [ -74.67, 4.21 ], [ -74.68, 4.21 ], [ -74.69, 4.21 ], [ -74.7, 4.21 ], [ -74.7, 4.22 ], [ -74.71, 4.22 ], [ -74.71, 4.23 ], [ -74.72, 4.23 ], [ -74.72, 4.24 ], [ -74.73, 4.25 ], [ -74.74, 4.25 ], [ -74.75, 4.25 ], [ -74.75, 4.26 ], [ -74.77, 4.25 ], [ -74.77, 4.26 ], [ -74.77, 4.27 ], [ -74.78, 4.27 ], [ -74.78, 4.28 ], [ -74.8, 4.29 ], [ -74.81, 4.29 ], [ -74.83, 4.28 ], [ -74.85, 4.27 ], [ -74.86, 4.27 ], [ -74.88, 4.27 ], [ -74.89, 4.28 ], [ -74.89, 4.29 ], [ -74.88, 4.3 ], [ -74.88, 4.31 ], [ -74.88, 4.32 ], [ -74.86, 4.33 ], [ -74.85, 4.36 ], [ -74.85, 4.37 ], [ -74.84, 4.38 ], [ -74.84, 4.4 ], [ -74.83, 4.41 ], [ -74.83, 4.42 ], [ -74.83, 4.43 ], [ -74.83, 4.44 ], [ -74.83, 4.45 ], [ -74.82, 4.45 ], [ -74.81, 4.45 ], [ -74.8, 4.46 ], [ -74.8, 4.48 ], [ -74.8, 4.5 ], [ -74.79, 4.51 ], [ -74.8, 4.52 ], [ -74.8, 4.53 ], [ -74.8, 4.55 ], [ -74.81, 4.55 ], [ -74.81, 4.56 ], [ -74.8, 4.57 ], [ -74.81, 4.58 ], [ -74.81, 4.59 ], [ -74.79, 4.59 ], [ -74.8, 4.6 ], [ -74.81, 4.61 ], [ -74.81, 4.62 ], [ -74.8, 4.63 ], [ -74.8, 4.64 ], [ -74.79, 4.65 ], [ -74.79, 4.66 ], [ -74.81, 4.67 ], [ -74.81, 4.68 ], [ -74.8, 4.69 ], [ -74.8, 4.7 ], [ -74.8, 4.71 ], [ -74.82, 4.71 ], [ -74.82, 4.73 ], [ -74.81, 4.74 ], [ -74.79, 4.75 ], [ -74.78, 4.75 ], [ -74.78, 4.76 ], [ -74.77, 4.77 ], [ -74.74, 4.79 ], [ -74.75, 4.81 ], [ -74.74, 4.82 ], [ -74.75, 4.83 ], [ -74.77, 4.84 ], [ -74.76, 4.85 ], [ -74.75, 4.86 ], [ -74.75, 4.87 ], [ -74.75, 4.89 ], [ -74.74, 4.88 ], [ -74.73, 4.89 ], [ -74.73, 4.9 ], [ -74.74, 4.9 ], [ -74.73, 4.93 ], [ -74.75, 4.95 ], [ -74.75, 4.96 ], [ -74.74, 4.97 ], [ -74.73, 4.98 ], [ -74.71, 4.97 ], [ -74.71, 4.98 ], [ -74.71, 4.99 ], [ -74.72, 4.99 ], [ -74.73, 5.0 ], [ -74.74, 5.0 ], [ -74.74, 5.01 ], [ -74.74, 5.02 ], [ -74.73, 5.03 ], [ -74.73, 5.04 ], [ -74.73, 5.06 ], [ -74.73, 5.07 ], [ -74.72, 5.09 ], [ -74.72, 5.1 ], [ -74.72, 5.12 ], [ -74.73, 5.14 ], [ -74.73, 5.15 ], [ -74.72, 5.17 ], [ -74.71, 5.18 ], [ -74.72, 5.19 ], [ -74.72, 5.2 ], [ -74.73, 5.2 ], [ -74.73, 5.21 ], [ -74.73, 5.22 ], [ -74.73, 5.23 ], [ -74.72, 5.24 ], [ -74.73, 5.25 ], [ -74.72, 5.26 ], [ -74.73, 5.29 ], [ -74.74, 5.29 ], [ -74.75, 5.28 ], [ -74.76, 5.29 ], [ -74.77, 5.29 ], [ -74.77, 5.3 ], [ -74.78, 5.3 ], [ -74.8, 5.3 ], [ -74.81, 5.3 ], [ -74.81, 5.31 ], [ -74.82, 5.32 ], [ -74.83, 5.32 ], [ -74.84, 5.32 ], [ -74.85, 5.31 ], [ -74.86, 5.31 ], [ -74.87, 5.3 ], [ -74.88, 5.3 ], [ -74.89, 5.3 ], [ -74.9, 5.3 ], [ -74.91, 5.31 ], [ -74.92, 5.31 ], [ -74.93, 5.31 ], [ -74.94, 5.31 ], [ -74.95, 5.31 ], [ -74.95, 5.3 ], [ -74.97, 5.3 ], [ -74.98, 5.3 ], [ -74.99, 5.29 ], [ -75.01, 5.29 ], [ -75.02, 5.29 ], [ -75.03, 5.29 ], [ -75.03, 5.28 ], [ -75.04, 5.28 ], [ -75.06, 5.28 ], [ -75.06, 5.26 ], [ -75.06, 5.25 ], [ -75.07, 5.25 ], [ -75.07, 5.24 ], [ -75.08, 5.24 ], [ -75.08, 5.23 ], [ -75.09, 5.23 ], [ -75.09, 5.22 ], [ -75.1, 5.21 ], [ -75.11, 5.2 ], [ -75.11, 5.19 ], [ -75.11, 5.18 ], [ -75.12, 5.17 ], [ -75.11, 5.16 ], [ -75.12, 5.16 ], [ -75.13, 5.16 ], [ -75.14, 5.16 ], [ -75.15, 5.16 ], [ -75.15, 5.17 ], [ -75.17, 5.17 ], [ -75.18, 5.16 ], [ -75.2, 5.16 ], [ -75.2, 5.15 ], [ -75.21, 5.15 ], [ -75.21, 5.14 ], [ -75.22, 5.14 ], [ -75.22, 5.13 ], [ -75.23, 5.13 ], [ -75.24, 5.13 ], [ -75.25, 5.13 ], [ -75.28, 5.14 ], [ -75.29, 5.14 ], [ -75.3, 5.13 ], [ -75.3, 5.12 ], [ -75.31, 5.12 ], [ -75.31, 5.11 ], [ -75.33, 5.1 ], [ -75.34, 5.08 ], [ -75.34, 5.07 ], [ -75.35, 5.06 ], [ -75.34, 5.05 ], [ -75.34, 5.04 ], [ -75.33, 5.04 ], [ -75.32, 5.04 ], [ -75.32, 5.03 ], [ -75.32, 5.02 ], [ -75.33, 5.0 ], [ -75.33, 4.99 ], [ -75.33, 4.98 ], [ -75.34, 4.97 ], [ -75.35, 4.97 ], [ -75.35, 4.94 ], [ -75.35, 4.93 ], [ -75.34, 4.91 ], [ -75.33, 4.9 ], [ -75.32, 4.89 ], [ -75.32, 4.86 ], [ -75.33, 4.86 ], [ -75.34, 4.85 ], [ -75.35, 4.84 ], [ -75.36, 4.83 ], [ -75.37, 4.82 ], [ -75.38, 4.8 ], [ -75.38, 4.79 ], [ -75.38, 4.78 ], [ -75.38, 4.77 ], [ -75.38, 4.76 ], [ -75.39, 4.75 ], [ -75.38, 4.74 ], [ -75.38, 4.73 ], [ -75.39, 4.72 ], [ -75.38, 4.71 ], [ -75.38, 4.7 ], [ -75.39, 4.7 ], [ -75.4, 4.69 ], [ -75.41, 4.68 ], [ -75.42, 4.67 ], [ -75.42, 4.66 ], [ -75.42, 4.64 ], [ -75.42, 4.62 ], [ -75.42, 4.61 ], [ -75.43, 4.61 ], [ -75.43, 4.6 ], [ -75.44, 4.6 ], [ -75.45, 4.6 ], [ -75.47, 4.6 ], [ -75.47, 4.59 ], [ -75.48, 4.58 ], [ -75.49, 4.57 ], [ -75.51, 4.56 ], [ -75.52, 4.56 ], [ -75.52, 4.55 ], [ -75.52, 4.54 ], [ -75.52, 4.53 ], [ -75.53, 4.51 ], [ -75.52, 4.5 ], [ -75.54, 4.49 ], [ -75.55, 4.48 ], [ -75.55, 4.47 ], [ -75.56, 4.47 ], [ -75.57, 4.46 ] ] ] ] } },
{ "type": "Feature", "properties": { "coddepto": 85 }, "geometry": { "type": "MultiPolygon", "coordinates": [ [ [ [ -72.34, 6.35 ], [ -72.35, 6.34 ], [ -72.34, 6.34 ], [ -72.34, 6.35 ] ] ], [ [ [ -72.35, 6.34 ], [ -72.36, 6.34 ], [ -72.36, 6.33 ], [ -72.37, 6.32 ], [ -72.37, 6.31 ], [ -72.36, 6.31 ], [ -72.35, 6.32 ], [ -72.35, 6.33 ], [ -72.35, 6.34 ] ] ], [ [ [ -72.37, 6.31 ], [ -72.38, 6.29 ], [ -72.4, 6.27 ], [ -72.39, 6.26 ], [ -72.4, 6.24 ], [ -72.4, 6.22 ], [ -72.4, 6.21 ], [ -72.41, 6.19 ], [ -72.39, 6.19 ], [ -72.39, 6.16 ], [ -72.37, 6.15 ], [ -72.37, 6.14 ], [ -72.38, 6.14 ], [ -72.38, 6.13 ], [ -72.39, 6.12 ], [ -72.38, 6.11 ], [ -72.37, 6.1 ], [ -72.38, 6.09 ], [ -72.37, 6.08 ], [ -72.36, 6.08 ], [ -72.32, 6.09 ], [ -72.32, 6.08 ], [ -72.32, 6.07 ], [ -72.35, 6.04 ], [ -72.36, 6.04 ], [ -72.37, 6.04 ], [ -72.36, 6.03 ], [ -72.36, 6.02 ], [ -72.35, 6.0 ], [ -72.34, 6.0 ], [ -72.34, 5.99 ], [ -72.34, 5.98 ], [ -72.34, 5.97 ], [ -72.34, 5.96 ], [ -72.34, 5.95 ], [ -72.33, 5.94 ], [ -72.33, 5.93 ], [ -72.33, 5.92 ], [ -72.33, 5.91 ], [ -72.33, 5.9 ], [ -72.34, 5.89 ], [ -72.37, 5.9 ], [ -72.38, 5.9 ], [ -72.39, 5.9 ], [ -72.41, 5.9 ], [ -72.42, 5.9 ], [ -72.43, 5.89 ], [ -72.44, 5.89 ], [ -72.44, 5.88 ], [ -72.45, 5.88 ], [ -72.45, 5.87 ], [ -72.46, 5.86 ], [ -72.46, 5.85 ], [ -72.43, 5.85 ], [ -72.43, 5.84 ], [ -72.42, 5.84 ], [ -72.4, 5.84 ], [ -72.39, 5.83 ], [ -72.39, 5.82 ], [ -72.38, 5.82 ], [ -72.37, 5.81 ], [ -72.35, 5.81 ], [ -72.33, 5.8 ], [ -72.33, 5.79 ], [ -72.32, 5.8 ], [ -72.31, 5.79 ], [ -72.31, 5.78 ], [ -72.3, 5.78 ], [ -72.3, 5.77 ], [ -72.3, 5.76 ], [ -72.29, 5.75 ], [ -72.28, 5.75 ], [ -72.28, 5.74 ], [ -72.27, 5.74 ], [ -72.27, 5.73 ], [ -72.27, 5.72 ], [ -72.26, 5.72 ], [ -72.26, 5.7 ], [ -72.25, 5.7 ], [ -72.25, 5.69 ], [ -72.24, 5.69 ], [ -72.23, 5.68 ], [ -72.22, 5.68 ], [ -72.22, 5.67 ], [ -72.23, 5.67 ], [ -72.24, 5.67 ], [ -72.26, 5.66 ], [ -72.27, 5.66 ], [ -72.26, 5.63 ], [ -72.27, 5.62 ], [ -72.29, 5.61 ], [ -72.29, 5.6 ], [ -72.29, 5.59 ], [ -72.29, 5.57 ], [ -72.3, 5.55 ], [ -72.3, 5.51 ], [ -72.31, 5.5 ], [ -72.32, 5.5 ], [ -72.33, 5.5 ], [ -72.35, 5.51 ], [ -72.36, 5.52 ], [ -72.36, 5.53 ], [ -72.37, 5.53 ], [ -72.38, 5.54 ], [ -72.38, 5.55 ], [ -72.38, 5.56 ], [ -72.4, 5.57 ], [ -72.41, 5.57 ], [ -72.42, 5.56 ], [ -72.43, 5.56 ], [ -72.43, 5.55 ], [ -72.44, 5.53 ], [ -72.44, 5.52 ], [ -72.46, 5.51 ], [ -72.47, 5.5 ], [ -72.49, 5.48 ], [ -72.49, 5.46 ], [ -72.5, 5.44 ], [ -72.51, 5.44 ], [ -72.52, 5.44 ], [ -72.53, 5.43 ], [ -72.54, 5.41 ], [ -72.56, 5.4 ], [ -72.58, 5.38 ], [ -72.57, 5.38 ], [ -72.57, 5.37 ], [ -72.58, 5.35 ], [ -72.59, 5.35 ], [ -72.6, 5.35 ], [ -72.61, 5.35 ], [ -72.62, 5.35 ], [ -72.63, 5.34 ], [ -72.64, 5.34 ], [ -72.64, 5.33 ], [ -72.65, 5.32 ], [ -72.65, 5.3 ], [ -72.66, 5.3 ], [ -72.67, 5.3 ], [ -72.67, 5.29 ], [ -72.68, 5.29 ], [ -72.69, 5.28 ], [ -72.7, 5.28 ], [ -72.71, 5.28 ], [ -72.72, 5.28 ], [ -72.72, 5.29 ], [ -72.72, 5.3 ], [ -72.73, 5.32 ], [ -72.74, 5.32 ], [ -72.75, 5.33 ], [ -72.76, 5.33 ], [ -72.77, 5.35 ], [ -72.78, 5.36 ], [ -72.78, 5.37 ], [ -72.79, 5.37 ], [ -72.79, 5.38 ], [ -72.8, 5.38 ], [ -72.81, 5.38 ], [ -72.82, 5.37 ], [ -72.84, 5.36 ], [ -72.85, 5.35 ], [ -72.86, 5.34 ], [ -72.87, 5.34 ], [ -72.87, 5.35 ], [ -72.88, 5.36 ], [ -72.89, 5.36 ], [ -72.89, 5.35 ], [ -72.88, 5.35 ], [ -72.89, 5.33 ], [ -72.89, 5.32 ], [ -72.9, 5.31 ], [ -72.9, 5.3 ], [ -72.89, 5.29 ], [ -72.9, 5.26 ], [ -72.91, 5.24 ], [ -72.92, 5.23 ], [ -72.92, 5.22 ], [ -72.93, 5.21 ], [ -72.94, 5.21 ], [ -72.94, 5.2 ], [ -72.95, 5.2 ], [ -72.95, 5.19 ], [ -72.95, 5.18 ], [ -72.95, 5.17 ], [ -72.96, 5.17 ], [ -72.96, 5.16 ], [ -72.97, 5.15 ], [ -72.97, 5.14 ], [ -72.97, 5.13 ], [ -72.96, 5.13 ], [ -72.95, 5.12 ], [ -72.94, 5.12 ], [ -72.94, 5.11 ], [ -72.93, 5.1 ], [ -72.92, 5.1 ], [ -72.91, 5.1 ], [ -72.9, 5.07 ], [ -72.93, 5.05 ], [ -72.93, 5.04 ], [ -72.93, 5.03 ], [ -72.94, 5.02 ], [ -72.95, 5.01 ], [ -72.96, 5.0 ], [ -72.97, 4.99 ], [ -72.97, 4.98 ], [ -72.98, 4.98 ], [ -72.99, 4.99 ], [ -73.0, 4.99 ], [ -73.0, 5.0 ], [ -73.01, 5.0 ], [ -73.02, 5.0 ], [ -73.02, 4.99 ], [ -73.03, 4.98 ], [ -73.03, 4.97 ], [ -73.04, 4.96 ], [ -73.04, 4.95 ], [ -73.04, 4.94 ], [ -73.05, 4.92 ], [ -73.05, 4.9 ], [ -73.04, 4.89 ], [ -73.04, 4.88 ], [ -73.05, 4.87 ], [ -73.05, 4.86 ], [ -73.06, 4.86 ], [ -73.06, 4.85 ], [ -73.07, 4.84 ], [ -73.07, 4.83 ], [ -73.08, 4.81 ], [ -73.07, 4.8 ], [ -73.06, 4.79 ], [ -73.06, 4.78 ], [ -73.05, 4.77 ], [ -73.05, 4.76 ], [ -73.05, 4.75 ], [ -73.05, 4.74 ], [ -73.05, 4.73 ], [ -73.05, 4.72 ], [ -73.05, 4.7 ], [ -73.05, 4.69 ], [ -73.04, 4.67 ], [ -73.03, 4.65 ], [ -73.02, 4.65 ], [ -73.02, 4.64 ], [ -73.01, 4.63 ], [ -73.0, 4.62 ], [ -72.99, 4.62 ], [ -72.98, 4.61 ], [ -72.97, 4.6 ], [ -72.97, 4.58 ], [ -72.96, 4.57 ], [ -72.95, 4.56 ], [ -72.95, 4.55 ], [ -72.94, 4.53 ], [ -72.94, 4.52 ], [ -72.92, 4.52 ], [ -72.9, 4.5 ], [ -72.9, 4.48 ], [ -72.9, 4.47 ], [ -72.88, 4.46 ], [ -72.87, 4.45 ], [ -72.86, 4.45 ], [ -72.85, 4.45 ], [ -72.84, 4.44 ], [ -72.84, 4.43 ], [ -72.83, 4.43 ], [ -72.82, 4.43 ], [ -72.81, 4.43 ], [ -72.81, 4.42 ], [ -72.82, 4.42 ], [ -72.82, 4.41 ], [ -72.81, 4.41 ], [ -72.81, 4.4 ], [ -72.79, 4.4 ], [ -72.79, 4.39 ], [ -72.8, 4.38 ], [ -72.78, 4.37 ], [ -72.77, 4.37 ], [ -72.77, 4.36 ], [ -72.78, 4.36 ], [ -72.78, 4.35 ], [ -72.77, 4.35 ], [ -72.76, 4.35 ], [ -72.77, 4.34 ], [ -72.77, 4.33 ], [ -72.75, 4.33 ], [ -72.74, 4.33 ], [ -72.74, 4.32 ], [ -72.74, 4.31 ], [ -72.73, 4.31 ], [ -72.72, 4.29 ], [ -72.7, 4.29 ], [ -72.69, 4.29 ], [ -72.69, 4.31 ], [ -72.68, 4.32 ], [ -72.66, 4.32 ], [ -72.64, 4.31 ], [ -72.63, 4.3 ], [ -72.62, 4.31 ], [ -72.61, 4.32 ], [ -72.59, 4.31 ], [ -72.58, 4.3 ], [ -72.57, 4.3 ], [ -72.57, 4.31 ], [ -72.57, 4.32 ], [ -72.57, 4.33 ], [ -72.55, 4.34 ], [ -72.55, 4.35 ], [ -72.54, 4.35 ], [ -72.54, 4.34 ], [ -72.53, 4.34 ], [ -72.52, 4.34 ], [ -72.49, 4.33 ], [ -72.48, 4.33 ], [ -72.47, 4.32 ], [ -72.46, 4.32 ], [ -72.45, 4.33 ], [ -72.45, 4.34 ], [ -72.44, 4.34 ], [ -72.44, 4.35 ], [ -72.43, 4.35 ], [ -72.42, 4.35 ], [ -72.42, 4.34 ], [ -72.42, 4.33 ], [ -72.42, 4.32 ], [ -72.41, 4.32 ], [ -72.4, 4.32 ], [ -72.39, 4.33 ], [ -72.37, 4.34 ], [ -72.36, 4.34 ], [ -72.34, 4.36 ], [ -72.34, 4.37 ], [ -72.32, 4.37 ], [ -72.31, 4.38 ], [ -72.3, 4.41 ], [ -72.29, 4.42 ], [ -72.27, 4.42 ], [ -72.26, 4.42 ], [ -72.25, 4.43 ], [ -72.24, 4.43 ], [ -72.21, 4.43 ], [ -72.2, 4.43 ], [ -72.19, 4.43 ], [ -72.18, 4.43 ], [ -72.17, 4.44 ], [ -72.16, 4.44 ], [ -72.14, 4.44 ], [ -72.13, 4.44 ], [ -72.12, 4.43 ], [ -72.07, 4.41 ], [ -72.07, 4.4 ], [ -72.07, 4.39 ], [ -72.06, 4.38 ], [ -72.05, 4.37 ], [ -72.03, 4.39 ], [ -72.0, 4.38 ], [ -71.99, 4.38 ], [ -71.98, 4.39 ], [ -71.97, 4.41 ], [ -71.96, 4.41 ], [ -71.96, 4.42 ], [ -71.94, 4.44 ], [ -71.93, 4.45 ], [ -71.92, 4.45 ], [ -71.9, 4.47 ], [ -71.9, 4.49 ], [ -71.89, 4.5 ], [ -71.87, 4.51 ], [ -71.85, 4.53 ], [ -71.82, 4.55 ], [ -71.82, 4.56 ], [ -71.81, 4.57 ], [ -71.81, 4.58 ], [ -71.79, 4.59 ], [ -71.78, 4.58 ], [ -71.76, 4.58 ], [ -71.75, 4.58 ], [ -71.73, 4.58 ], [ -71.72, 4.59 ], [ -71.68, 4.6 ], [ -71.67, 4.61 ], [ -71.65, 4.62 ], [ -71.62, 4.64 ], [ -71.6, 4.65 ], [ -71.58, 4.68 ], [ -71.56, 4.68 ], [ -71.52, 4.68 ], [ -71.51, 4.7 ], [ -71.43, 4.72 ], [ -71.41, 4.74 ], [ -71.39, 4.76 ], [ -71.38, 4.75 ], [ -71.35, 4.76 ], [ -71.33, 4.77 ], [ -71.32, 4.77 ], [ -71.31, 4.78 ], [ -71.3, 4.79 ], [ -71.29, 4.8 ], [ -71.28, 4.8 ], [ -71.27, 4.8 ], [ -71.24, 4.82 ], [ -71.21, 4.82 ], [ -71.2, 4.82 ], [ -71.18, 4.84 ], [ -71.17, 4.84 ], [ -71.15, 4.86 ], [ -71.14, 4.87 ], [ -71.11, 4.87 ], [ -71.11, 4.88 ], [ -71.09, 4.89 ], [ -71.08, 4.89 ], [ -71.07, 4.91 ], [ -71.06, 4.91 ], [ -71.04, 4.92 ], [ -71.04, 4.94 ], [ -71.02, 4.96 ], [ -71.01, 4.98 ], [ -71.0, 4.98 ], [ -71.0, 5.0 ], [ -70.99, 5.03 ], [ -70.99, 5.04 ], [ -70.97, 5.06 ], [ -70.97, 5.07 ], [ -70.97, 5.08 ], [ -70.96, 5.1 ], [ -70.95, 5.11 ], [ -70.95, 5.12 ], [ -70.94, 5.13 ], [ -70.91, 5.14 ], [ -70.88, 5.14 ], [ -70.88, 5.15 ], [ -70.87, 5.14 ], [ -70.86, 5.14 ], [ -70.83, 5.17 ], [ -70.82, 5.18 ], [ -70.82, 5.19 ], [ -70.81, 5.19 ], [ -70.81, 5.2 ], [ -70.76, 5.23 ], [ -70.74, 5.25 ], [ -70.73, 5.26 ], [ -70.72, 5.26 ], [ -70.71, 5.27 ], [ -70.7, 5.28 ], [ -70.69, 5.3 ], [ -70.67, 5.32 ], [ -70.67, 5.33 ], [ -70.68, 5.35 ], [ -70.68, 5.36 ], [ -70.67, 5.37 ], [ -70.65, 5.37 ], [ -70.65, 5.38 ], [ -70.62, 5.4 ], [ -70.61, 5.41 ], [ -70.6, 5.42 ], [ -70.59, 5.43 ], [ -70.58, 5.43 ], [ -70.57, 5.44 ], [ -70.56, 5.45 ], [ -70.55, 5.45 ], [ -70.53, 5.47 ], [ -70.51, 5.48 ], [ -70.5, 5.5 ], [ -70.48, 5.51 ], [ -70.47, 5.51 ], [ -70.46, 5.52 ], [ -70.45, 5.53 ], [ -70.43, 5.53 ], [ -70.42, 5.53 ], [ -70.42, 5.55 ], [ -70.41, 5.55 ], [ -70.4, 5.56 ], [ -70.39, 5.56 ], [ -70.38, 5.57 ], [ -70.36, 5.59 ], [ -70.34, 5.57 ], [ -70.32, 5.58 ], [ -70.31, 5.57 ], [ -70.3, 5.58 ], [ -70.26, 5.56 ], [ -70.24, 5.57 ], [ -70.23, 5.58 ], [ -70.22, 5.58 ], [ -70.2, 5.6 ], [ -70.19, 5.6 ], [ -70.18, 5.6 ], [ -70.17, 5.6 ], [ -70.16, 5.6 ], [ -70.15, 5.6 ], [ -70.13, 5.62 ], [ -70.12, 5.63 ], [ -70.11, 5.63 ], [ -70.11, 5.65 ], [ -70.09, 5.67 ], [ -70.08, 5.69 ], [ -70.07, 5.69 ], [ -70.07, 5.7 ], [ -70.06, 5.7 ], [ -70.05, 5.71 ], [ -70.05, 5.72 ], [ -70.04, 5.75 ], [ -70.03, 5.75 ], [ -70.02, 5.76 ], [ -70.01, 5.77 ], [ -69.98, 5.81 ], [ -69.97, 5.83 ], [ -69.97, 5.85 ], [ -69.97, 5.86 ], [ -69.93, 5.88 ], [ -69.93, 5.9 ], [ -69.92, 5.91 ], [ -69.9, 5.93 ], [ -69.9, 5.94 ], [ -69.89, 5.95 ], [ -69.88, 5.97 ], [ -69.87, 5.97 ], [ -69.85, 5.98 ], [ -69.85, 6.0 ], [ -69.84, 6.03 ], [ -69.84, 6.04 ], [ -69.87, 6.04 ], [ -69.89, 6.05 ], [ -69.9, 6.06 ], [ -69.9, 6.07 ], [ -69.9, 6.1 ], [ -69.91, 6.11 ], [ -69.92, 6.11 ], [ -69.93, 6.11 ], [ -69.94, 6.13 ], [ -69.95, 6.14 ], [ -69.96, 6.14 ], [ -69.97, 6.14 ], [ -69.97, 6.13 ], [ -69.99, 6.14 ], [ -69.98, 6.16 ], [ -69.99, 6.16 ], [ -70.0, 6.15 ], [ -70.01, 6.15 ], [ -70.03, 6.16 ], [ -70.04, 6.16 ], [ -70.05, 6.16 ], [ -70.06, 6.16 ], [ -70.06, 6.17 ], [ -70.04, 6.18 ], [ -70.04, 6.19 ], [ -70.06, 6.19 ], [ -70.06, 6.21 ], [ -70.07, 6.21 ], [ -70.08, 6.22 ], [ -70.1, 6.23 ], [ -70.11, 6.23 ], [ -70.12, 6.24 ], [ -70.12, 6.26 ], [ -70.14, 6.27 ], [ -70.15, 6.27 ], [ -70.16, 6.29 ], [ -70.15, 6.29 ], [ -70.15, 6.3 ], [ -70.16, 6.3 ], [ -70.17, 6.29 ], [ -70.18, 6.28 ], [ -70.19, 6.28 ], [ -70.19, 6.29 ], [ -70.2, 6.3 ], [ -70.21, 6.29 ], [ -70.22, 6.29 ], [ -70.23, 6.29 ], [ -70.24, 6.29 ], [ -70.25, 6.29 ], [ -70.26, 6.28 ], [ -70.27, 6.28 ], [ -70.29, 6.29 ], [ -70.3, 6.28 ], [ -70.31, 6.28 ], [ -70.32, 6.28 ], [ -70.32, 6.29 ], [ -70.33, 6.29 ], [ -70.34, 6.3 ], [ -70.36, 6.3 ], [ -70.37, 6.3 ], [ -70.38, 6.3 ], [ -70.39, 6.29 ], [ -70.41, 6.29 ], [ -70.42, 6.29 ], [ -70.43, 6.29 ], [ -70.43, 6.28 ], [ -70.44, 6.28 ], [ -70.44, 6.27 ], [ -70.45, 6.27 ], [ -70.46, 6.27 ], [ -70.48, 6.27 ], [ -70.48, 6.26 ], [ -70.48, 6.25 ], [ -70.5, 6.25 ], [ -70.52, 6.23 ], [ -70.53, 6.23 ], [ -70.53, 6.24 ], [ -70.54, 6.25 ], [ -70.55, 6.24 ], [ -70.56, 6.25 ], [ -70.57, 6.24 ], [ -70.58, 6.24 ], [ -70.59, 6.24 ], [ -70.6, 6.24 ], [ -70.61, 6.24 ], [ -70.62, 6.23 ], [ -70.63, 6.23 ], [ -70.64, 6.23 ], [ -70.65, 6.23 ], [ -70.67, 6.23 ], [ -70.68, 6.22 ], [ -70.69, 6.23 ], [ -70.71, 6.22 ], [ -70.72, 6.22 ], [ -70.73, 6.22 ], [ -70.73, 6.23 ], [ -70.74, 6.22 ], [ -70.75, 6.23 ], [ -70.77, 6.23 ], [ -70.77, 6.24 ], [ -70.78, 6.24 ], [ -70.79, 6.25 ], [ -70.8, 6.25 ], [ -70.81, 6.25 ], [ -70.82, 6.25 ], [ -70.83, 6.24 ], [ -70.84, 6.24 ], [ -70.85, 6.24 ], [ -70.86, 6.24 ], [ -70.86, 6.23 ], [ -70.86, 6.22 ], [ -70.87, 6.22 ], [ -70.88, 6.23 ], [ -70.89, 6.23 ], [ -70.9, 6.24 ], [ -70.91, 6.23 ], [ -70.92, 6.23 ], [ -70.94, 6.23 ], [ -70.95, 6.24 ], [ -70.96, 6.24 ], [ -70.97, 6.24 ], [ -70.98, 6.23 ], [ -70.99, 6.23 ], [ -70.99, 6.24 ], [ -71.0, 6.24 ], [ -71.01, 6.25 ], [ -71.02, 6.25 ], [ -71.03, 6.26 ], [ -71.04, 6.25 ], [ -71.05, 6.26 ], [ -71.06, 6.26 ], [ -71.07, 6.26 ], [ -71.08, 6.27 ], [ -71.09, 6.28 ], [ -71.1, 6.28 ], [ -71.11, 6.27 ], [ -71.12, 6.27 ], [ -71.13, 6.27 ], [ -71.13, 6.26 ], [ -71.15, 6.27 ], [ -71.16, 6.26 ], [ -71.16, 6.27 ], [ -71.17, 6.28 ], [ -71.18, 6.28 ], [ -71.19, 6.28 ], [ -71.2, 6.28 ], [ -71.21, 6.29 ], [ -71.21, 6.3 ], [ -71.22, 6.3 ], [ -71.22, 6.29 ], [ -71.23, 6.28 ], [ -71.23, 6.27 ], [ -71.23, 6.26 ], [ -71.24, 6.27 ], [ -71.25, 6.27 ], [ -71.26, 6.28 ], [ -71.27, 6.28 ], [ -71.27, 6.26 ], [ -71.28, 6.26 ], [ -71.28, 6.27 ], [ -71.29, 6.28 ], [ -71.3, 6.27 ], [ -71.31, 6.26 ], [ -71.32, 6.25 ], [ -71.33, 6.26 ], [ -71.33, 6.24 ], [ -71.34, 6.24 ], [ -71.34, 6.23 ], [ -71.35, 6.23 ], [ -71.37, 6.23 ], [ -71.38, 6.23 ], [ -71.38, 6.24 ], [ -71.39, 6.24 ], [ -71.4, 6.24 ], [ -71.41, 6.24 ], [ -71.42, 6.24 ], [ -71.42, 6.23 ], [ -71.43, 6.23 ], [ -71.43, 6.24 ], [ -71.44, 6.25 ], [ -71.45, 6.25 ], [ -71.45, 6.24 ], [ -71.44, 6.23 ], [ -71.44, 6.22 ], [ -71.44, 6.21 ], [ -71.46, 6.22 ], [ -71.46, 6.21 ], [ -71.47, 6.21 ], [ -71.48, 6.21 ], [ -71.49, 6.2 ], [ -71.49, 6.21 ], [ -71.5, 6.22 ], [ -71.5, 6.21 ], [ -71.5, 6.2 ], [ -71.51, 6.2 ], [ -71.51, 6.21 ], [ -71.52, 6.21 ], [ -71.53, 6.21 ], [ -71.54, 6.21 ], [ -71.55, 6.21 ], [ -71.55, 6.2 ], [ -71.56, 6.2 ], [ -71.56, 6.21 ], [ -71.57, 6.21 ], [ -71.58, 6.2 ], [ -71.59, 6.21 ], [ -71.61, 6.21 ], [ -71.61, 6.22 ], [ -71.61, 6.23 ], [ -71.62, 6.23 ], [ -71.63, 6.23 ], [ -71.64, 6.23 ], [ -71.64, 6.22 ], [ -71.65, 6.22 ], [ -71.64, 6.21 ], [ -71.65, 6.2 ], [ -71.66, 6.2 ], [ -71.67, 6.19 ], [ -71.68, 6.19 ], [ -71.69, 6.19 ], [ -71.71, 6.19 ], [ -71.74, 6.19 ], [ -71.75, 6.19 ], [ -71.78, 6.19 ], [ -71.79, 6.19 ], [ -71.82, 6.19 ], [ -71.83, 6.18 ], [ -71.84, 6.17 ], [ -71.85, 6.17 ], [ -71.88, 6.16 ], [ -71.91, 6.16 ], [ -71.94, 6.17 ], [ -71.95, 6.17 ], [ -71.99, 6.15 ], [ -72.01, 6.13 ], [ -72.04, 6.12 ], [ -72.05, 6.12 ], [ -72.06, 6.12 ], [ -72.08, 6.11 ], [ -72.09, 6.09 ], [ -72.1, 6.09 ], [ -72.11, 6.08 ], [ -72.13, 6.07 ], [ -72.14, 6.07 ], [ -72.16, 6.07 ], [ -72.18, 6.08 ], [ -72.18, 6.09 ], [ -72.19, 6.09 ], [ -72.2, 6.1 ], [ -72.21, 6.1 ], [ -72.22, 6.1 ], [ -72.23, 6.11 ], [ -72.24, 6.11 ], [ -72.26, 6.12 ], [ -72.28, 6.14 ], [ -72.28, 6.15 ], [ -72.28, 6.16 ], [ -72.29, 6.16 ], [ -72.29, 6.17 ], [ -72.28, 6.18 ], [ -72.29, 6.19 ], [ -72.29, 6.2 ], [ -72.3, 6.2 ], [ -72.32, 6.21 ], [ -72.32, 6.22 ], [ -72.33, 6.22 ], [ -72.34, 6.22 ], [ -72.34, 6.23 ], [ -72.35, 6.24 ], [ -72.36, 6.26 ], [ -72.36, 6.27 ], [ -72.36, 6.28 ], [ -72.36, 6.29 ], [ -72.37, 6.31 ] ], [ [ -71.58, 6.2 ], [ -71.57, 6.19 ], [ -71.58, 6.19 ], [ -71.58, 6.2 ] ] ], [ [ [ -71.03, 6.26 ], [ -71.03, 6.27 ], [ -71.04, 6.27 ], [ -71.03, 6.26 ] ] ], [ [ [ -71.53, 6.22 ], [ -71.54, 6.23 ], [ -71.54, 6.22 ], [ -71.53, 6.22 ] ] ] ] } },
{ "type": "Feature", "properties": { "coddepto": 95 }, "geometry": { "type": "MultiPolygon", "coordinates": [ [ [ [ -73.66, 1.62 ], [ -73.66, 1.61 ], [ -73.66, 1.59 ], [ -73.66, 1.58 ], [ -73.65, 1.57 ], [ -73.64, 1.56 ], [ -73.64, 1.55 ], [ -73.63, 1.54 ], [ -73.62, 1.53 ], [ -73.61, 1.5 ], [ -73.6, 1.5 ], [ -73.59, 1.49 ], [ -73.58, 1.49 ], [ -73.58, 1.47 ], [ -73.56, 1.45 ], [ -73.55, 1.45 ], [ -73.55, 1.44 ], [ -73.55, 1.43 ], [ -73.54, 1.42 ], [ -73.55, 1.41 ], [ -73.54, 1.4 ], [ -73.54, 1.39 ], [ -73.53, 1.39 ], [ -73.52, 1.39 ], [ -73.51, 1.39 ], [ -73.51, 1.38 ], [ -73.5, 1.38 ], [ -73.5, 1.37 ], [ -73.49, 1.37 ], [ -73.48, 1.37 ], [ -73.48, 1.36 ], [ -73.47, 1.36 ], [ -73.47, 1.35 ], [ -73.47, 1.34 ], [ -73.46, 1.34 ], [ -73.46, 1.33 ], [ -73.46, 1.32 ], [ -73.46, 1.31 ], [ -73.45, 1.31 ], [ -73.45, 1.3 ], [ -73.46, 1.29 ], [ -73.45, 1.29 ], [ -73.44, 1.29 ], [ -73.43, 1.29 ], [ -73.43, 1.28 ], [ -73.43, 1.27 ], [ -73.43, 1.26 ], [ -73.42, 1.26 ], [ -73.42, 1.25 ], [ -73.41, 1.25 ], [ -73.41, 1.24 ], [ -73.42, 1.24 ], [ -73.42, 1.23 ], [ -73.42, 1.22 ], [ -73.42, 1.21 ], [ -73.41, 1.21 ], [ -73.41, 1.2 ], [ -73.42, 1.2 ], [ -73.42, 1.19 ], [ -73.42, 1.18 ], [ -73.41, 1.18 ], [ -73.41, 1.17 ], [ -73.4, 1.17 ], [ -73.39, 1.17 ], [ -73.39, 1.16 ], [ -73.4, 1.16 ], [ -73.4, 1.15 ], [ -73.39, 1.15 ], [ -73.38, 1.14 ], [ -73.37, 1.13 ], [ -73.36, 1.13 ], [ -73.36, 1.12 ], [ -73.35, 1.12 ], [ -73.34, 1.12 ], [ -73.34, 1.11 ], [ -73.34, 1.1 ], [ -73.33, 1.1 ], [ -73.33, 1.09 ], [ -73.32, 1.09 ], [ -73.32, 1.08 ], [ -73.31, 1.08 ], [ -73.3, 1.07 ], [ -73.29, 1.07 ], [ -73.28, 1.07 ], [ -73.28, 1.06 ], [ -73.28, 1.05 ], [ -73.27, 1.05 ], [ -73.26, 1.05 ], [ -73.25, 1.05 ], [ -73.25, 1.04 ], [ -73.24, 1.04 ], [ -73.24, 1.03 ], [ -73.24, 1.02 ], [ -73.23, 1.01 ], [ -73.22, 1.0 ], [ -73.21, 1.0 ], [ -73.2, 1.0 ], [ -73.19, 1.0 ], [ -73.18, 1.0 ], [ -73.17, 0.99 ], [ -73.18, 0.99 ], [ -73.17, 0.98 ], [ -73.18, 0.97 ], [ -73.18, 0.96 ], [ -73.17, 0.95 ], [ -73.16, 0.95 ], [ -73.16, 0.94 ], [ -73.15, 0.94 ], [ -73.15, 0.93 ], [ -73.14, 0.92 ], [ -73.13, 0.91 ], [ -73.12, 0.92 ], [ -73.11, 0.92 ], [ -73.1, 0.92 ], [ -73.1, 0.91 ], [ -73.09, 0.91 ], [ -73.09, 0.9 ], [ -73.08, 0.9 ], [ -73.07, 0.9 ], [ -73.06, 0.9 ], [ -73.06, 0.91 ], [ -73.05, 0.91 ], [ -73.04, 0.91 ], [ -73.03, 0.91 ], [ -73.03, 0.92 ], [ -73.02, 0.92 ], [ -73.02, 0.91 ], [ -73.01, 0.91 ], [ -73.01, 0.92 ], [ -73.0, 0.92 ], [ -72.99, 0.93 ], [ -72.99, 0.95 ], [ -72.99, 0.96 ], [ -72.98, 0.96 ], [ -72.97, 0.96 ], [ -72.96, 0.96 ], [ -72.95, 0.98 ], [ -72.94, 0.98 ], [ -72.94, 0.99 ], [ -72.93, 1.0 ], [ -72.93, 1.01 ], [ -72.92, 1.01 ], [ -72.91, 1.01 ], [ -72.9, 1.01 ], [ -72.88, 1.02 ], [ -72.87, 1.02 ], [ -72.87, 1.03 ], [ -72.87, 1.04 ], [ -72.88, 1.04 ], [ -72.88, 1.05 ], [ -72.87, 1.05 ], [ -72.86, 1.04 ], [ -72.86, 1.06 ], [ -72.86, 1.07 ], [ -72.87, 1.07 ], [ -72.88, 1.07 ], [ -72.88, 1.08 ], [ -72.87, 1.08 ], [ -72.87, 1.09 ], [ -72.88, 1.09 ], [ -72.88, 1.1 ], [ -72.87, 1.1 ], [ -72.87, 1.11 ], [ -72.86, 1.1 ], [ -72.85, 1.1 ], [ -72.85, 1.11 ], [ -72.87, 1.12 ], [ -72.87, 1.14 ], [ -72.87, 1.15 ], [ -72.86, 1.14 ], [ -72.85, 1.14 ], [ -72.85, 1.16 ], [ -72.84, 1.16 ], [ -72.83, 1.16 ], [ -72.83, 1.15 ], [ -72.82, 1.15 ], [ -72.82, 1.16 ], [ -72.82, 1.17 ], [ -72.82, 1.18 ], [ -72.8, 1.18 ], [ -72.79, 1.18 ], [ -72.78, 1.18 ], [ -72.77, 1.18 ], [ -72.78, 1.16 ], [ -72.78, 1.15 ], [ -72.76, 1.13 ], [ -72.75, 1.13 ], [ -72.74, 1.13 ], [ -72.74, 1.14 ], [ -72.74, 1.15 ], [ -72.73, 1.15 ], [ -72.73, 1.16 ], [ -72.73, 1.17 ], [ -72.73, 1.18 ], [ -72.73, 1.19 ], [ -72.72, 1.19 ], [ -72.7, 1.18 ], [ -72.69, 1.18 ], [ -72.69, 1.16 ], [ -72.67, 1.16 ], [ -72.66, 1.16 ], [ -72.65, 1.17 ], [ -72.64, 1.17 ], [ -72.64, 1.16 ], [ -72.64, 1.15 ], [ -72.62, 1.14 ], [ -72.61, 1.13 ], [ -72.59, 1.12 ], [ -72.57, 1.11 ], [ -72.56, 1.09 ], [ -72.54, 1.09 ], [ -72.52, 1.08 ], [ -72.51, 1.07 ], [ -72.5, 1.07 ], [ -72.48, 1.07 ], [ -72.48, 1.08 ], [ -72.47, 1.08 ], [ -72.46, 1.08 ], [ -72.46, 1.07 ], [ -72.45, 1.07 ], [ -72.44, 1.06 ], [ -72.44, 1.05 ], [ -72.43, 1.05 ], [ -72.43, 1.04 ], [ -72.42, 1.02 ], [ -72.41, 1.01 ], [ -72.4, 1.0 ], [ -72.4, 0.99 ], [ -72.41, 0.99 ], [ -72.4, 0.97 ], [ -72.4, 0.96 ], [ -72.38, 0.96 ], [ -72.38, 0.94 ], [ -72.39, 0.92 ], [ -72.37, 0.92 ], [ -72.35, 0.93 ], [ -72.34, 0.93 ], [ -72.35, 0.9 ], [ -72.33, 0.88 ], [ -72.34, 0.87 ], [ -72.33, 0.85 ], [ -72.33, 0.84 ], [ -72.32, 0.84 ], [ -72.32, 0.85 ], [ -72.33, 0.87 ], [ -72.32, 0.88 ], [ -72.31, 0.88 ], [ -72.3, 0.88 ], [ -72.29, 0.87 ], [ -72.29, 0.86 ], [ -72.29, 0.85 ], [ -72.3, 0.85 ], [ -72.3, 0.84 ], [ -72.29, 0.82 ], [ -72.3, 0.82 ], [ -72.31, 0.81 ], [ -72.3, 0.8 ], [ -72.29, 0.78 ], [ -72.27, 0.76 ], [ -72.26, 0.77 ], [ -72.26, 0.78 ], [ -72.27, 0.79 ], [ -72.26, 0.79 ], [ -72.25, 0.79 ], [ -72.24, 0.77 ], [ -72.23, 0.76 ], [ -72.22, 0.75 ], [ -72.22, 0.74 ], [ -72.23, 0.73 ], [ -72.23, 0.72 ], [ -72.22, 0.71 ], [ -72.21, 0.7 ], [ -72.2, 0.7 ], [ -72.19, 0.73 ], [ -72.18, 0.72 ], [ -72.17, 0.71 ], [ -72.16, 0.71 ], [ -72.16, 0.72 ], [ -72.16, 0.73 ], [ -72.15, 0.72 ], [ -72.14, 0.72 ], [ -72.13, 0.74 ], [ -72.12, 0.73 ], [ -72.12, 0.72 ], [ -72.11, 0.7 ], [ -72.09, 0.7 ], [ -72.08, 0.7 ], [ -72.07, 0.69 ], [ -72.07, 0.68 ], [ -72.07, 0.67 ], [ -72.08, 0.66 ], [ -72.07, 0.66 ], [ -72.05, 0.66 ], [ -72.03, 0.66 ], [ -71.8, 0.89 ], [ -71.79, 0.9 ], [ -71.77, 0.91 ], [ -71.77, 0.93 ], [ -71.77, 0.94 ], [ -71.77, 0.95 ], [ -71.77, 0.96 ], [ -71.76, 0.96 ], [ -71.75, 0.97 ], [ -71.74, 0.98 ], [ -71.72, 0.98 ], [ -71.71, 0.99 ], [ -71.71, 0.98 ], [ -71.7, 0.98 ], [ -71.69, 0.98 ], [ -71.69, 0.97 ], [ -71.68, 0.97 ], [ -71.67, 0.97 ], [ -71.66, 0.98 ], [ -71.65, 0.98 ], [ -71.65, 0.99 ], [ -71.64, 0.99 ], [ -71.64, 1.0 ], [ -71.64, 1.01 ], [ -71.63, 1.01 ], [ -71.63, 1.02 ], [ -71.62, 1.02 ], [ -71.62, 1.04 ], [ -71.61, 1.04 ], [ -71.6, 1.04 ], [ -71.6, 1.05 ], [ -71.59, 1.05 ], [ -71.59, 1.06 ], [ -71.58, 1.06 ], [ -71.58, 1.07 ], [ -71.58, 1.08 ], [ -71.58, 1.09 ], [ -71.57, 1.09 ], [ -71.57, 1.1 ], [ -71.58, 1.1 ], [ -71.58, 1.11 ], [ -71.57, 1.12 ], [ -71.58, 1.12 ], [ -71.58, 1.13 ], [ -71.57, 1.13 ], [ -71.56, 1.13 ], [ -71.55, 1.11 ], [ -71.54, 1.11 ], [ -71.54, 1.12 ], [ -71.52, 1.11 ], [ -71.5, 1.1 ], [ -71.49, 1.11 ], [ -71.48, 1.11 ], [ -71.49, 1.12 ], [ -71.49, 1.13 ], [ -71.5, 1.13 ], [ -71.51, 1.14 ], [ -71.51, 1.15 ], [ -71.51, 1.16 ], [ -71.52, 1.16 ], [ -71.52, 1.17 ], [ -71.52, 1.18 ], [ -71.53, 1.18 ], [ -71.53, 1.19 ], [ -71.53, 1.2 ], [ -71.53, 1.21 ], [ -71.54, 1.21 ], [ -71.55, 1.21 ], [ -71.55, 1.22 ], [ -71.54, 1.22 ], [ -71.54, 1.23 ], [ -71.54, 1.24 ], [ -71.54, 1.25 ], [ -71.54, 1.26 ], [ -71.55, 1.26 ], [ -71.55, 1.27 ], [ -71.55, 1.28 ], [ -71.54, 1.27 ], [ -71.53, 1.28 ], [ -71.53, 1.29 ], [ -71.52, 1.29 ], [ -71.52, 1.3 ], [ -71.52, 1.31 ], [ -71.52, 1.32 ], [ -71.51, 1.33 ], [ -71.51, 1.34 ], [ -71.5, 1.34 ], [ -71.5, 1.35 ], [ -71.51, 1.35 ], [ -71.5, 1.36 ], [ -71.49, 1.36 ], [ -71.49, 1.37 ], [ -71.49, 1.38 ], [ -71.49, 1.39 ], [ -71.48, 1.39 ], [ -71.48, 1.4 ], [ -71.48, 1.41 ], [ -71.48, 1.42 ], [ -71.48, 1.43 ], [ -71.48, 1.44 ], [ -71.48, 1.45 ], [ -71.46, 1.46 ], [ -71.45, 1.49 ], [ -71.45, 1.5 ], [ -71.44, 1.51 ], [ -71.44, 1.53 ], [ -71.44, 1.55 ], [ -71.43, 1.56 ], [ -71.42, 1.57 ], [ -71.41, 1.57 ], [ -71.39, 1.6 ], [ -71.39, 1.61 ], [ -71.39, 1.62 ], [ -71.4, 1.63 ], [ -71.39, 1.65 ], [ -71.39, 1.66 ], [ -71.4, 1.67 ], [ -71.4, 1.7 ], [ -71.4, 1.72 ], [ -71.4, 1.73 ], [ -71.39, 1.74 ], [ -71.38, 1.73 ], [ -71.37, 1.74 ], [ -71.37, 1.73 ], [ -71.36, 1.73 ], [ -71.35, 1.73 ], [ -71.34, 1.72 ], [ -71.33, 1.71 ], [ -71.32, 1.71 ], [ -71.31, 1.71 ], [ -71.31, 1.7 ], [ -71.3, 1.7 ], [ -71.29, 1.69 ], [ -71.28, 1.68 ], [ -71.27, 1.68 ], [ -71.26, 1.67 ], [ -71.25, 1.67 ], [ -71.24, 1.68 ], [ -71.23, 1.69 ], [ -71.22, 1.7 ], [ -71.21, 1.7 ], [ -71.21, 1.71 ], [ -71.2, 1.72 ], [ -71.2, 1.73 ], [ -71.17, 1.75 ], [ -71.17, 1.76 ], [ -71.16, 1.76 ], [ -71.15, 1.76 ], [ -71.14, 1.76 ], [ -71.14, 1.77 ], [ -71.13, 1.77 ], [ -71.13, 1.78 ], [ -71.12, 1.78 ], [ -71.11, 1.78 ], [ -71.1, 1.78 ], [ -71.09, 1.78 ], [ -71.09, 1.79 ], [ -71.09, 1.8 ], [ -71.08, 1.8 ], [ -71.07, 1.81 ], [ -71.06, 1.8 ], [ -71.05, 1.8 ], [ -71.05, 1.81 ], [ -71.04, 1.81 ], [ -71.02, 1.81 ], [ -71.02, 1.82 ], [ -71.01, 1.82 ], [ -71.0, 1.82 ], [ -70.99, 1.82 ], [ -70.99, 1.83 ], [ -70.98, 1.83 ], [ -70.98, 1.84 ], [ -70.97, 1.84 ], [ -70.96, 1.84 ], [ -70.96, 1.85 ], [ -70.95, 1.86 ], [ -70.94, 1.86 ], [ -70.94, 1.87 ], [ -70.93, 1.87 ], [ -70.92, 1.87 ], [ -70.92, 1.88 ], [ -70.92, 1.89 ], [ -70.91, 1.89 ], [ -70.91, 1.9 ], [ -70.9, 1.9 ], [ -70.9, 1.91 ], [ -70.89, 1.91 ], [ -70.89, 1.92 ], [ -70.88, 1.92 ], [ -70.87, 1.92 ], [ -70.87, 1.91 ], [ -70.86, 1.91 ], [ -70.85, 1.91 ], [ -70.85, 1.92 ], [ -70.84, 1.91 ], [ -70.83, 1.91 ], [ -70.82, 1.91 ], [ -70.81, 1.91 ], [ -70.8, 1.91 ], [ -70.8, 1.92 ], [ -70.78, 1.91 ], [ -70.78, 1.92 ], [ -70.77, 1.92 ], [ -70.76, 1.92 ], [ -70.76, 1.91 ], [ -70.75, 1.91 ], [ -70.74, 1.91 ], [ -70.74, 1.92 ], [ -70.73, 1.92 ], [ -70.72, 1.92 ], [ -70.71, 1.92 ], [ -70.71, 1.91 ], [ -70.7, 1.91 ], [ -70.69, 1.91 ], [ -70.69, 1.9 ], [ -70.68, 1.9 ], [ -70.68, 1.91 ], [ -70.67, 1.9 ], [ -70.66, 1.91 ], [ -70.65, 1.91 ], [ -70.64, 1.91 ], [ -70.63, 1.92 ], [ -70.62, 1.92 ], [ -70.62, 1.93 ], [ -70.61, 1.93 ], [ -70.61, 1.92 ], [ -70.6, 1.93 ], [ -70.6, 1.94 ], [ -70.59, 1.94 ], [ -70.58, 1.94 ], [ -70.58, 1.93 ], [ -70.57, 1.93 ], [ -70.56, 1.94 ], [ -70.55, 1.94 ], [ -70.55, 1.95 ], [ -70.54, 1.95 ], [ -70.53, 1.95 ], [ -70.52, 1.95 ], [ -70.51, 1.96 ], [ -70.51, 1.95 ], [ -70.51, 1.94 ], [ -70.5, 1.94 ], [ -70.5, 1.95 ], [ -70.49, 1.95 ], [ -70.48, 1.95 ], [ -70.48, 1.96 ], [ -70.48, 1.97 ], [ -70.47, 1.97 ], [ -70.46, 1.96 ], [ -70.46, 1.97 ], [ -70.46, 1.98 ], [ -70.46, 1.99 ], [ -70.45, 1.99 ], [ -70.44, 1.99 ], [ -70.43, 2.0 ], [ -70.43, 1.99 ], [ -70.42, 1.99 ], [ -70.41, 1.99 ], [ -70.4, 2.0 ], [ -70.39, 2.0 ], [ -70.39, 1.99 ], [ -70.38, 1.99 ], [ -70.38, 2.0 ], [ -70.37, 2.0 ], [ -70.36, 2.0 ], [ -70.36, 1.99 ], [ -70.35, 1.99 ], [ -70.34, 1.99 ], [ -70.34, 2.0 ], [ -70.33, 2.0 ], [ -70.32, 2.0 ], [ -70.32, 2.01 ], [ -70.31, 2.01 ], [ -70.3, 2.01 ], [ -70.29, 2.01 ], [ -70.28, 2.01 ], [ -70.28, 2.02 ], [ -70.27, 2.02 ], [ -70.26, 2.02 ], [ -70.25, 2.02 ], [ -70.24, 2.02 ], [ -70.24, 2.03 ], [ -70.23, 2.03 ], [ -70.22, 2.03 ], [ -70.22, 2.02 ], [ -70.21, 2.02 ], [ -70.2, 2.02 ], [ -70.19, 2.02 ], [ -70.19, 2.03 ], [ -70.18, 2.03 ], [ -70.18, 2.04 ], [ -70.17, 2.04 ], [ -70.16, 2.05 ], [ -70.16, 2.06 ], [ -70.15, 2.06 ], [ -70.14, 2.06 ], [ -70.14, 2.07 ], [ -70.13, 2.07 ], [ -70.12, 2.08 ], [ -70.11, 2.08 ], [ -70.11, 2.09 ], [ -70.1, 2.09 ], [ -70.11, 2.1 ], [ -70.11, 2.11 ], [ -70.11, 2.12 ], [ -70.1, 2.12 ], [ -70.1, 2.13 ], [ -70.09, 2.13 ], [ -70.08, 2.13 ], [ -70.08, 2.14 ], [ -70.07, 2.14 ], [ -70.06, 2.15 ], [ -70.05, 2.16 ], [ -70.04, 2.16 ], [ -70.03, 2.16 ], [ -70.03, 2.17 ], [ -70.03, 2.18 ], [ -70.02, 2.18 ], [ -70.01, 2.18 ], [ -70.01, 2.19 ], [ -70.01, 2.2 ], [ -70.0, 2.2 ], [ -70.0, 2.21 ], [ -70.0, 2.22 ], [ -70.01, 2.23 ], [ -70.02, 2.23 ], [ -70.02, 2.24 ], [ -70.03, 2.25 ], [ -70.02, 2.25 ], [ -70.02, 2.26 ], [ -70.03, 2.26 ], [ -70.03, 2.27 ], [ -70.04, 2.27 ], [ -70.05, 2.28 ], [ -70.05, 2.29 ], [ -70.06, 2.29 ], [ -70.07, 2.29 ], [ -70.07, 2.28 ], [ -70.08, 2.27 ], [ -70.09, 2.26 ], [ -70.09, 2.27 ], [ -70.1, 2.26 ], [ -70.11, 2.27 ], [ -70.12, 2.26 ], [ -70.14, 2.28 ], [ -70.15, 2.28 ], [ -70.15, 2.27 ], [ -70.14, 2.26 ], [ -70.14, 2.25 ], [ -70.15, 2.25 ], [ -70.15, 2.26 ], [ -70.16, 2.26 ], [ -70.16, 2.24 ], [ -70.17, 2.24 ], [ -70.18, 2.24 ], [ -70.19, 2.23 ], [ -70.2, 2.23 ], [ -70.2, 2.24 ], [ -70.21, 2.23 ], [ -70.23, 2.25 ], [ -70.23, 2.24 ], [ -70.25, 2.24 ], [ -70.25, 2.25 ], [ -70.24, 2.25 ], [ -70.24, 2.26 ], [ -70.25, 2.26 ], [ -70.26, 2.26 ], [ -70.26, 2.25 ], [ -70.27, 2.25 ], [ -70.27, 2.24 ], [ -70.28, 2.24 ], [ -70.3, 2.25 ], [ -70.3, 2.24 ], [ -70.29, 2.23 ], [ -70.3, 2.22 ], [ -70.31, 2.21 ], [ -70.32, 2.21 ], [ -70.32, 2.22 ], [ -70.33, 2.23 ], [ -70.34, 2.23 ], [ -70.34, 2.25 ], [ -70.35, 2.25 ], [ -70.36, 2.24 ], [ -70.37, 2.24 ], [ -70.38, 2.25 ], [ -70.39, 2.25 ], [ -70.39, 2.26 ], [ -70.39, 2.27 ], [ -70.4, 2.27 ], [ -70.4, 2.26 ], [ -70.41, 2.26 ], [ -70.42, 2.26 ], [ -70.42, 2.27 ], [ -70.43, 2.27 ], [ -70.44, 2.26 ], [ -70.46, 2.26 ], [ -70.46, 2.25 ], [ -70.46, 2.24 ], [ -70.46, 2.23 ], [ -70.47, 2.24 ], [ -70.48, 2.23 ], [ -70.5, 2.23 ], [ -70.51, 2.25 ], [ -70.51, 2.26 ], [ -70.51, 2.27 ], [ -70.51, 2.28 ], [ -70.52, 2.28 ], [ -70.52, 2.27 ], [ -70.53, 2.27 ], [ -70.54, 2.28 ], [ -70.55, 2.29 ], [ -70.56, 2.29 ], [ -70.57, 2.29 ], [ -70.58, 2.29 ], [ -70.59, 2.29 ], [ -70.6, 2.29 ], [ -70.61, 2.3 ], [ -70.61, 2.31 ], [ -70.62, 2.31 ], [ -70.63, 2.31 ], [ -70.63, 2.32 ], [ -70.63, 2.33 ], [ -70.64, 2.34 ], [ -70.64, 2.35 ], [ -70.64, 2.36 ], [ -70.65, 2.36 ], [ -70.65, 2.37 ], [ -70.65, 2.38 ], [ -70.66, 2.38 ], [ -70.66, 2.39 ], [ -70.67, 2.39 ], [ -70.67, 2.4 ], [ -70.67, 2.41 ], [ -70.68, 2.41 ], [ -70.68, 2.42 ], [ -70.68, 2.43 ], [ -70.68, 2.44 ], [ -70.69, 2.44 ], [ -70.7, 2.45 ], [ -70.7, 2.46 ], [ -70.7, 2.47 ], [ -70.71, 2.47 ], [ -70.72, 2.48 ], [ -70.73, 2.48 ], [ -70.73, 2.49 ], [ -70.74, 2.5 ], [ -70.75, 2.5 ], [ -70.74, 2.52 ], [ -70.75, 2.53 ], [ -70.76, 2.53 ], [ -70.75, 2.54 ], [ -70.77, 2.54 ], [ -70.78, 2.53 ], [ -70.79, 2.52 ], [ -70.8, 2.53 ], [ -70.81, 2.53 ], [ -70.82, 2.53 ], [ -70.83, 2.53 ], [ -70.83, 2.54 ], [ -70.84, 2.56 ], [ -70.85, 2.56 ], [ -70.85, 2.57 ], [ -70.86, 2.57 ], [ -70.87, 2.57 ], [ -70.88, 2.56 ], [ -70.89, 2.56 ], [ -70.9, 2.56 ], [ -70.91, 2.56 ], [ -70.92, 2.56 ], [ -70.92, 2.57 ], [ -70.93, 2.57 ], [ -70.93, 2.59 ], [ -70.94, 2.61 ], [ -70.51, 2.79 ], [ -70.53, 2.8 ], [ -70.54, 2.81 ], [ -70.55, 2.82 ], [ -70.57, 2.83 ], [ -70.58, 2.84 ], [ -70.59, 2.84 ], [ -70.6, 2.84 ], [ -70.61, 2.8 ], [ -70.62, 2.79 ], [ -70.63, 2.81 ], [ -70.63, 2.84 ], [ -70.64, 2.85 ], [ -70.65, 2.86 ], [ -70.66, 2.86 ], [ -70.67, 2.85 ], [ -70.66, 2.84 ], [ -70.64, 2.82 ], [ -70.64, 2.8 ], [ -70.65, 2.79 ], [ -70.66, 2.78 ], [ -70.68, 2.78 ], [ -70.69, 2.76 ], [ -70.7, 2.74 ], [ -70.71, 2.74 ], [ -70.72, 2.74 ], [ -70.72, 2.75 ], [ -70.72, 2.78 ], [ -70.72, 2.79 ], [ -70.72, 2.8 ], [ -70.73, 2.79 ], [ -70.74, 2.78 ], [ -70.75, 2.77 ], [ -70.76, 2.77 ], [ -70.78, 2.77 ], [ -70.8, 2.76 ], [ -70.81, 2.76 ], [ -70.81, 2.77 ], [ -70.8, 2.78 ], [ -70.79, 2.78 ], [ -70.8, 2.79 ], [ -70.8, 2.8 ], [ -70.81, 2.81 ], [ -70.82, 2.81 ], [ -70.84, 2.8 ], [ -70.85, 2.8 ], [ -70.86, 2.78 ], [ -70.87, 2.78 ], [ -70.87, 2.79 ], [ -70.88, 2.79 ], [ -70.89, 2.8 ], [ -70.9, 2.81 ], [ -70.91, 2.85 ], [ -70.93, 2.86 ], [ -70.94, 2.86 ], [ -70.94, 2.85 ], [ -70.94, 2.84 ], [ -70.94, 2.83 ], [ -70.93, 2.82 ], [ -70.93, 2.79 ], [ -70.94, 2.79 ], [ -70.95, 2.79 ], [ -70.96, 2.8 ], [ -70.95, 2.82 ], [ -70.95, 2.83 ], [ -70.95, 2.84 ], [ -70.96, 2.84 ], [ -70.98, 2.83 ], [ -70.99, 2.83 ], [ -71.0, 2.84 ], [ -71.01, 2.85 ], [ -71.01, 2.86 ], [ -71.02, 2.86 ], [ -71.02, 2.85 ], [ -71.03, 2.85 ], [ -71.06, 2.85 ], [ -71.06, 2.86 ], [ -71.07, 2.87 ], [ -71.08, 2.88 ], [ -71.09, 2.88 ], [ -71.1, 2.87 ], [ -71.12, 2.88 ], [ -71.14, 2.9 ], [ -71.14, 2.88 ], [ -71.15, 2.87 ], [ -71.16, 2.87 ], [ -71.16, 2.88 ], [ -71.18, 2.9 ], [ -71.19, 2.89 ], [ -71.21, 2.89 ], [ -71.22, 2.87 ], [ -71.24, 2.86 ], [ -71.25, 2.86 ], [ -71.25, 2.87 ], [ -71.25, 2.88 ], [ -71.26, 2.89 ], [ -71.27, 2.88 ], [ -71.28, 2.87 ], [ -71.29, 2.87 ], [ -71.3, 2.88 ], [ -71.3, 2.91 ], [ -71.31, 2.92 ], [ -71.33, 2.92 ], [ -71.33, 2.91 ], [ -71.33, 2.9 ], [ -71.34, 2.87 ], [ -71.35, 2.86 ], [ -71.36, 2.86 ], [ -71.36, 2.88 ], [ -71.36, 2.89 ], [ -71.37, 2.89 ], [ -71.38, 2.89 ], [ -71.38, 2.88 ], [ -71.38, 2.87 ], [ -71.38, 2.85 ], [ -71.39, 2.84 ], [ -71.4, 2.85 ], [ -71.42, 2.87 ], [ -71.43, 2.87 ], [ -71.44, 2.88 ], [ -71.46, 2.9 ], [ -71.47, 2.9 ], [ -71.47, 2.89 ], [ -71.46, 2.86 ], [ -71.47, 2.86 ], [ -71.47, 2.85 ], [ -71.48, 2.85 ], [ -71.49, 2.87 ], [ -71.52, 2.88 ], [ -71.53, 2.88 ], [ -71.54, 2.86 ], [ -71.55, 2.86 ], [ -71.56, 2.87 ], [ -71.58, 2.87 ], [ -71.58, 2.86 ], [ -71.57, 2.85 ], [ -71.58, 2.84 ], [ -71.6, 2.85 ], [ -71.61, 2.85 ], [ -71.63, 2.84 ], [ -71.63, 2.83 ], [ -71.65, 2.82 ], [ -71.67, 2.82 ], [ -71.67, 2.83 ], [ -71.66, 2.85 ], [ -71.66, 2.86 ], [ -71.66, 2.87 ], [ -71.67, 2.87 ], [ -71.68, 2.87 ], [ -71.68, 2.85 ], [ -71.69, 2.84 ], [ -71.7, 2.84 ], [ -71.73, 2.86 ], [ -71.74, 2.88 ], [ -71.76, 2.9 ], [ -71.77, 2.9 ], [ -71.77, 2.89 ], [ -71.77, 2.88 ], [ -71.76, 2.87 ], [ -71.76, 2.86 ], [ -71.76, 2.85 ], [ -71.77, 2.83 ], [ -71.78, 2.82 ], [ -71.79, 2.82 ], [ -71.79, 2.84 ], [ -71.78, 2.85 ], [ -71.78, 2.86 ], [ -71.79, 2.87 ], [ -71.8, 2.88 ], [ -71.82, 2.88 ], [ -71.85, 2.87 ], [ -71.83, 2.87 ], [ -71.82, 2.87 ], [ -71.82, 2.86 ], [ -71.83, 2.84 ], [ -71.85, 2.84 ], [ -71.86, 2.84 ], [ -71.91, 2.83 ], [ -71.92, 2.83 ], [ -71.94, 2.83 ], [ -71.95, 2.83 ], [ -71.97, 2.82 ], [ -71.98, 2.8 ], [ -71.99, 2.82 ], [ -72.0, 2.83 ], [ -72.03, 2.83 ], [ -72.05, 2.82 ], [ -72.06, 2.82 ], [ -72.08, 2.83 ], [ -72.1, 2.84 ], [ -72.1, 2.85 ], [ -72.11, 2.88 ], [ -72.12, 2.89 ], [ -72.13, 2.89 ], [ -72.14, 2.89 ], [ -72.14, 2.87 ], [ -72.14, 2.86 ], [ -72.16, 2.87 ], [ -72.18, 2.87 ], [ -72.19, 2.87 ], [ -72.2, 2.87 ], [ -72.21, 2.84 ], [ -72.21, 2.81 ], [ -72.19, 2.8 ], [ -72.18, 2.79 ], [ -72.19, 2.78 ], [ -72.19, 2.77 ], [ -72.2, 2.77 ], [ -72.22, 2.78 ], [ -72.23, 2.79 ], [ -72.24, 2.8 ], [ -72.24, 2.81 ], [ -72.25, 2.82 ], [ -72.26, 2.82 ], [ -72.27, 2.82 ], [ -72.27, 2.81 ], [ -72.27, 2.8 ], [ -72.27, 2.79 ], [ -72.27, 2.78 ], [ -72.28, 2.78 ], [ -72.29, 2.77 ], [ -72.3, 2.78 ], [ -72.31, 2.79 ], [ -72.31, 2.8 ], [ -72.34, 2.8 ], [ -72.35, 2.79 ], [ -72.36, 2.78 ], [ -72.38, 2.74 ], [ -72.39, 2.74 ], [ -72.41, 2.73 ], [ -72.42, 2.73 ], [ -72.43, 2.74 ], [ -72.44, 2.73 ], [ -72.47, 2.73 ], [ -72.47, 2.72 ], [ -72.46, 2.72 ], [ -72.46, 2.7 ], [ -72.47, 2.7 ], [ -72.47, 2.69 ], [ -72.48, 2.69 ], [ -72.51, 2.69 ], [ -72.52, 2.7 ], [ -72.53, 2.7 ], [ -72.54, 2.7 ], [ -72.54, 2.69 ], [ -72.54, 2.68 ], [ -72.55, 2.68 ], [ -72.57, 2.68 ], [ -72.57, 2.67 ], [ -72.57, 2.66 ], [ -72.55, 2.66 ], [ -72.56, 2.65 ], [ -72.58, 2.65 ], [ -72.59, 2.64 ], [ -72.59, 2.63 ], [ -72.58, 2.61 ], [ -72.58, 2.59 ], [ -72.59, 2.58 ], [ -72.6, 2.59 ], [ -72.6, 2.6 ], [ -72.6, 2.61 ], [ -72.6, 2.62 ], [ -72.61, 2.62 ], [ -72.62, 2.63 ], [ -72.63, 2.63 ], [ -72.64, 2.61 ], [ -72.65, 2.6 ], [ -72.64, 2.58 ], [ -72.65, 2.58 ], [ -72.65, 2.57 ], [ -72.66, 2.57 ], [ -72.66, 2.59 ], [ -72.67, 2.61 ], [ -72.67, 2.62 ], [ -72.68, 2.62 ], [ -72.69, 2.62 ], [ -72.7, 2.62 ], [ -72.72, 2.58 ], [ -72.74, 2.57 ], [ -72.76, 2.57 ], [ -72.79, 2.59 ], [ -72.79, 2.61 ], [ -72.8, 2.61 ], [ -72.81, 2.61 ], [ -72.82, 2.61 ], [ -72.85, 2.6 ], [ -72.87, 2.58 ], [ -72.88, 2.58 ], [ -72.89, 2.57 ], [ -72.9, 2.56 ], [ -72.91, 2.57 ], [ -72.92, 2.56 ], [ -72.92, 2.55 ], [ -72.92, 2.53 ], [ -72.93, 2.53 ], [ -72.93, 2.52 ], [ -72.95, 2.52 ], [ -72.96, 2.51 ], [ -72.96, 2.5 ], [ -72.95, 2.5 ], [ -72.94, 2.5 ], [ -72.93, 2.5 ], [ -72.93, 2.48 ], [ -72.93, 2.47 ], [ -72.93, 2.46 ], [ -72.94, 2.47 ], [ -72.95, 2.48 ], [ -72.96, 2.48 ], [ -72.97, 2.47 ], [ -72.97, 2.46 ], [ -72.96, 2.45 ], [ -72.97, 2.45 ], [ -72.98, 2.45 ], [ -72.99, 2.45 ], [ -72.99, 2.44 ], [ -73.01, 2.43 ], [ -73.03, 2.41 ], [ -73.04, 2.41 ], [ -73.04, 2.43 ], [ -73.04, 2.44 ], [ -73.05, 2.44 ], [ -73.05, 2.43 ], [ -73.07, 2.43 ], [ -73.07, 2.42 ], [ -73.08, 2.41 ], [ -73.09, 2.4 ], [ -73.11, 2.38 ], [ -73.12, 2.41 ], [ -73.13, 2.41 ], [ -73.14, 2.4 ], [ -73.14, 2.39 ], [ -73.13, 2.39 ], [ -73.12, 2.38 ], [ -73.13, 2.38 ], [ -73.14, 2.38 ], [ -73.15, 2.37 ], [ -73.16, 2.37 ], [ -73.17, 2.37 ], [ -73.16, 2.39 ], [ -73.17, 2.4 ], [ -73.18, 2.4 ], [ -73.19, 2.39 ], [ -73.2, 2.38 ], [ -73.22, 2.39 ], [ -73.23, 2.39 ], [ -73.24, 2.39 ], [ -73.25, 2.38 ], [ -73.27, 2.38 ], [ -73.26, 2.37 ], [ -73.25, 2.37 ], [ -73.24, 2.37 ], [ -73.24, 2.36 ], [ -73.24, 2.35 ], [ -73.25, 2.35 ], [ -73.26, 2.36 ], [ -73.27, 2.36 ], [ -73.28, 2.35 ], [ -73.3, 2.34 ], [ -73.31, 2.34 ], [ -73.32, 2.36 ], [ -73.33, 2.36 ], [ -73.34, 2.36 ], [ -73.33, 2.34 ], [ -73.33, 2.33 ], [ -73.34, 2.33 ], [ -73.36, 2.32 ], [ -73.36, 2.33 ], [ -73.35, 2.34 ], [ -73.35, 2.35 ], [ -73.35, 2.36 ], [ -73.36, 2.37 ], [ -73.37, 2.36 ], [ -73.37, 2.33 ], [ -73.38, 2.32 ], [ -73.39, 2.32 ], [ -73.39, 2.33 ], [ -73.4, 2.33 ], [ -73.39, 2.34 ], [ -73.39, 2.35 ], [ -73.4, 2.35 ], [ -73.41, 2.36 ], [ -73.42, 2.35 ], [ -73.42, 2.34 ], [ -73.43, 2.33 ], [ -73.44, 2.33 ], [ -73.44, 2.34 ], [ -73.43, 2.35 ], [ -73.43, 2.36 ], [ -73.44, 2.38 ], [ -73.44, 2.39 ], [ -73.46, 2.38 ], [ -73.45, 2.35 ], [ -73.45, 2.34 ], [ -73.46, 2.34 ], [ -73.46, 2.36 ], [ -73.47, 2.36 ], [ -73.49, 2.36 ], [ -73.5, 2.36 ], [ -73.51, 2.36 ], [ -73.51, 2.35 ], [ -73.52, 2.37 ], [ -73.52, 2.38 ], [ -73.53, 2.39 ], [ -73.54, 2.38 ], [ -73.56, 2.37 ], [ -73.57, 2.36 ], [ -73.58, 2.36 ], [ -73.59, 2.36 ], [ -73.59, 2.37 ], [ -73.58, 2.38 ], [ -73.58, 2.39 ], [ -73.59, 2.39 ], [ -73.6, 2.38 ], [ -73.62, 2.38 ], [ -73.63, 2.36 ], [ -73.63, 2.35 ], [ -73.62, 2.35 ], [ -73.61, 2.34 ], [ -73.62, 2.33 ], [ -73.63, 2.33 ], [ -73.63, 2.3 ], [ -73.63, 2.29 ], [ -73.64, 2.28 ], [ -73.65, 2.29 ], [ -73.66, 2.29 ], [ -73.66, 1.62 ] ], [ [ -71.54, 1.13 ], [ -71.56, 1.14 ], [ -71.56, 1.16 ], [ -71.54, 1.16 ], [ -71.53, 1.16 ], [ -71.53, 1.15 ], [ -71.54, 1.13 ] ], [ [ -73.51, 2.35 ], [ -73.5, 2.34 ], [ -73.51, 2.33 ], [ -73.52, 2.34 ], [ -73.51, 2.35 ] ] ], [ [ [ -70.5, 2.26 ], [ -70.5, 2.25 ], [ -70.49, 2.25 ], [ -70.49, 2.26 ], [ -70.5, 2.26 ] ] ], [ [ [ -70.87, 2.81 ], [ -70.86, 2.81 ], [ -70.86, 2.82 ], [ -70.85, 2.82 ], [ -70.86, 2.83 ], [ -70.88, 2.85 ], [ -70.88, 2.84 ], [ -70.88, 2.83 ], [ -70.87, 2.81 ] ] ], [ [ [ -73.22, 2.39 ], [ -73.21, 2.4 ], [ -73.22, 2.41 ], [ -73.22, 2.39 ] ] ] ] } },
{ "type": "Feature", "properties": { "coddepto": 5 }, "geometry": { "type": "MultiPolygon", "coordinates": [ [ [ [ -76.93, 8.54 ], [ -76.92, 8.54 ], [ -76.91, 8.54 ], [ -76.91, 8.53 ], [ -76.89, 8.53 ], [ -76.85, 8.51 ], [ -76.83, 8.5 ], [ -76.81, 8.48 ], [ -76.8, 8.47 ], [ -76.8, 8.45 ], [ -76.79, 8.43 ], [ -76.79, 8.42 ], [ -76.77, 8.42 ], [ -76.77, 8.41 ], [ -76.76, 8.4 ], [ -76.76, 8.38 ], [ -76.76, 8.35 ], [ -76.75, 8.34 ], [ -76.75, 8.32 ], [ -76.76, 8.31 ], [ -76.77, 8.27 ], [ -76.77, 8.26 ], [ -76.76, 8.25 ], [ -76.76, 8.24 ], [ -76.75, 8.24 ], [ -76.75, 8.22 ], [ -76.75, 8.21 ], [ -76.75, 8.2 ], [ -76.74, 8.17 ], [ -76.74, 8.14 ], [ -76.76, 8.12 ], [ -76.75, 8.11 ], [ -76.74, 8.1 ], [ -76.74, 8.09 ], [ -76.74, 8.07 ], [ -76.73, 8.07 ], [ -76.73, 8.08 ], [ -76.72, 8.08 ], [ -76.72, 8.07 ], [ -76.71, 8.06 ], [ -76.72, 8.05 ], [ -76.72, 8.04 ], [ -76.73, 8.04 ], [ -76.73, 8.03 ], [ -76.74, 8.02 ], [ -76.74, 8.01 ], [ -76.74, 8.0 ], [ -76.73, 8.0 ], [ -76.73, 7.98 ], [ -76.73, 7.97 ], [ -76.75, 7.96 ], [ -76.74, 7.95 ], [ -76.74, 7.94 ], [ -76.75, 7.94 ], [ -76.75, 7.93 ], [ -76.75, 7.92 ], [ -76.76, 7.91 ], [ -76.77, 7.91 ], [ -76.82, 7.9 ], [ -76.86, 7.9 ], [ -76.87, 7.9 ], [ -76.89, 7.91 ], [ -76.91, 7.91 ], [ -76.92, 7.92 ], [ -76.93, 7.93 ], [ -76.93, 7.94 ], [ -76.93, 7.97 ], [ -76.93, 7.99 ], [ -76.92, 8.0 ], [ -76.93, 8.01 ], [ -76.93, 8.02 ], [ -76.92, 8.02 ], [ -76.92, 8.03 ], [ -76.91, 8.04 ], [ -76.9, 8.05 ], [ -76.89, 8.05 ], [ -76.88, 8.04 ], [ -76.87, 8.03 ], [ -76.86, 8.02 ], [ -76.85, 8.02 ], [ -76.84, 8.02 ], [ -76.85, 8.03 ], [ -76.86, 8.04 ], [ -76.87, 8.05 ], [ -76.87, 8.06 ], [ -76.87, 8.07 ], [ -76.86, 8.07 ], [ -76.86, 8.08 ], [ -76.84, 8.08 ], [ -76.83, 8.08 ], [ -76.83, 8.09 ], [ -76.84, 8.1 ], [ -76.84, 8.09 ], [ -76.85, 8.09 ], [ -76.86, 8.09 ], [ -76.85, 8.1 ], [ -76.85, 8.11 ], [ -76.85, 8.12 ], [ -76.84, 8.12 ], [ -76.84, 8.13 ], [ -76.83, 8.12 ], [ -76.82, 8.13 ], [ -76.82, 8.14 ], [ -76.83, 8.14 ], [ -76.84, 8.14 ], [ -76.88, 8.13 ], [ -76.89, 8.13 ], [ -76.89, 8.12 ], [ -76.89, 8.11 ], [ -76.9, 8.11 ], [ -76.9, 8.1 ], [ -76.93, 8.09 ], [ -76.93, 8.1 ], [ -76.94, 8.1 ], [ -76.94, 8.09 ], [ -76.94, 8.06 ], [ -76.95, 8.05 ], [ -76.96, 8.04 ], [ -76.97, 8.03 ], [ -76.99, 8.03 ], [ -76.99, 8.02 ], [ -77.01, 7.99 ], [ -77.01, 7.97 ], [ -77.0, 7.96 ], [ -77.01, 7.95 ], [ -77.02, 7.95 ], [ -77.01, 7.94 ], [ -77.01, 7.93 ], [ -77.03, 7.88 ], [ -77.05, 7.86 ], [ -77.06, 7.85 ], [ -77.08, 7.85 ], [ -77.09, 7.83 ], [ -77.1, 7.83 ], [ -77.11, 7.82 ], [ -77.12, 7.83 ], [ -77.13, 7.83 ], [ -77.13, 7.82 ], [ -77.12, 7.81 ], [ -77.12, 7.79 ], [ -77.12, 7.78 ], [ -77.04, 7.7 ], [ -77.0, 7.67 ], [ -76.96, 7.64 ], [ -76.94, 7.59 ], [ -76.94, 7.58 ], [ -76.9, 7.58 ], [ -76.83, 7.58 ], [ -76.8, 7.57 ], [ -76.66, 7.45 ], [ -76.62, 7.32 ], [ -76.61, 7.31 ], [ -76.6, 7.31 ], [ -76.6, 7.3 ], [ -76.59, 7.3 ], [ -76.58, 7.3 ], [ -76.57, 7.29 ], [ -76.57, 7.28 ], [ -76.56, 7.27 ], [ -76.55, 7.26 ], [ -76.54, 7.26 ], [ -76.53, 7.26 ], [ -76.52, 7.24 ], [ -76.52, 7.23 ], [ -76.52, 7.22 ], [ -76.51, 7.21 ], [ -76.51, 7.2 ], [ -76.5, 7.19 ], [ -76.51, 7.19 ], [ -76.51, 7.18 ], [ -76.5, 7.18 ], [ -76.5, 7.17 ], [ -76.5, 7.16 ], [ -76.5, 7.15 ], [ -76.49, 7.14 ], [ -76.49, 7.13 ], [ -76.5, 7.14 ], [ -76.51, 7.14 ], [ -76.51, 7.13 ], [ -76.51, 7.11 ], [ -76.53, 7.11 ], [ -76.52, 7.1 ], [ -76.53, 7.1 ], [ -76.53, 7.09 ], [ -76.53, 7.08 ], [ -76.54, 7.07 ], [ -76.53, 7.06 ], [ -76.53, 7.05 ], [ -76.54, 7.05 ], [ -76.54, 7.04 ], [ -76.55, 7.02 ], [ -76.55, 7.01 ], [ -76.55, 7.0 ], [ -76.55, 6.99 ], [ -76.56, 6.99 ], [ -76.57, 6.98 ], [ -76.58, 6.98 ], [ -76.58, 6.99 ], [ -76.59, 7.0 ], [ -76.59, 7.01 ], [ -76.6, 7.01 ], [ -76.61, 7.01 ], [ -76.62, 7.02 ], [ -76.62, 7.01 ], [ -76.63, 7.02 ], [ -76.64, 7.01 ], [ -76.65, 7.01 ], [ -76.66, 7.02 ], [ -76.67, 7.02 ], [ -76.68, 7.03 ], [ -76.68, 7.02 ], [ -76.71, 7.02 ], [ -76.82, 7.01 ], [ -76.83, 7.0 ], [ -76.84, 6.99 ], [ -76.83, 6.99 ], [ -76.83, 6.98 ], [ -76.82, 6.98 ], [ -76.82, 6.97 ], [ -76.82, 6.96 ], [ -76.81, 6.96 ], [ -76.81, 6.95 ], [ -76.8, 6.95 ], [ -76.8, 6.93 ], [ -76.8, 6.9 ], [ -76.79, 6.9 ], [ -76.79, 6.89 ], [ -76.79, 6.88 ], [ -76.79, 6.87 ], [ -76.8, 6.86 ], [ -76.81, 6.86 ], [ -76.82, 6.86 ], [ -76.83, 6.86 ], [ -76.83, 6.85 ], [ -76.82, 6.85 ], [ -76.82, 6.84 ], [ -76.83, 6.84 ], [ -76.84, 6.84 ], [ -76.84, 6.83 ], [ -76.85, 6.84 ], [ -76.86, 6.85 ], [ -76.87, 6.84 ], [ -76.88, 6.85 ], [ -76.89, 6.85 ], [ -76.89, 6.84 ], [ -76.9, 6.84 ], [ -76.91, 6.84 ], [ -76.91, 6.85 ], [ -76.92, 6.85 ], [ -76.92, 6.84 ], [ -76.93, 6.81 ], [ -76.94, 6.82 ], [ -76.96, 6.82 ], [ -76.97, 6.81 ], [ -76.97, 6.8 ], [ -76.96, 6.79 ], [ -76.97, 6.78 ], [ -76.96, 6.76 ], [ -76.97, 6.74 ], [ -76.96, 6.74 ], [ -76.96, 6.72 ], [ -76.94, 6.72 ], [ -76.93, 6.71 ], [ -76.94, 6.71 ], [ -76.95, 6.69 ], [ -76.96, 6.69 ], [ -76.96, 6.68 ], [ -76.95, 6.68 ], [ -76.94, 6.68 ], [ -76.94, 6.65 ], [ -76.93, 6.65 ], [ -76.92, 6.65 ], [ -76.92, 6.66 ], [ -76.91, 6.67 ], [ -76.9, 6.67 ], [ -76.9, 6.66 ], [ -76.91, 6.65 ], [ -76.91, 6.64 ], [ -76.91, 6.63 ], [ -76.9, 6.62 ], [ -76.88, 6.63 ], [ -76.87, 6.63 ], [ -76.86, 6.63 ], [ -76.86, 6.62 ], [ -76.86, 6.61 ], [ -76.87, 6.61 ], [ -76.88, 6.61 ], [ -76.89, 6.61 ], [ -76.9, 6.59 ], [ -76.9, 6.58 ], [ -76.89, 6.57 ], [ -76.89, 6.56 ], [ -76.88, 6.56 ], [ -76.87, 6.57 ], [ -76.86, 6.57 ], [ -76.85, 6.56 ], [ -76.85, 6.53 ], [ -76.84, 6.52 ], [ -76.83, 6.53 ], [ -76.82, 6.53 ], [ -76.82, 6.51 ], [ -76.82, 6.49 ], [ -76.81, 6.49 ], [ -76.81, 6.51 ], [ -76.8, 6.51 ], [ -76.79, 6.5 ], [ -76.78, 6.49 ], [ -76.77, 6.48 ], [ -76.77, 6.47 ], [ -76.78, 6.47 ], [ -76.78, 6.46 ], [ -76.79, 6.45 ], [ -76.8, 6.44 ], [ -76.79, 6.43 ], [ -76.78, 6.43 ], [ -76.79, 6.42 ], [ -76.8, 6.42 ], [ -76.8, 6.41 ], [ -76.79, 6.41 ], [ -76.77, 6.4 ], [ -76.77, 6.39 ], [ -76.77, 6.38 ], [ -76.78, 6.38 ], [ -76.79, 6.38 ], [ -76.79, 6.37 ], [ -76.77, 6.37 ], [ -76.77, 6.36 ], [ -76.78, 6.36 ], [ -76.79, 6.35 ], [ -76.79, 6.34 ], [ -76.78, 6.34 ], [ -76.78, 6.33 ], [ -76.79, 6.33 ], [ -76.79, 6.32 ], [ -76.78, 6.31 ], [ -76.78, 6.3 ], [ -76.78, 6.29 ], [ -76.76, 6.29 ], [ -76.75, 6.28 ], [ -76.75, 6.27 ], [ -76.76, 6.26 ], [ -76.76, 6.25 ], [ -76.75, 6.24 ], [ -76.73, 6.24 ], [ -76.72, 6.24 ], [ -76.73, 6.23 ], [ -76.72, 6.22 ], [ -76.72, 6.2 ], [ -76.71, 6.19 ], [ -76.72, 6.18 ], [ -76.72, 6.17 ], [ -76.7, 6.17 ], [ -76.69, 6.16 ], [ -76.68, 6.17 ], [ -76.67, 6.17 ], [ -76.66, 6.17 ], [ -76.64, 6.17 ], [ -76.63, 6.18 ], [ -76.62, 6.18 ], [ -76.62, 6.19 ], [ -76.6, 6.19 ], [ -76.59, 6.19 ], [ -76.58, 6.19 ], [ -76.57, 6.19 ], [ -76.56, 6.18 ], [ -76.55, 6.18 ], [ -76.53, 6.18 ], [ -76.52, 6.18 ], [ -76.51, 6.17 ], [ -76.5, 6.17 ], [ -76.49, 6.17 ], [ -76.48, 6.16 ], [ -76.48, 6.17 ], [ -76.47, 6.18 ], [ -76.45, 6.17 ], [ -76.44, 6.17 ], [ -76.43, 6.17 ], [ -76.42, 6.17 ], [ -76.41, 6.17 ], [ -76.41, 6.18 ], [ -76.41, 6.19 ], [ -76.39, 6.19 ], [ -76.38, 6.19 ], [ -76.36, 6.19 ], [ -76.35, 6.2 ], [ -76.33, 6.2 ], [ -76.31, 6.2 ], [ -76.3, 6.2 ], [ -76.29, 6.19 ], [ -76.26, 6.21 ], [ -76.25, 6.2 ], [ -76.24, 6.21 ], [ -76.23, 6.19 ], [ -76.22, 6.19 ], [ -76.21, 6.19 ], [ -76.21, 6.18 ], [ -76.21, 6.17 ], [ -76.2, 6.16 ], [ -76.21, 6.15 ], [ -76.2, 6.14 ], [ -76.2, 6.12 ], [ -76.2, 6.11 ], [ -76.2, 6.08 ], [ -76.19, 6.06 ], [ -76.18, 6.05 ], [ -76.17, 6.04 ], [ -76.17, 6.03 ], [ -76.17, 6.02 ], [ -76.17, 6.01 ], [ -76.16, 6.0 ], [ -76.15, 6.0 ], [ -76.14, 6.0 ], [ -76.13, 6.0 ], [ -76.12, 6.02 ], [ -76.11, 6.02 ], [ -76.1, 6.02 ], [ -76.1, 6.0 ], [ -76.09, 6.0 ], [ -76.09, 5.99 ], [ -76.08, 5.99 ], [ -76.07, 5.98 ], [ -76.07, 5.96 ], [ -76.05, 5.95 ], [ -76.06, 5.94 ], [ -76.05, 5.93 ], [ -76.06, 5.92 ], [ -76.06, 5.91 ], [ -76.06, 5.9 ], [ -76.06, 5.89 ], [ -76.07, 5.89 ], [ -76.08, 5.88 ], [ -76.08, 5.87 ], [ -76.1, 5.85 ], [ -76.1, 5.83 ], [ -76.09, 5.82 ], [ -76.08, 5.82 ], [ -76.08, 5.81 ], [ -76.08, 5.8 ], [ -76.09, 5.8 ], [ -76.09, 5.79 ], [ -76.07, 5.78 ], [ -76.08, 5.77 ], [ -76.07, 5.76 ], [ -76.06, 5.76 ], [ -76.06, 5.75 ], [ -76.07, 5.74 ], [ -76.06, 5.73 ], [ -76.07, 5.72 ], [ -76.08, 5.71 ], [ -76.08, 5.7 ], [ -76.09, 5.69 ], [ -76.08, 5.68 ], [ -76.07, 5.67 ], [ -76.05, 5.66 ], [ -76.04, 5.65 ], [ -76.03, 5.64 ], [ -76.02, 5.64 ], [ -76.01, 5.63 ], [ -76.01, 5.62 ], [ -76.01, 5.61 ], [ -76.0, 5.6 ], [ -76.01, 5.59 ], [ -76.01, 5.58 ], [ -76.01, 5.57 ], [ -76.01, 5.56 ], [ -76.0, 5.56 ], [ -76.0, 5.54 ], [ -75.99, 5.54 ], [ -75.99, 5.53 ], [ -75.98, 5.52 ], [ -75.97, 5.51 ], [ -75.96, 5.51 ], [ -75.95, 5.51 ], [ -75.93, 5.51 ], [ -75.93, 5.5 ], [ -75.92, 5.49 ], [ -75.91, 5.49 ], [ -75.91, 5.48 ], [ -75.89, 5.48 ], [ -75.88, 5.48 ], [ -75.88, 5.49 ], [ -75.87, 5.49 ], [ -75.87, 5.5 ], [ -75.86, 5.5 ], [ -75.85, 5.49 ], [ -75.83, 5.49 ], [ -75.83, 5.5 ], [ -75.82, 5.51 ], [ -75.81, 5.51 ], [ -75.81, 5.52 ], [ -75.8, 5.53 ], [ -75.79, 5.54 ], [ -75.78, 5.54 ], [ -75.77, 5.54 ], [ -75.76, 5.55 ], [ -75.75, 5.55 ], [ -75.74, 5.55 ], [ -75.73, 5.56 ], [ -75.72, 5.55 ], [ -75.71, 5.54 ], [ -75.7, 5.54 ], [ -75.7, 5.53 ], [ -75.69, 5.53 ], [ -75.69, 5.52 ], [ -75.68, 5.53 ], [ -75.67, 5.53 ], [ -75.66, 5.53 ], [ -75.65, 5.53 ], [ -75.64, 5.53 ], [ -75.63, 5.53 ], [ -75.62, 5.53 ], [ -75.6, 5.52 ], [ -75.59, 5.52 ], [ -75.58, 5.52 ], [ -75.57, 5.52 ], [ -75.57, 5.54 ], [ -75.58, 5.55 ], [ -75.58, 5.58 ], [ -75.58, 5.59 ], [ -75.58, 5.61 ], [ -75.58, 5.62 ], [ -75.58, 5.63 ], [ -75.59, 5.64 ], [ -75.58, 5.66 ], [ -75.57, 5.66 ], [ -75.58, 5.67 ], [ -75.59, 5.67 ], [ -75.6, 5.68 ], [ -75.6, 5.7 ], [ -75.6, 5.71 ], [ -75.6, 5.72 ], [ -75.6, 5.74 ], [ -75.59, 5.73 ], [ -75.58, 5.73 ], [ -75.57, 5.72 ], [ -75.55, 5.72 ], [ -75.54, 5.72 ], [ -75.54, 5.71 ], [ -75.54, 5.7 ], [ -75.54, 5.69 ], [ -75.53, 5.69 ], [ -75.52, 5.69 ], [ -75.51, 5.68 ], [ -75.5, 5.69 ], [ -75.49, 5.68 ], [ -75.49, 5.67 ], [ -75.48, 5.66 ], [ -75.47, 5.67 ], [ -75.46, 5.67 ], [ -75.45, 5.68 ], [ -75.44, 5.69 ], [ -75.43, 5.69 ], [ -75.43, 5.7 ], [ -75.42, 5.7 ], [ -75.41, 5.69 ], [ -75.41, 5.68 ], [ -75.4, 5.68 ], [ -75.38, 5.68 ], [ -75.38, 5.67 ], [ -75.37, 5.66 ], [ -75.37, 5.65 ], [ -75.37, 5.64 ], [ -75.37, 5.63 ], [ -75.38, 5.63 ], [ -75.38, 5.62 ], [ -75.38, 5.61 ], [ -75.37, 5.61 ], [ -75.37, 5.6 ], [ -75.35, 5.6 ], [ -75.34, 5.6 ], [ -75.34, 5.59 ], [ -75.34, 5.58 ], [ -75.34, 5.57 ], [ -75.33, 5.56 ], [ -75.33, 5.55 ], [ -75.33, 5.54 ], [ -75.33, 5.53 ], [ -75.33, 5.52 ], [ -75.32, 5.52 ], [ -75.31, 5.51 ], [ -75.31, 5.5 ], [ -75.32, 5.49 ], [ -75.32, 5.48 ], [ -75.31, 5.48 ], [ -75.31, 5.47 ], [ -75.3, 5.47 ], [ -75.29, 5.47 ], [ -75.28, 5.47 ], [ -75.29, 5.46 ], [ -75.29, 5.45 ], [ -75.28, 5.44 ], [ -75.28, 5.42 ], [ -75.25, 5.45 ], [ -75.25, 5.46 ], [ -75.24, 5.46 ], [ -75.24, 5.48 ], [ -75.23, 5.48 ], [ -75.23, 5.49 ], [ -75.22, 5.5 ], [ -75.21, 5.51 ], [ -75.2, 5.52 ], [ -75.19, 5.52 ], [ -75.18, 5.52 ], [ -75.15, 5.53 ], [ -75.14, 5.53 ], [ -75.13, 5.54 ], [ -75.13, 5.55 ], [ -75.12, 5.56 ], [ -75.12, 5.57 ], [ -75.11, 5.57 ], [ -75.1, 5.57 ], [ -75.1, 5.58 ], [ -75.09, 5.59 ], [ -75.09, 5.6 ], [ -75.1, 5.6 ], [ -75.1, 5.61 ], [ -75.09, 5.61 ], [ -75.09, 5.62 ], [ -75.09, 5.63 ], [ -75.1, 5.63 ], [ -75.1, 5.64 ], [ -75.09, 5.66 ], [ -75.08, 5.66 ], [ -75.06, 5.67 ], [ -75.05, 5.67 ], [ -75.05, 5.66 ], [ -75.04, 5.67 ], [ -75.03, 5.67 ], [ -75.03, 5.68 ], [ -75.02, 5.68 ], [ -75.01, 5.68 ], [ -75.0, 5.69 ], [ -75.0, 5.7 ], [ -74.99, 5.71 ], [ -74.99, 5.72 ], [ -74.98, 5.72 ], [ -74.97, 5.72 ], [ -74.96, 5.72 ], [ -74.95, 5.72 ], [ -74.95, 5.73 ], [ -74.94, 5.73 ], [ -74.93, 5.73 ], [ -74.89, 5.74 ], [ -74.88, 5.75 ], [ -74.87, 5.75 ], [ -74.86, 5.74 ], [ -74.85, 5.74 ], [ -74.84, 5.74 ], [ -74.83, 5.73 ], [ -74.83, 5.72 ], [ -74.83, 5.71 ], [ -74.82, 5.71 ], [ -74.81, 5.71 ], [ -74.81, 5.7 ], [ -74.8, 5.7 ], [ -74.79, 5.7 ], [ -74.78, 5.7 ], [ -74.78, 5.69 ], [ -74.77, 5.69 ], [ -74.77, 5.7 ], [ -74.76, 5.7 ], [ -74.75, 5.7 ], [ -74.74, 5.7 ], [ -74.74, 5.71 ], [ -74.73, 5.71 ], [ -74.73, 5.72 ], [ -74.73, 5.74 ], [ -74.72, 5.75 ], [ -74.71, 5.75 ], [ -74.71, 5.76 ], [ -74.71, 5.77 ], [ -74.7, 5.77 ], [ -74.69, 5.78 ], [ -74.68, 5.78 ], [ -74.67, 5.77 ], [ -74.66, 5.77 ], [ -74.66, 5.78 ], [ -74.65, 5.79 ], [ -74.65, 5.81 ], [ -74.65, 5.83 ], [ -74.64, 5.87 ], [ -74.62, 5.88 ], [ -74.61, 5.89 ], [ -74.59, 5.89 ], [ -74.59, 5.9 ], [ -74.58, 5.91 ], [ -74.59, 5.93 ], [ -74.6, 5.93 ], [ -74.61, 5.94 ], [ -74.61, 5.95 ], [ -74.61, 5.96 ], [ -74.61, 5.97 ], [ -74.6, 5.98 ], [ -74.58, 5.98 ], [ -74.57, 5.99 ], [ -74.56, 6.0 ], [ -74.56, 6.01 ], [ -74.57, 6.03 ], [ -74.57, 6.04 ], [ -74.56, 6.07 ], [ -74.56, 6.08 ], [ -74.57, 6.08 ], [ -74.58, 6.08 ], [ -74.58, 6.09 ], [ -74.6, 6.11 ], [ -74.61, 6.13 ], [ -74.61, 6.14 ], [ -74.6, 6.15 ], [ -74.6, 6.16 ], [ -74.59, 6.17 ], [ -74.58, 6.19 ], [ -74.57, 6.19 ], [ -74.57, 6.21 ], [ -74.57, 6.22 ], [ -74.55, 6.25 ], [ -74.54, 6.26 ], [ -74.54, 6.27 ], [ -74.51, 6.28 ], [ -74.5, 6.29 ], [ -74.5, 6.3 ], [ -74.48, 6.31 ], [ -74.47, 6.32 ], [ -74.45, 6.33 ], [ -74.45, 6.34 ], [ -74.44, 6.36 ], [ -74.44, 6.37 ], [ -74.42, 6.39 ], [ -74.39, 6.39 ], [ -74.38, 6.4 ], [ -74.37, 6.41 ], [ -74.37, 6.42 ], [ -74.37, 6.43 ], [ -74.39, 6.44 ], [ -74.4, 6.45 ], [ -74.4, 6.47 ], [ -74.4, 6.48 ], [ -74.4, 6.49 ], [ -74.39, 6.5 ], [ -74.41, 6.54 ], [ -74.4, 6.57 ], [ -74.41, 6.58 ], [ -74.41, 6.59 ], [ -74.39, 6.6 ], [ -74.38, 6.62 ], [ -74.37, 6.62 ], [ -74.36, 6.63 ], [ -74.34, 6.63 ], [ -74.33, 6.63 ], [ -74.31, 6.65 ], [ -74.29, 6.66 ], [ -74.28, 6.66 ], [ -74.27, 6.67 ], [ -74.26, 6.67 ], [ -74.25, 6.68 ], [ -74.24, 6.7 ], [ -74.23, 6.71 ], [ -74.21, 6.72 ], [ -74.19, 6.72 ], [ -74.18, 6.72 ], [ -74.17, 6.73 ], [ -74.16, 6.74 ], [ -74.14, 6.76 ], [ -74.13, 6.76 ], [ -74.12, 6.77 ], [ -74.11, 6.77 ], [ -74.08, 6.82 ], [ -74.08, 6.84 ], [ -74.07, 6.85 ], [ -74.06, 6.86 ], [ -74.04, 6.88 ], [ -74.02, 6.89 ], [ -74.01, 6.91 ], [ -74.01, 6.92 ], [ -74.0, 6.92 ], [ -73.99, 6.93 ], [ -73.96, 6.94 ], [ -73.95, 6.95 ], [ -73.93, 6.96 ], [ -73.93, 6.97 ], [ -73.92, 6.97 ], [ -73.91, 6.98 ], [ -73.89, 7.0 ], [ -73.88, 7.01 ], [ -73.88, 7.02 ], [ -73.88, 7.03 ], [ -73.89, 7.07 ], [ -73.89, 7.08 ], [ -73.91, 7.1 ], [ -73.93, 7.12 ], [ -73.93, 7.13 ], [ -73.93, 7.14 ], [ -73.93, 7.16 ], [ -73.94, 7.18 ], [ -73.92, 7.21 ], [ -73.92, 7.22 ], [ -73.92, 7.23 ], [ -73.92, 7.24 ], [ -73.92, 7.26 ], [ -73.92, 7.27 ], [ -73.92, 7.3 ], [ -74.25, 7.0 ], [ -74.26, 7.0 ], [ -74.26, 7.01 ], [ -74.28, 7.01 ], [ -74.29, 7.01 ], [ -74.3, 7.0 ], [ -74.31, 7.0 ], [ -74.31, 7.01 ], [ -74.32, 7.02 ], [ -74.33, 7.01 ], [ -74.35, 7.01 ], [ -74.35, 7.02 ], [ -74.35, 7.03 ], [ -74.35, 7.06 ], [ -74.35, 7.08 ], [ -74.35, 7.09 ], [ -74.36, 7.09 ], [ -74.37, 7.09 ], [ -74.37, 7.1 ], [ -74.37, 7.11 ], [ -74.37, 7.12 ], [ -74.37, 7.13 ], [ -74.38, 7.13 ], [ -74.38, 7.14 ], [ -74.38, 7.15 ], [ -74.39, 7.16 ], [ -74.39, 7.17 ], [ -74.4, 7.17 ], [ -74.4, 7.19 ], [ -74.41, 7.19 ], [ -74.41, 7.2 ], [ -74.4, 7.21 ], [ -74.41, 7.22 ], [ -74.4, 7.22 ], [ -74.4, 7.23 ], [ -74.4, 7.24 ], [ -74.4, 7.25 ], [ -74.4, 7.26 ], [ -74.39, 7.26 ], [ -74.39, 7.27 ], [ -74.39, 7.28 ], [ -74.39, 7.29 ], [ -74.39, 7.3 ], [ -74.39, 7.31 ], [ -74.4, 7.31 ], [ -74.4, 7.32 ], [ -74.4, 7.33 ], [ -74.4, 7.34 ], [ -74.4, 7.35 ], [ -74.39, 7.35 ], [ -74.39, 7.36 ], [ -74.37, 7.36 ], [ -74.37, 7.37 ], [ -74.36, 7.39 ], [ -74.35, 7.4 ], [ -74.34, 7.41 ], [ -74.34, 7.42 ], [ -74.33, 7.43 ], [ -74.32, 7.43 ], [ -74.32, 7.44 ], [ -74.33, 7.45 ], [ -74.33, 7.46 ], [ -74.35, 7.46 ], [ -74.36, 7.48 ], [ -74.37, 7.48 ], [ -74.37, 7.47 ], [ -74.38, 7.47 ], [ -74.4, 7.46 ], [ -74.41, 7.46 ], [ -74.42, 7.44 ], [ -74.41, 7.44 ], [ -74.42, 7.42 ], [ -74.41, 7.4 ], [ -74.42, 7.39 ], [ -74.43, 7.38 ], [ -74.44, 7.38 ], [ -74.45, 7.38 ], [ -74.45, 7.37 ], [ -74.47, 7.36 ], [ -74.47, 7.35 ], [ -74.48, 7.34 ], [ -74.49, 7.34 ], [ -74.5, 7.35 ], [ -74.51, 7.36 ], [ -74.51, 7.37 ], [ -74.52, 7.38 ], [ -74.53, 7.39 ], [ -74.53, 7.4 ], [ -74.54, 7.41 ], [ -74.55, 7.41 ], [ -74.56, 7.41 ], [ -74.56, 7.43 ], [ -74.57, 7.43 ], [ -74.58, 7.43 ], [ -74.58, 7.44 ], [ -74.58, 7.45 ], [ -74.59, 7.45 ], [ -74.6, 7.46 ], [ -74.6, 7.47 ], [ -74.59, 7.48 ], [ -74.59, 7.49 ], [ -74.59, 7.51 ], [ -74.57, 7.52 ], [ -74.57, 7.53 ], [ -74.57, 7.54 ], [ -74.57, 7.55 ], [ -74.57, 7.58 ], [ -74.57, 7.6 ], [ -74.56, 7.61 ], [ -74.57, 7.62 ], [ -74.56, 7.64 ], [ -74.56, 7.65 ], [ -74.55, 7.65 ], [ -74.54, 7.66 ], [ -74.53, 7.67 ], [ -74.52, 7.67 ], [ -74.52, 7.68 ], [ -74.51, 7.68 ], [ -74.5, 7.68 ], [ -74.49, 7.68 ], [ -74.48, 7.68 ], [ -74.48, 7.7 ], [ -74.48, 7.71 ], [ -74.49, 7.71 ], [ -74.5, 7.71 ], [ -74.5, 7.72 ], [ -74.51, 7.72 ], [ -74.51, 7.74 ], [ -74.51, 7.78 ], [ -74.52, 7.78 ], [ -74.53, 7.78 ], [ -74.52, 7.79 ], [ -74.52, 7.8 ], [ -74.52, 7.81 ], [ -74.52, 7.82 ], [ -74.53, 7.84 ], [ -74.53, 7.85 ], [ -74.52, 7.86 ], [ -74.52, 7.88 ], [ -74.52, 7.9 ], [ -74.53, 7.91 ], [ -74.54, 7.92 ], [ -74.54, 7.93 ], [ -74.54, 7.95 ], [ -74.55, 7.95 ], [ -74.55, 7.96 ], [ -74.56, 7.96 ], [ -74.56, 7.97 ], [ -74.57, 7.98 ], [ -74.58, 7.98 ], [ -74.58, 7.99 ], [ -74.58, 8.0 ], [ -74.59, 8.0 ], [ -74.59, 8.01 ], [ -74.6, 8.02 ], [ -74.6, 8.03 ], [ -74.6, 8.04 ], [ -74.61, 8.03 ], [ -74.63, 8.04 ], [ -74.63, 8.05 ], [ -74.64, 8.06 ], [ -74.65, 8.05 ], [ -74.66, 8.06 ], [ -74.67, 8.06 ], [ -74.67, 8.07 ], [ -74.67, 8.08 ], [ -74.68, 8.08 ], [ -74.69, 8.09 ], [ -74.7, 8.09 ], [ -74.71, 8.09 ], [ -74.71, 8.1 ], [ -74.72, 8.1 ], [ -74.73, 8.12 ], [ -74.74, 8.12 ], [ -74.75, 8.13 ], [ -74.76, 8.13 ], [ -74.76, 8.12 ], [ -74.77, 8.12 ], [ -74.78, 8.13 ], [ -74.79, 8.13 ], [ -74.79, 8.14 ], [ -74.8, 8.15 ], [ -74.8, 8.16 ], [ -74.81, 8.17 ], [ -74.81, 8.18 ], [ -74.82, 8.19 ], [ -74.82, 8.2 ], [ -74.83, 8.2 ], [ -74.87, 8.2 ], [ -74.87, 8.19 ], [ -74.87, 8.18 ], [ -74.87, 8.17 ], [ -74.87, 8.16 ], [ -74.89, 8.13 ], [ -74.89, 8.12 ], [ -74.9, 8.11 ], [ -74.91, 8.1 ], [ -74.92, 8.09 ], [ -74.93, 8.08 ], [ -74.94, 8.08 ], [ -74.95, 8.08 ], [ -74.97, 8.09 ], [ -74.98, 8.08 ], [ -74.99, 8.07 ], [ -75.0, 8.08 ], [ -75.01, 8.07 ], [ -75.02, 8.06 ], [ -75.04, 8.05 ], [ -75.05, 8.04 ], [ -75.06, 8.05 ], [ -75.08, 8.05 ], [ -75.08, 8.06 ], [ -75.09, 8.06 ], [ -75.09, 8.07 ], [ -75.1, 8.07 ], [ -75.1, 8.06 ], [ -75.12, 8.05 ], [ -75.12, 8.04 ], [ -75.13, 8.04 ], [ -75.13, 8.05 ], [ -75.15, 8.05 ], [ -75.16, 8.05 ], [ -75.18, 8.05 ], [ -75.19, 8.05 ], [ -75.2, 8.06 ], [ -75.21, 8.06 ], [ -75.22, 8.06 ], [ -75.23, 8.06 ], [ -75.23, 8.05 ], [ -75.25, 8.04 ], [ -75.24, 8.03 ], [ -75.24, 8.02 ], [ -75.24, 8.01 ], [ -75.25, 8.0 ], [ -75.27, 8.0 ], [ -75.27, 7.99 ], [ -75.28, 7.98 ], [ -75.29, 7.97 ], [ -75.29, 7.96 ], [ -75.3, 7.96 ], [ -75.31, 7.95 ], [ -75.32, 7.94 ], [ -75.32, 7.95 ], [ -75.33, 7.95 ], [ -75.34, 7.95 ], [ -75.34, 7.94 ], [ -75.33, 7.94 ], [ -75.33, 7.93 ], [ -75.34, 7.92 ], [ -75.34, 7.91 ], [ -75.34, 7.9 ], [ -75.34, 7.89 ], [ -75.34, 7.88 ], [ -75.35, 7.87 ], [ -75.36, 7.87 ], [ -75.38, 7.86 ], [ -75.39, 7.86 ], [ -75.4, 7.86 ], [ -75.41, 7.85 ], [ -75.41, 7.84 ], [ -75.42, 7.84 ], [ -75.42, 7.83 ], [ -75.42, 7.82 ], [ -75.43, 7.82 ], [ -75.45, 7.83 ], [ -75.46, 7.83 ], [ -75.47, 7.83 ], [ -75.47, 7.82 ], [ -75.46, 7.81 ], [ -75.45, 7.8 ], [ -75.46, 7.79 ], [ -75.47, 7.78 ], [ -75.48, 7.77 ], [ -75.48, 7.75 ], [ -75.49, 7.73 ], [ -75.5, 7.72 ], [ -75.52, 7.73 ], [ -75.53, 7.72 ], [ -75.54, 7.71 ], [ -75.53, 7.7 ], [ -75.54, 7.69 ], [ -75.54, 7.68 ], [ -75.55, 7.68 ], [ -75.55, 7.67 ], [ -75.55, 7.66 ], [ -75.55, 7.65 ], [ -75.56, 7.64 ], [ -75.55, 7.63 ], [ -75.56, 7.62 ], [ -75.56, 7.63 ], [ -75.57, 7.62 ], [ -75.58, 7.62 ], [ -75.59, 7.61 ], [ -75.59, 7.6 ], [ -75.6, 7.6 ], [ -75.6, 7.59 ], [ -75.61, 7.59 ], [ -75.62, 7.58 ], [ -75.65, 7.59 ], [ -75.67, 7.59 ], [ -75.67, 7.6 ], [ -75.68, 7.6 ], [ -75.68, 7.58 ], [ -75.69, 7.59 ], [ -75.7, 7.58 ], [ -75.71, 7.58 ], [ -75.74, 7.6 ], [ -75.74, 7.61 ], [ -75.75, 7.61 ], [ -75.76, 7.61 ], [ -75.77, 7.6 ], [ -75.76, 7.59 ], [ -75.76, 7.58 ], [ -75.77, 7.57 ], [ -75.77, 7.56 ], [ -75.77, 7.55 ], [ -75.78, 7.54 ], [ -75.77, 7.54 ], [ -75.77, 7.53 ], [ -75.77, 7.52 ], [ -75.78, 7.52 ], [ -75.79, 7.51 ], [ -75.78, 7.5 ], [ -75.78, 7.49 ], [ -75.78, 7.48 ], [ -75.79, 7.48 ], [ -75.79, 7.46 ], [ -75.79, 7.45 ], [ -75.8, 7.45 ], [ -75.81, 7.45 ], [ -75.82, 7.44 ], [ -75.83, 7.44 ], [ -75.83, 7.43 ], [ -75.82, 7.42 ], [ -75.82, 7.41 ], [ -75.83, 7.41 ], [ -75.83, 7.4 ], [ -75.84, 7.39 ], [ -75.83, 7.37 ], [ -75.85, 7.35 ], [ -76.38, 7.39 ], [ -76.4, 7.41 ], [ -76.41, 7.41 ], [ -76.42, 7.42 ], [ -76.42, 7.43 ], [ -76.42, 7.44 ], [ -76.43, 7.45 ], [ -76.44, 7.46 ], [ -76.44, 7.47 ], [ -76.45, 7.48 ], [ -76.45, 7.49 ], [ -76.45, 7.5 ], [ -76.46, 7.51 ], [ -76.46, 7.52 ], [ -76.47, 7.52 ], [ -76.48, 7.53 ], [ -76.48, 7.54 ], [ -76.49, 7.54 ], [ -76.49, 7.55 ], [ -76.5, 7.55 ], [ -76.51, 7.58 ], [ -76.51, 7.59 ], [ -76.51, 7.6 ], [ -76.51, 7.61 ], [ -76.5, 7.62 ], [ -76.5, 7.63 ], [ -76.49, 7.64 ], [ -76.5, 7.65 ], [ -76.49, 7.66 ], [ -76.49, 7.69 ], [ -76.49, 7.7 ], [ -76.49, 7.71 ], [ -76.49, 7.72 ], [ -76.49, 7.73 ], [ -76.5, 7.74 ], [ -76.5, 7.75 ], [ -76.49, 7.76 ], [ -76.48, 7.76 ], [ -76.48, 7.78 ], [ -76.48, 7.8 ], [ -76.48, 7.81 ], [ -76.48, 7.82 ], [ -76.47, 7.84 ], [ -76.47, 7.85 ], [ -76.46, 7.87 ], [ -76.45, 7.88 ], [ -76.45, 7.89 ], [ -76.44, 7.91 ], [ -76.43, 7.91 ], [ -76.42, 7.91 ], [ -76.42, 7.92 ], [ -76.42, 7.93 ], [ -76.42, 7.95 ], [ -76.42, 7.98 ], [ -76.41, 8.01 ], [ -76.43, 8.02 ], [ -76.42, 8.03 ], [ -76.43, 8.04 ], [ -76.43, 8.05 ], [ -76.43, 8.06 ], [ -76.42, 8.06 ], [ -76.42, 8.07 ], [ -76.41, 8.07 ], [ -76.41, 8.08 ], [ -76.41, 8.09 ], [ -76.41, 8.1 ], [ -76.38, 8.11 ], [ -76.37, 8.11 ], [ -76.37, 8.15 ], [ -76.36, 8.15 ], [ -76.35, 8.15 ], [ -76.34, 8.15 ], [ -76.33, 8.15 ], [ -76.33, 8.16 ], [ -76.35, 8.17 ], [ -76.35, 8.18 ], [ -76.35, 8.19 ], [ -76.35, 8.2 ], [ -76.35, 8.21 ], [ -76.34, 8.21 ], [ -76.33, 8.23 ], [ -76.33, 8.24 ], [ -76.33, 8.25 ], [ -76.32, 8.25 ], [ -76.32, 8.26 ], [ -76.31, 8.27 ], [ -76.31, 8.28 ], [ -76.3, 8.28 ], [ -76.3, 8.29 ], [ -76.3, 8.3 ], [ -76.3, 8.31 ], [ -76.29, 8.32 ], [ -76.29, 8.33 ], [ -76.27, 8.35 ], [ -76.25, 8.36 ], [ -76.24, 8.37 ], [ -76.23, 8.38 ], [ -76.21, 8.39 ], [ -76.2, 8.39 ], [ -76.19, 8.39 ], [ -76.18, 8.39 ], [ -76.18, 8.4 ], [ -76.19, 8.41 ], [ -76.2, 8.42 ], [ -76.21, 8.43 ], [ -76.21, 8.44 ], [ -76.22, 8.44 ], [ -76.21, 8.48 ], [ -76.21, 8.52 ], [ -76.23, 8.54 ], [ -76.23, 8.55 ], [ -76.24, 8.55 ], [ -76.24, 8.56 ], [ -76.22, 8.56 ], [ -76.22, 8.57 ], [ -76.24, 8.57 ], [ -76.25, 8.58 ], [ -76.27, 8.58 ], [ -76.25, 8.59 ], [ -76.25, 8.6 ], [ -76.25, 8.61 ], [ -76.26, 8.62 ], [ -76.27, 8.62 ], [ -76.27, 8.64 ], [ -76.28, 8.64 ], [ -76.28, 8.65 ], [ -76.29, 8.65 ], [ -76.3, 8.65 ], [ -76.31, 8.65 ], [ -76.31, 8.66 ], [ -76.33, 8.65 ], [ -76.34, 8.64 ], [ -76.35, 8.64 ], [ -76.35, 8.65 ], [ -76.35, 8.66 ], [ -76.35, 8.67 ], [ -76.36, 8.68 ], [ -76.36, 8.69 ], [ -76.37, 8.71 ], [ -76.37, 8.72 ], [ -76.4, 8.75 ], [ -76.41, 8.75 ], [ -76.42, 8.75 ], [ -76.42, 8.76 ], [ -76.4, 8.78 ], [ -76.39, 8.78 ], [ -76.38, 8.79 ], [ -76.41, 8.87 ], [ -76.42, 8.86 ], [ -76.43, 8.85 ], [ -76.48, 8.83 ], [ -76.49, 8.82 ], [ -76.51, 8.8 ], [ -76.51, 8.79 ], [ -76.51, 8.78 ], [ -76.52, 8.77 ], [ -76.56, 8.76 ], [ -76.58, 8.75 ], [ -76.61, 8.74 ], [ -76.63, 8.73 ], [ -76.63, 8.72 ], [ -76.63, 8.71 ], [ -76.64, 8.71 ], [ -76.63, 8.7 ], [ -76.63, 8.69 ], [ -76.65, 8.67 ], [ -76.69, 8.66 ], [ -76.78, 8.63 ], [ -76.85, 8.63 ], [ -76.89, 8.62 ], [ -76.89, 8.61 ], [ -76.89, 8.6 ], [ -76.89, 8.59 ], [ -76.9, 8.58 ], [ -76.93, 8.56 ], [ -76.94, 8.55 ], [ -76.94, 8.54 ], [ -76.93, 8.54 ] ], [ [ -76.78, 6.43 ], [ -76.77, 6.44 ], [ -76.76, 6.43 ], [ -76.77, 6.42 ], [ -76.78, 6.43 ] ] ], [ [ [ -76.85, 8.06 ], [ -76.85, 8.05 ], [ -76.84, 8.05 ], [ -76.84, 8.04 ], [ -76.83, 8.05 ], [ -76.84, 8.06 ], [ -76.85, 8.06 ] ] ], [ [ [ -76.94, 8.1 ], [ -76.94, 8.11 ], [ -76.95, 8.12 ], [ -76.95, 8.11 ], [ -76.95, 8.1 ], [ -76.94, 8.1 ] ] ], [ [ [ -76.95, 8.12 ], [ -76.95, 8.13 ], [ -76.96, 8.12 ], [ -76.95, 8.12 ] ] ], [ [ [ -76.95, 8.15 ], [ -76.94, 8.16 ], [ -76.93, 8.16 ], [ -76.93, 8.17 ], [ -76.92, 8.17 ], [ -76.92, 8.18 ], [ -76.93, 8.18 ], [ -76.93, 8.19 ], [ -76.94, 8.18 ], [ -76.95, 8.18 ], [ -76.95, 8.17 ], [ -76.95, 8.15 ] ] ], [ [ [ -76.93, 8.2 ], [ -76.93, 8.21 ], [ -76.94, 8.21 ], [ -76.94, 8.2 ], [ -76.93, 8.2 ] ] ], [ [ [ -76.96, 8.18 ], [ -76.97, 8.21 ], [ -76.97, 8.19 ], [ -76.96, 8.18 ] ] ], [ [ [ -76.97, 8.21 ], [ -76.97, 8.23 ], [ -76.97, 8.24 ], [ -76.96, 8.24 ], [ -76.95, 8.24 ], [ -76.95, 8.25 ], [ -76.96, 8.26 ], [ -76.98, 8.26 ], [ -76.98, 8.23 ], [ -76.97, 8.21 ] ] ], [ [ [ -75.31, 5.47 ], [ -75.32, 5.47 ], [ -75.32, 5.46 ], [ -75.31, 5.46 ], [ -75.31, 5.47 ] ] ] ] } },
{ "type": "Feature", "properties": { "coddepto": 15 }, "geometry": { "type": "MultiPolygon", "coordinates": [ [ [ [ -72.19, 7.03 ], [ -72.19, 7.04 ], [ -72.19, 7.05 ], [ -72.2, 7.05 ], [ -72.2, 7.04 ], [ -72.2, 7.03 ], [ -72.21, 7.02 ], [ -72.2, 7.01 ], [ -72.21, 7.0 ], [ -72.22, 6.99 ], [ -72.23, 6.98 ], [ -72.24, 6.98 ], [ -72.26, 6.98 ], [ -72.25, 7.01 ], [ -72.26, 7.01 ], [ -72.27, 7.01 ], [ -72.28, 7.01 ], [ -72.29, 6.99 ], [ -72.3, 6.97 ], [ -72.3, 6.96 ], [ -72.31, 6.95 ], [ -72.31, 6.93 ], [ -72.34, 6.91 ], [ -72.35, 6.9 ], [ -72.35, 6.89 ], [ -72.36, 6.89 ], [ -72.37, 6.89 ], [ -72.38, 6.88 ], [ -72.39, 6.87 ], [ -72.41, 6.87 ], [ -72.42, 6.88 ], [ -72.43, 6.88 ], [ -72.44, 6.89 ], [ -72.46, 6.9 ], [ -72.49, 6.92 ], [ -72.5, 6.92 ], [ -72.5, 6.91 ], [ -72.5, 6.9 ], [ -72.5, 6.89 ], [ -72.5, 6.88 ], [ -72.5, 6.87 ], [ -72.49, 6.87 ], [ -72.49, 6.85 ], [ -72.48, 6.85 ], [ -72.48, 6.84 ], [ -72.48, 6.83 ], [ -72.48, 6.82 ], [ -72.48, 6.81 ], [ -72.49, 6.81 ], [ -72.5, 6.8 ], [ -72.5, 6.79 ], [ -72.5, 6.78 ], [ -72.5, 6.76 ], [ -72.49, 6.76 ], [ -72.49, 6.74 ], [ -72.5, 6.74 ], [ -72.5, 6.73 ], [ -72.5, 6.72 ], [ -72.49, 6.72 ], [ -72.49, 6.71 ], [ -72.48, 6.7 ], [ -72.49, 6.68 ], [ -72.49, 6.67 ], [ -72.49, 6.66 ], [ -72.49, 6.65 ], [ -72.49, 6.64 ], [ -72.5, 6.64 ], [ -72.5, 6.63 ], [ -72.51, 6.63 ], [ -72.52, 6.62 ], [ -72.52, 6.6 ], [ -72.53, 6.59 ], [ -72.54, 6.59 ], [ -72.54, 6.58 ], [ -72.55, 6.57 ], [ -72.54, 6.55 ], [ -72.54, 6.54 ], [ -72.55, 6.52 ], [ -72.54, 6.51 ], [ -72.54, 6.5 ], [ -72.54, 6.49 ], [ -72.56, 6.49 ], [ -72.57, 6.48 ], [ -72.58, 6.48 ], [ -72.59, 6.47 ], [ -72.59, 6.46 ], [ -72.6, 6.46 ], [ -72.6, 6.45 ], [ -72.61, 6.45 ], [ -72.62, 6.44 ], [ -72.65, 6.44 ], [ -72.66, 6.44 ], [ -72.66, 6.45 ], [ -72.67, 6.46 ], [ -72.68, 6.48 ], [ -72.68, 6.49 ], [ -72.69, 6.51 ], [ -72.7, 6.52 ], [ -72.7, 6.53 ], [ -72.7, 6.54 ], [ -72.71, 6.54 ], [ -72.72, 6.55 ], [ -72.73, 6.55 ], [ -72.74, 6.56 ], [ -72.74, 6.57 ], [ -72.75, 6.57 ], [ -72.76, 6.58 ], [ -72.77, 6.58 ], [ -72.78, 6.58 ], [ -72.78, 6.57 ], [ -72.79, 6.57 ], [ -72.8, 6.57 ], [ -72.8, 6.56 ], [ -72.81, 6.56 ], [ -72.81, 6.55 ], [ -72.81, 6.54 ], [ -72.8, 6.53 ], [ -72.79, 6.53 ], [ -72.78, 6.53 ], [ -72.77, 6.52 ], [ -72.77, 6.51 ], [ -72.77, 6.5 ], [ -72.76, 6.5 ], [ -72.76, 6.49 ], [ -72.75, 6.49 ], [ -72.74, 6.49 ], [ -72.74, 6.48 ], [ -72.74, 6.47 ], [ -72.73, 6.47 ], [ -72.72, 6.46 ], [ -72.73, 6.44 ], [ -72.74, 6.42 ], [ -72.73, 6.39 ], [ -72.73, 6.38 ], [ -72.73, 6.37 ], [ -72.73, 6.36 ], [ -72.75, 6.35 ], [ -72.75, 6.34 ], [ -72.75, 6.32 ], [ -72.76, 6.32 ], [ -72.76, 6.31 ], [ -72.75, 6.3 ], [ -72.75, 6.28 ], [ -72.75, 6.27 ], [ -72.75, 6.26 ], [ -72.75, 6.25 ], [ -72.75, 6.24 ], [ -72.74, 6.24 ], [ -72.74, 6.23 ], [ -72.75, 6.23 ], [ -72.75, 6.22 ], [ -72.76, 6.22 ], [ -72.77, 6.22 ], [ -72.78, 6.21 ], [ -72.79, 6.22 ], [ -72.8, 6.22 ], [ -72.8, 6.21 ], [ -72.81, 6.2 ], [ -72.81, 6.19 ], [ -72.82, 6.18 ], [ -72.83, 6.17 ], [ -72.83, 6.16 ], [ -72.83, 6.15 ], [ -72.85, 6.14 ], [ -72.85, 6.15 ], [ -72.86, 6.14 ], [ -72.87, 6.14 ], [ -72.87, 6.13 ], [ -72.89, 6.12 ], [ -72.9, 6.12 ], [ -72.9, 6.11 ], [ -72.91, 6.11 ], [ -72.92, 6.11 ], [ -72.92, 6.1 ], [ -72.92, 6.09 ], [ -72.93, 6.08 ], [ -72.94, 6.08 ], [ -72.95, 6.07 ], [ -72.95, 6.06 ], [ -72.95, 6.05 ], [ -72.96, 6.04 ], [ -72.96, 6.03 ], [ -72.97, 6.02 ], [ -72.98, 6.02 ], [ -72.98, 6.01 ], [ -72.99, 5.99 ], [ -73.0, 5.99 ], [ -73.0, 5.97 ], [ -73.01, 5.96 ], [ -73.02, 5.97 ], [ -73.02, 5.99 ], [ -73.03, 6.0 ], [ -73.03, 6.01 ], [ -73.03, 6.02 ], [ -73.04, 6.02 ], [ -73.06, 6.01 ], [ -73.07, 5.99 ], [ -73.07, 5.98 ], [ -73.08, 5.98 ], [ -73.08, 5.97 ], [ -73.09, 5.97 ], [ -73.1, 5.97 ], [ -73.1, 5.96 ], [ -73.11, 5.96 ], [ -73.12, 5.96 ], [ -73.13, 5.96 ], [ -73.14, 5.96 ], [ -73.15, 5.97 ], [ -73.16, 5.98 ], [ -73.17, 5.99 ], [ -73.18, 5.99 ], [ -73.2, 6.0 ], [ -73.21, 5.99 ], [ -73.22, 5.98 ], [ -73.22, 5.97 ], [ -73.22, 5.96 ], [ -73.22, 5.94 ], [ -73.21, 5.92 ], [ -73.22, 5.91 ], [ -73.22, 5.89 ], [ -73.21, 5.89 ], [ -73.2, 5.88 ], [ -73.2, 5.87 ], [ -73.18, 5.85 ], [ -73.19, 5.84 ], [ -73.2, 5.83 ], [ -73.22, 5.82 ], [ -73.23, 5.82 ], [ -73.24, 5.82 ], [ -73.25, 5.82 ], [ -73.26, 5.83 ], [ -73.27, 5.83 ], [ -73.26, 5.85 ], [ -73.27, 5.85 ], [ -73.28, 5.85 ], [ -73.29, 5.85 ], [ -73.3, 5.85 ], [ -73.31, 5.86 ], [ -73.32, 5.85 ], [ -73.33, 5.85 ], [ -73.34, 5.86 ], [ -73.35, 5.87 ], [ -73.35, 5.85 ], [ -73.35, 5.84 ], [ -73.35, 5.83 ], [ -73.35, 5.82 ], [ -73.36, 5.82 ], [ -73.36, 5.8 ], [ -73.37, 5.79 ], [ -73.38, 5.77 ], [ -73.38, 5.76 ], [ -73.39, 5.75 ], [ -73.4, 5.76 ], [ -73.41, 5.76 ], [ -73.42, 5.77 ], [ -73.43, 5.77 ], [ -73.43, 5.78 ], [ -73.43, 5.79 ], [ -73.44, 5.8 ], [ -73.45, 5.8 ], [ -73.46, 5.81 ], [ -73.47, 5.82 ], [ -73.46, 5.84 ], [ -73.46, 5.85 ], [ -73.45, 5.87 ], [ -73.45, 5.88 ], [ -73.46, 5.89 ], [ -73.44, 5.9 ], [ -73.43, 5.9 ], [ -73.42, 5.89 ], [ -73.41, 5.89 ], [ -73.41, 5.9 ], [ -73.4, 5.9 ], [ -73.4, 5.91 ], [ -73.4, 5.92 ], [ -73.4, 5.93 ], [ -73.39, 5.93 ], [ -73.39, 5.94 ], [ -73.38, 5.95 ], [ -73.38, 5.96 ], [ -73.38, 5.97 ], [ -73.37, 5.97 ], [ -73.38, 5.98 ], [ -73.37, 5.99 ], [ -73.37, 6.0 ], [ -73.37, 6.01 ], [ -73.38, 6.01 ], [ -73.38, 6.02 ], [ -73.39, 6.02 ], [ -73.39, 6.03 ], [ -73.4, 6.05 ], [ -73.4, 6.06 ], [ -73.41, 6.06 ], [ -73.42, 6.07 ], [ -73.43, 6.07 ], [ -73.44, 6.07 ], [ -73.45, 6.08 ], [ -73.46, 6.09 ], [ -73.47, 6.1 ], [ -73.48, 6.09 ], [ -73.48, 6.1 ], [ -73.49, 6.1 ], [ -73.5, 6.11 ], [ -73.52, 6.1 ], [ -73.51, 6.09 ], [ -73.52, 6.09 ], [ -73.52, 6.08 ], [ -73.53, 6.08 ], [ -73.53, 6.07 ], [ -73.53, 6.06 ], [ -73.53, 6.05 ], [ -73.54, 6.04 ], [ -73.55, 6.03 ], [ -73.56, 6.03 ], [ -73.57, 6.02 ], [ -73.58, 6.01 ], [ -73.59, 5.99 ], [ -73.59, 5.97 ], [ -73.6, 5.94 ], [ -73.61, 5.93 ], [ -73.62, 5.92 ], [ -73.63, 5.92 ], [ -73.63, 5.91 ], [ -73.63, 5.9 ], [ -73.61, 5.89 ], [ -73.6, 5.87 ], [ -73.62, 5.81 ], [ -73.62, 5.8 ], [ -73.63, 5.79 ], [ -73.63, 5.77 ], [ -73.63, 5.76 ], [ -73.63, 5.75 ], [ -73.63, 5.74 ], [ -73.64, 5.74 ], [ -73.64, 5.72 ], [ -73.65, 5.71 ], [ -73.65, 5.72 ], [ -73.66, 5.73 ], [ -73.67, 5.75 ], [ -73.68, 5.75 ], [ -73.69, 5.76 ], [ -73.7, 5.77 ], [ -73.71, 5.78 ], [ -73.72, 5.78 ], [ -73.72, 5.77 ], [ -73.73, 5.77 ], [ -73.74, 5.77 ], [ -73.75, 5.77 ], [ -73.76, 5.77 ], [ -73.78, 5.75 ], [ -73.79, 5.74 ], [ -73.79, 5.73 ], [ -73.8, 5.72 ], [ -73.81, 5.71 ], [ -73.82, 5.72 ], [ -73.82, 5.74 ], [ -73.84, 5.74 ], [ -73.85, 5.73 ], [ -73.86, 5.73 ], [ -73.86, 5.72 ], [ -73.86, 5.71 ], [ -73.87, 5.71 ], [ -73.88, 5.71 ], [ -73.88, 5.72 ], [ -73.89, 5.73 ], [ -73.89, 5.74 ], [ -73.9, 5.74 ], [ -73.92, 5.74 ], [ -73.93, 5.74 ], [ -73.94, 5.74 ], [ -73.96, 5.74 ], [ -73.97, 5.73 ], [ -73.98, 5.72 ], [ -73.99, 5.73 ], [ -74.0, 5.74 ], [ -74.0, 5.76 ], [ -74.01, 5.76 ], [ -74.01, 5.77 ], [ -74.02, 5.78 ], [ -74.02, 5.79 ], [ -74.02, 5.8 ], [ -74.03, 5.8 ], [ -74.03, 5.81 ], [ -74.06, 5.82 ], [ -74.07, 5.82 ], [ -74.08, 5.82 ], [ -74.08, 5.83 ], [ -74.08, 5.84 ], [ -74.09, 5.84 ], [ -74.09, 5.86 ], [ -74.1, 5.87 ], [ -74.1, 5.88 ], [ -74.11, 5.88 ], [ -74.13, 5.88 ], [ -74.15, 5.89 ], [ -74.17, 5.9 ], [ -74.18, 5.91 ], [ -74.18, 5.9 ], [ -74.19, 5.89 ], [ -74.19, 5.88 ], [ -74.2, 5.88 ], [ -74.2, 5.87 ], [ -74.19, 5.86 ], [ -74.2, 5.85 ], [ -74.21, 5.85 ], [ -74.22, 5.85 ], [ -74.23, 5.84 ], [ -74.25, 5.83 ], [ -74.27, 5.83 ], [ -74.27, 5.86 ], [ -74.27, 5.87 ], [ -74.27, 5.88 ], [ -74.26, 5.88 ], [ -74.26, 5.89 ], [ -74.25, 5.89 ], [ -74.24, 5.9 ], [ -74.23, 5.91 ], [ -74.23, 5.92 ], [ -74.23, 5.93 ], [ -74.24, 5.94 ], [ -74.22, 5.97 ], [ -74.23, 5.98 ], [ -74.24, 5.98 ], [ -74.24, 5.99 ], [ -74.25, 6.0 ], [ -74.26, 6.0 ], [ -74.26, 6.01 ], [ -74.26, 6.02 ], [ -74.26, 6.03 ], [ -74.26, 6.04 ], [ -74.26, 6.05 ], [ -74.26, 6.06 ], [ -74.26, 6.07 ], [ -74.27, 6.07 ], [ -74.28, 6.07 ], [ -74.28, 6.08 ], [ -74.29, 6.08 ], [ -74.3, 6.08 ], [ -74.3, 6.07 ], [ -74.31, 6.07 ], [ -74.32, 6.07 ], [ -74.33, 6.07 ], [ -74.33, 6.06 ], [ -74.34, 6.06 ], [ -74.34, 6.05 ], [ -74.34, 6.04 ], [ -74.35, 6.04 ], [ -74.36, 6.04 ], [ -74.37, 6.04 ], [ -74.38, 6.04 ], [ -74.38, 6.05 ], [ -74.39, 6.05 ], [ -74.4, 6.06 ], [ -74.4, 6.07 ], [ -74.4, 6.08 ], [ -74.41, 6.08 ], [ -74.41, 6.09 ], [ -74.42, 6.09 ], [ -74.43, 6.09 ], [ -74.44, 6.09 ], [ -74.45, 6.1 ], [ -74.45, 6.11 ], [ -74.46, 6.13 ], [ -74.45, 6.14 ], [ -74.47, 6.15 ], [ -74.48, 6.16 ], [ -74.47, 6.17 ], [ -74.47, 6.19 ], [ -74.47, 6.2 ], [ -74.48, 6.2 ], [ -74.49, 6.2 ], [ -74.49, 6.21 ], [ -74.5, 6.21 ], [ -74.51, 6.21 ], [ -74.51, 6.22 ], [ -74.51, 6.23 ], [ -74.52, 6.24 ], [ -74.52, 6.25 ], [ -74.52, 6.26 ], [ -74.53, 6.26 ], [ -74.53, 6.27 ], [ -74.54, 6.26 ], [ -74.55, 6.25 ], [ -74.57, 6.22 ], [ -74.57, 6.21 ], [ -74.57, 6.19 ], [ -74.58, 6.19 ], [ -74.59, 6.17 ], [ -74.6, 6.16 ], [ -74.6, 6.15 ], [ -74.61, 6.13 ], [ -74.61, 6.12 ], [ -74.58, 6.09 ], [ -74.58, 6.08 ], [ -74.57, 6.08 ], [ -74.56, 6.08 ], [ -74.56, 6.07 ], [ -74.57, 6.04 ], [ -74.57, 6.03 ], [ -74.56, 6.0 ], [ -74.56, 5.99 ], [ -74.57, 5.99 ], [ -74.58, 5.98 ], [ -74.6, 5.98 ], [ -74.61, 5.97 ], [ -74.61, 5.96 ], [ -74.61, 5.95 ], [ -74.61, 5.94 ], [ -74.6, 5.93 ], [ -74.59, 5.93 ], [ -74.58, 5.91 ], [ -74.59, 5.9 ], [ -74.59, 5.89 ], [ -74.61, 5.89 ], [ -74.62, 5.88 ], [ -74.64, 5.87 ], [ -74.65, 5.83 ], [ -74.65, 5.81 ], [ -74.65, 5.79 ], [ -74.66, 5.78 ], [ -74.66, 5.77 ], [ -74.66, 5.75 ], [ -74.65, 5.75 ], [ -74.65, 5.74 ], [ -74.64, 5.74 ], [ -74.64, 5.75 ], [ -74.63, 5.76 ], [ -74.62, 5.76 ], [ -74.61, 5.76 ], [ -74.61, 5.75 ], [ -74.6, 5.75 ], [ -74.59, 5.75 ], [ -74.59, 5.76 ], [ -74.58, 5.76 ], [ -74.58, 5.75 ], [ -74.56, 5.76 ], [ -74.55, 5.76 ], [ -74.55, 5.77 ], [ -74.54, 5.78 ], [ -74.54, 5.79 ], [ -74.53, 5.79 ], [ -74.52, 5.79 ], [ -74.51, 5.79 ], [ -74.51, 5.78 ], [ -74.5, 5.78 ], [ -74.49, 5.78 ], [ -74.49, 5.77 ], [ -74.48, 5.77 ], [ -74.48, 5.78 ], [ -74.47, 5.78 ], [ -74.46, 5.77 ], [ -74.45, 5.77 ], [ -74.44, 5.77 ], [ -74.44, 5.76 ], [ -74.43, 5.76 ], [ -74.42, 5.76 ], [ -74.42, 5.77 ], [ -74.41, 5.77 ], [ -74.4, 5.78 ], [ -74.39, 5.78 ], [ -74.38, 5.78 ], [ -74.37, 5.8 ], [ -74.36, 5.81 ], [ -74.35, 5.81 ], [ -74.35, 5.82 ], [ -74.35, 5.83 ], [ -74.33, 5.84 ], [ -74.33, 5.83 ], [ -74.33, 5.82 ], [ -74.32, 5.82 ], [ -74.32, 5.81 ], [ -74.32, 5.8 ], [ -74.31, 5.8 ], [ -74.3, 5.8 ], [ -74.3, 5.79 ], [ -74.31, 5.79 ], [ -74.31, 5.78 ], [ -74.31, 5.77 ], [ -74.3, 5.77 ], [ -74.3, 5.76 ], [ -74.3, 5.75 ], [ -74.29, 5.75 ], [ -74.29, 5.74 ], [ -74.3, 5.73 ], [ -74.3, 5.72 ], [ -74.3, 5.71 ], [ -74.3, 5.7 ], [ -74.29, 5.7 ], [ -74.28, 5.7 ], [ -74.28, 5.69 ], [ -74.28, 5.68 ], [ -74.28, 5.67 ], [ -74.29, 5.66 ], [ -74.3, 5.66 ], [ -74.3, 5.65 ], [ -74.31, 5.65 ], [ -74.31, 5.64 ], [ -74.31, 5.63 ], [ -74.31, 5.62 ], [ -74.31, 5.61 ], [ -74.31, 5.6 ], [ -74.3, 5.6 ], [ -74.3, 5.59 ], [ -74.3, 5.57 ], [ -74.29, 5.57 ], [ -74.27, 5.56 ], [ -74.26, 5.56 ], [ -74.25, 5.55 ], [ -74.24, 5.54 ], [ -74.25, 5.53 ], [ -74.25, 5.52 ], [ -74.25, 5.51 ], [ -74.25, 5.5 ], [ -74.25, 5.49 ], [ -74.24, 5.48 ], [ -74.23, 5.48 ], [ -74.23, 5.49 ], [ -74.22, 5.5 ], [ -74.21, 5.5 ], [ -74.2, 5.5 ], [ -74.19, 5.47 ], [ -74.18, 5.46 ], [ -74.17, 5.46 ], [ -74.16, 5.45 ], [ -74.15, 5.45 ], [ -74.14, 5.45 ], [ -74.14, 5.44 ], [ -74.13, 5.44 ], [ -74.13, 5.43 ], [ -74.12, 5.43 ], [ -74.12, 5.45 ], [ -74.11, 5.47 ], [ -74.1, 5.47 ], [ -74.1, 5.46 ], [ -74.09, 5.45 ], [ -74.1, 5.44 ], [ -74.09, 5.43 ], [ -74.07, 5.41 ], [ -74.05, 5.4 ], [ -74.04, 5.39 ], [ -74.03, 5.39 ], [ -74.02, 5.39 ], [ -74.02, 5.37 ], [ -74.01, 5.37 ], [ -74.0, 5.37 ], [ -73.99, 5.37 ], [ -73.99, 5.38 ], [ -73.99, 5.39 ], [ -73.98, 5.39 ], [ -73.98, 5.4 ], [ -73.97, 5.42 ], [ -73.96, 5.42 ], [ -73.95, 5.42 ], [ -73.94, 5.43 ], [ -73.93, 5.44 ], [ -73.91, 5.43 ], [ -73.91, 5.44 ], [ -73.9, 5.45 ], [ -73.9, 5.48 ], [ -73.9, 5.49 ], [ -73.91, 5.49 ], [ -73.91, 5.5 ], [ -73.91, 5.51 ], [ -73.91, 5.52 ], [ -73.91, 5.53 ], [ -73.9, 5.53 ], [ -73.9, 5.52 ], [ -73.89, 5.52 ], [ -73.88, 5.52 ], [ -73.87, 5.53 ], [ -73.86, 5.53 ], [ -73.85, 5.55 ], [ -73.84, 5.55 ], [ -73.83, 5.55 ], [ -73.82, 5.55 ], [ -73.8, 5.57 ], [ -73.8, 5.56 ], [ -73.79, 5.55 ], [ -73.79, 5.53 ], [ -73.79, 5.51 ], [ -73.78, 5.5 ], [ -73.77, 5.49 ], [ -73.76, 5.48 ], [ -73.75, 5.49 ], [ -73.74, 5.47 ], [ -73.73, 5.47 ], [ -73.73, 5.48 ], [ -73.72, 5.48 ], [ -73.72, 5.47 ], [ -73.72, 5.46 ], [ -73.71, 5.46 ], [ -73.7, 5.45 ], [ -73.69, 5.45 ], [ -73.68, 5.45 ], [ -73.68, 5.44 ], [ -73.68, 5.43 ], [ -73.67, 5.43 ], [ -73.66, 5.43 ], [ -73.65, 5.42 ], [ -73.64, 5.42 ], [ -73.63, 5.41 ], [ -73.62, 5.4 ], [ -73.6, 5.4 ], [ -73.59, 5.4 ], [ -73.59, 5.39 ], [ -73.6, 5.38 ], [ -73.6, 5.37 ], [ -73.6, 5.36 ], [ -73.59, 5.35 ], [ -73.59, 5.34 ], [ -73.59, 5.33 ], [ -73.6, 5.32 ], [ -73.59, 5.31 ], [ -73.58, 5.3 ], [ -73.57, 5.3 ], [ -73.55, 5.3 ], [ -73.55, 5.29 ], [ -73.53, 5.28 ], [ -73.53, 5.27 ], [ -73.53, 5.26 ], [ -73.53, 5.24 ], [ -73.52, 5.24 ], [ -73.51, 5.23 ], [ -73.52, 5.22 ], [ -73.52, 5.21 ], [ -73.52, 5.2 ], [ -73.52, 5.19 ], [ -73.51, 5.19 ], [ -73.51, 5.18 ], [ -73.51, 5.17 ], [ -73.51, 5.16 ], [ -73.51, 5.15 ], [ -73.48, 5.15 ], [ -73.48, 5.14 ], [ -73.49, 5.14 ], [ -73.49, 5.13 ], [ -73.49, 5.11 ], [ -73.49, 5.09 ], [ -73.48, 5.08 ], [ -73.48, 5.06 ], [ -73.49, 5.06 ], [ -73.49, 5.05 ], [ -73.5, 5.04 ], [ -73.51, 5.04 ], [ -73.52, 5.03 ], [ -73.52, 5.02 ], [ -73.52, 5.01 ], [ -73.52, 5.0 ], [ -73.51, 5.0 ], [ -73.51, 4.99 ], [ -73.52, 4.99 ], [ -73.52, 4.98 ], [ -73.53, 4.97 ], [ -73.53, 4.96 ], [ -73.53, 4.95 ], [ -73.54, 4.95 ], [ -73.54, 4.94 ], [ -73.55, 4.93 ], [ -73.54, 4.91 ], [ -73.54, 4.9 ], [ -73.53, 4.89 ], [ -73.52, 4.89 ], [ -73.52, 4.88 ], [ -73.51, 4.88 ], [ -73.5, 4.88 ], [ -73.49, 4.88 ], [ -73.48, 4.89 ], [ -73.47, 4.89 ], [ -73.45, 4.88 ], [ -73.45, 4.89 ], [ -73.44, 4.89 ], [ -73.43, 4.88 ], [ -73.42, 4.88 ], [ -73.41, 4.88 ], [ -73.4, 4.88 ], [ -73.4, 4.87 ], [ -73.39, 4.87 ], [ -73.39, 4.86 ], [ -73.39, 4.85 ], [ -73.38, 4.85 ], [ -73.37, 4.84 ], [ -73.38, 4.83 ], [ -73.37, 4.83 ], [ -73.37, 4.82 ], [ -73.37, 4.81 ], [ -73.37, 4.8 ], [ -73.36, 4.79 ], [ -73.35, 4.8 ], [ -73.34, 4.79 ], [ -73.33, 4.79 ], [ -73.33, 4.78 ], [ -73.32, 4.78 ], [ -73.31, 4.77 ], [ -73.31, 4.75 ], [ -73.31, 4.74 ], [ -73.3, 4.73 ], [ -73.28, 4.72 ], [ -73.28, 4.73 ], [ -73.27, 4.74 ], [ -73.26, 4.74 ], [ -73.25, 4.74 ], [ -73.25, 4.73 ], [ -73.24, 4.74 ], [ -73.22, 4.73 ], [ -73.22, 4.72 ], [ -73.23, 4.71 ], [ -73.23, 4.7 ], [ -73.22, 4.68 ], [ -73.21, 4.68 ], [ -73.19, 4.67 ], [ -73.16, 4.66 ], [ -73.15, 4.66 ], [ -73.13, 4.66 ], [ -73.13, 4.67 ], [ -73.12, 4.67 ], [ -73.11, 4.66 ], [ -73.1, 4.66 ], [ -73.1, 4.67 ], [ -73.09, 4.68 ], [ -73.09, 4.69 ], [ -73.08, 4.7 ], [ -73.08, 4.71 ], [ -73.07, 4.72 ], [ -73.08, 4.73 ], [ -73.07, 4.73 ], [ -73.06, 4.73 ], [ -73.06, 4.74 ], [ -73.05, 4.74 ], [ -73.04, 4.75 ], [ -73.05, 4.76 ], [ -73.05, 4.77 ], [ -73.06, 4.78 ], [ -73.06, 4.79 ], [ -73.07, 4.8 ], [ -73.08, 4.81 ], [ -73.07, 4.83 ], [ -73.07, 4.84 ], [ -73.06, 4.85 ], [ -73.06, 4.86 ], [ -73.05, 4.86 ], [ -73.05, 4.87 ], [ -73.04, 4.88 ], [ -73.04, 4.89 ], [ -73.05, 4.9 ], [ -73.05, 4.92 ], [ -73.04, 4.94 ], [ -73.04, 4.95 ], [ -73.04, 4.96 ], [ -73.03, 4.97 ], [ -73.03, 4.98 ], [ -73.02, 4.99 ], [ -73.02, 5.0 ], [ -73.01, 5.0 ], [ -73.0, 5.0 ], [ -73.0, 4.99 ], [ -72.99, 4.99 ], [ -72.98, 4.98 ], [ -72.97, 4.98 ], [ -72.97, 4.99 ], [ -72.96, 5.0 ], [ -72.95, 5.01 ], [ -72.94, 5.02 ], [ -72.93, 5.03 ], [ -72.93, 5.04 ], [ -72.93, 5.05 ], [ -72.9, 5.07 ], [ -72.91, 5.1 ], [ -72.92, 5.1 ], [ -72.93, 5.1 ], [ -72.94, 5.11 ], [ -72.94, 5.12 ], [ -72.95, 5.12 ], [ -72.96, 5.13 ], [ -72.97, 5.13 ], [ -72.97, 5.14 ], [ -72.97, 5.15 ], [ -72.96, 5.16 ], [ -72.96, 5.17 ], [ -72.95, 5.17 ], [ -72.95, 5.18 ], [ -72.95, 5.19 ], [ -72.95, 5.2 ], [ -72.94, 5.2 ], [ -72.94, 5.21 ], [ -72.93, 5.21 ], [ -72.92, 5.22 ], [ -72.92, 5.23 ], [ -72.91, 5.24 ], [ -72.9, 5.26 ], [ -72.89, 5.29 ], [ -72.9, 5.3 ], [ -72.9, 5.31 ], [ -72.89, 5.32 ], [ -72.89, 5.33 ], [ -72.88, 5.35 ], [ -72.89, 5.35 ], [ -72.89, 5.36 ], [ -72.88, 5.36 ], [ -72.87, 5.35 ], [ -72.87, 5.34 ], [ -72.86, 5.34 ], [ -72.85, 5.35 ], [ -72.84, 5.36 ], [ -72.82, 5.37 ], [ -72.81, 5.38 ], [ -72.8, 5.38 ], [ -72.79, 5.38 ], [ -72.79, 5.37 ], [ -72.78, 5.37 ], [ -72.78, 5.36 ], [ -72.77, 5.35 ], [ -72.76, 5.33 ], [ -72.75, 5.33 ], [ -72.74, 5.32 ], [ -72.73, 5.32 ], [ -72.72, 5.3 ], [ -72.72, 5.29 ], [ -72.72, 5.28 ], [ -72.71, 5.28 ], [ -72.7, 5.28 ], [ -72.69, 5.28 ], [ -72.68, 5.29 ], [ -72.67, 5.29 ], [ -72.67, 5.3 ], [ -72.66, 5.3 ], [ -72.65, 5.3 ], [ -72.65, 5.32 ], [ -72.64, 5.33 ], [ -72.64, 5.34 ], [ -72.63, 5.34 ], [ -72.62, 5.35 ], [ -72.61, 5.35 ], [ -72.6, 5.35 ], [ -72.59, 5.35 ], [ -72.58, 5.35 ], [ -72.57, 5.37 ], [ -72.57, 5.38 ], [ -72.58, 5.38 ], [ -72.56, 5.4 ], [ -72.54, 5.41 ], [ -72.53, 5.43 ], [ -72.52, 5.44 ], [ -72.51, 5.44 ], [ -72.5, 5.44 ], [ -72.49, 5.46 ], [ -72.49, 5.48 ], [ -72.47, 5.5 ], [ -72.46, 5.51 ], [ -72.44, 5.52 ], [ -72.44, 5.53 ], [ -72.43, 5.55 ], [ -72.43, 5.56 ], [ -72.42, 5.56 ], [ -72.41, 5.57 ], [ -72.4, 5.57 ], [ -72.39, 5.56 ], [ -72.38, 5.54 ], [ -72.37, 5.53 ], [ -72.36, 5.53 ], [ -72.36, 5.52 ], [ -72.35, 5.51 ], [ -72.34, 5.5 ], [ -72.33, 5.5 ], [ -72.32, 5.5 ], [ -72.31, 5.5 ], [ -72.3, 5.51 ], [ -72.29, 5.52 ], [ -72.3, 5.55 ], [ -72.29, 5.57 ], [ -72.29, 5.59 ], [ -72.29, 5.61 ], [ -72.27, 5.62 ], [ -72.26, 5.63 ], [ -72.27, 5.66 ], [ -72.26, 5.66 ], [ -72.24, 5.67 ], [ -72.23, 5.67 ], [ -72.22, 5.67 ], [ -72.22, 5.68 ], [ -72.23, 5.68 ], [ -72.24, 5.69 ], [ -72.25, 5.69 ], [ -72.25, 5.7 ], [ -72.26, 5.7 ], [ -72.26, 5.72 ], [ -72.27, 5.72 ], [ -72.27, 5.73 ], [ -72.27, 5.74 ], [ -72.28, 5.74 ], [ -72.28, 5.75 ], [ -72.29, 5.75 ], [ -72.3, 5.76 ], [ -72.3, 5.77 ], [ -72.3, 5.78 ], [ -72.31, 5.78 ], [ -72.31, 5.79 ], [ -72.32, 5.8 ], [ -72.33, 5.79 ], [ -72.33, 5.8 ], [ -72.35, 5.81 ], [ -72.37, 5.81 ], [ -72.38, 5.82 ], [ -72.39, 5.82 ], [ -72.39, 5.83 ], [ -72.4, 5.84 ], [ -72.42, 5.84 ], [ -72.43, 5.84 ], [ -72.43, 5.85 ], [ -72.46, 5.85 ], [ -72.46, 5.86 ], [ -72.45, 5.87 ], [ -72.45, 5.88 ], [ -72.44, 5.88 ], [ -72.44, 5.89 ], [ -72.43, 5.89 ], [ -72.42, 5.9 ], [ -72.41, 5.9 ], [ -72.39, 5.9 ], [ -72.38, 5.9 ], [ -72.37, 5.9 ], [ -72.34, 5.89 ], [ -72.33, 5.9 ], [ -72.33, 5.91 ], [ -72.33, 5.92 ], [ -72.33, 5.93 ], [ -72.33, 5.94 ], [ -72.34, 5.95 ], [ -72.34, 5.96 ], [ -72.34, 5.97 ], [ -72.34, 5.98 ], [ -72.34, 5.99 ], [ -72.34, 6.0 ], [ -72.35, 6.0 ], [ -72.36, 6.02 ], [ -72.36, 6.03 ], [ -72.37, 6.04 ], [ -72.36, 6.04 ], [ -72.35, 6.04 ], [ -72.33, 6.06 ], [ -72.32, 6.07 ], [ -72.32, 6.08 ], [ -72.32, 6.09 ], [ -72.36, 6.08 ], [ -72.37, 6.08 ], [ -72.38, 6.09 ], [ -72.37, 6.1 ], [ -72.38, 6.11 ], [ -72.39, 6.12 ], [ -72.38, 6.13 ], [ -72.38, 6.14 ], [ -72.37, 6.14 ], [ -72.37, 6.15 ], [ -72.39, 6.16 ], [ -72.39, 6.19 ], [ -72.4, 6.19 ], [ -72.41, 6.19 ], [ -72.4, 6.21 ], [ -72.4, 6.22 ], [ -72.4, 6.24 ], [ -72.39, 6.26 ], [ -72.4, 6.27 ], [ -72.38, 6.29 ], [ -72.37, 6.31 ], [ -72.37, 6.32 ], [ -72.36, 6.33 ], [ -72.35, 6.34 ], [ -72.34, 6.35 ], [ -72.33, 6.34 ], [ -72.32, 6.34 ], [ -72.32, 6.36 ], [ -72.3, 6.36 ], [ -72.3, 6.37 ], [ -72.28, 6.38 ], [ -72.28, 6.39 ], [ -72.29, 6.4 ], [ -72.28, 6.41 ], [ -72.28, 6.42 ], [ -72.27, 6.42 ], [ -72.27, 6.43 ], [ -72.27, 6.44 ], [ -72.26, 6.44 ], [ -72.25, 6.43 ], [ -72.25, 6.42 ], [ -72.24, 6.42 ], [ -72.22, 6.44 ], [ -72.22, 6.45 ], [ -72.22, 6.46 ], [ -72.21, 6.46 ], [ -72.21, 6.47 ], [ -72.2, 6.47 ], [ -72.18, 6.46 ], [ -72.18, 6.47 ], [ -72.17, 6.48 ], [ -72.18, 6.49 ], [ -72.18, 6.5 ], [ -72.17, 6.5 ], [ -72.16, 6.51 ], [ -72.15, 6.51 ], [ -72.14, 6.51 ], [ -72.13, 6.52 ], [ -72.12, 6.54 ], [ -72.12, 6.58 ], [ -72.11, 6.59 ], [ -72.11, 6.61 ], [ -72.1, 6.63 ], [ -72.09, 6.65 ], [ -72.09, 6.66 ], [ -72.1, 6.67 ], [ -72.1, 6.68 ], [ -72.1, 6.69 ], [ -72.1, 6.7 ], [ -72.1, 6.72 ], [ -72.09, 6.73 ], [ -72.1, 6.75 ], [ -72.09, 6.75 ], [ -72.08, 6.75 ], [ -72.07, 6.76 ], [ -72.06, 6.77 ], [ -72.05, 6.77 ], [ -72.04, 6.79 ], [ -72.04, 6.8 ], [ -72.04, 6.81 ], [ -72.03, 6.83 ], [ -72.02, 6.86 ], [ -72.02, 6.87 ], [ -72.01, 6.88 ], [ -72.0, 6.91 ], [ -71.99, 6.93 ], [ -71.99, 6.94 ], [ -71.97, 6.97 ], [ -71.96, 6.99 ], [ -71.96, 7.0 ], [ -71.96, 7.01 ], [ -71.98, 7.01 ], [ -71.99, 7.01 ], [ -72.0, 7.01 ], [ -72.01, 7.01 ], [ -72.03, 7.02 ], [ -72.04, 7.03 ], [ -72.05, 7.04 ], [ -72.06, 7.04 ], [ -72.07, 7.04 ], [ -72.08, 7.05 ], [ -72.09, 7.04 ], [ -72.09, 7.02 ], [ -72.11, 7.01 ], [ -72.11, 7.0 ], [ -72.13, 7.01 ], [ -72.14, 7.01 ], [ -72.15, 7.02 ], [ -72.15, 7.03 ], [ -72.16, 7.03 ], [ -72.16, 7.04 ], [ -72.16, 7.05 ], [ -72.17, 7.05 ], [ -72.17, 7.03 ], [ -72.18, 7.03 ], [ -72.19, 7.03 ] ] ], [ [ [ -73.88, 5.72 ], [ -73.87, 5.72 ], [ -73.87, 5.73 ], [ -73.88, 5.72 ] ] ] ] } },
{ "type": "Feature", "properties": { "coddepto": 19 }, "geometry": { "type": "MultiPolygon", "coordinates": [ [ [ [ -76.46, 3.32 ], [ -76.47, 3.32 ], [ -76.48, 3.32 ], [ -76.47, 3.31 ], [ -76.47, 3.3 ], [ -76.48, 3.3 ], [ -76.49, 3.3 ], [ -76.49, 3.29 ], [ -76.48, 3.29 ], [ -76.48, 3.28 ], [ -76.47, 3.28 ], [ -76.47, 3.27 ], [ -76.46, 3.27 ], [ -76.46, 3.26 ], [ -76.46, 3.25 ], [ -76.47, 3.25 ], [ -76.47, 3.24 ], [ -76.47, 3.23 ], [ -76.47, 3.22 ], [ -76.48, 3.22 ], [ -76.49, 3.21 ], [ -76.5, 3.2 ], [ -76.49, 3.2 ], [ -76.49, 3.19 ], [ -76.49, 3.18 ], [ -76.5, 3.18 ], [ -76.5, 3.17 ], [ -76.5, 3.16 ], [ -76.51, 3.16 ], [ -76.51, 3.15 ], [ -76.52, 3.15 ], [ -76.52, 3.14 ], [ -76.53, 3.14 ], [ -76.53, 3.13 ], [ -76.52, 3.13 ], [ -76.52, 3.12 ], [ -76.53, 3.12 ], [ -76.54, 3.12 ], [ -76.54, 3.11 ], [ -76.55, 3.11 ], [ -76.56, 3.1 ], [ -76.56, 3.11 ], [ -76.56, 3.12 ], [ -76.57, 3.12 ], [ -76.57, 3.13 ], [ -76.58, 3.13 ], [ -76.58, 3.12 ], [ -76.59, 3.12 ], [ -76.59, 3.11 ], [ -76.6, 3.11 ], [ -76.6, 3.1 ], [ -76.59, 3.1 ], [ -76.59, 3.09 ], [ -76.6, 3.09 ], [ -76.61, 3.09 ], [ -76.62, 3.1 ], [ -76.62, 3.11 ], [ -76.62, 3.12 ], [ -76.63, 3.12 ], [ -76.64, 3.12 ], [ -76.64, 3.11 ], [ -76.65, 3.1 ], [ -76.66, 3.1 ], [ -76.67, 3.1 ], [ -76.68, 3.1 ], [ -76.68, 3.11 ], [ -76.69, 3.11 ], [ -76.7, 3.11 ], [ -76.7, 3.12 ], [ -76.71, 3.12 ], [ -76.72, 3.12 ], [ -76.73, 3.12 ], [ -76.74, 3.13 ], [ -76.74, 3.14 ], [ -76.75, 3.14 ], [ -76.75, 3.15 ], [ -76.75, 3.16 ], [ -76.74, 3.17 ], [ -76.74, 3.18 ], [ -76.74, 3.19 ], [ -76.75, 3.19 ], [ -76.75, 3.2 ], [ -76.75, 3.21 ], [ -76.76, 3.21 ], [ -76.76, 3.22 ], [ -76.77, 3.23 ], [ -76.78, 3.23 ], [ -76.79, 3.22 ], [ -76.81, 3.21 ], [ -76.82, 3.21 ], [ -76.83, 3.21 ], [ -76.84, 3.21 ], [ -76.85, 3.21 ], [ -76.86, 3.21 ], [ -76.87, 3.21 ], [ -76.88, 3.21 ], [ -76.89, 3.2 ], [ -76.9, 3.2 ], [ -76.91, 3.2 ], [ -76.91, 3.18 ], [ -76.91, 3.17 ], [ -76.91, 3.16 ], [ -76.92, 3.15 ], [ -76.93, 3.14 ], [ -76.93, 3.13 ], [ -76.94, 3.11 ], [ -76.95, 3.12 ], [ -76.96, 3.12 ], [ -76.97, 3.12 ], [ -76.98, 3.13 ], [ -76.99, 3.14 ], [ -76.99, 3.15 ], [ -77.0, 3.15 ], [ -77.02, 3.16 ], [ -77.03, 3.17 ], [ -77.04, 3.16 ], [ -77.05, 3.17 ], [ -77.06, 3.17 ], [ -77.08, 3.18 ], [ -77.09, 3.18 ], [ -77.1, 3.18 ], [ -77.11, 3.18 ], [ -77.12, 3.17 ], [ -77.13, 3.16 ], [ -77.14, 3.17 ], [ -77.15, 3.17 ], [ -77.16, 3.17 ], [ -77.17, 3.17 ], [ -77.17, 3.16 ], [ -77.18, 3.16 ], [ -77.19, 3.15 ], [ -77.19, 3.14 ], [ -77.2, 3.14 ], [ -77.2, 3.13 ], [ -77.22, 3.14 ], [ -77.22, 3.13 ], [ -77.22, 3.12 ], [ -77.23, 3.11 ], [ -77.23, 3.12 ], [ -77.24, 3.11 ], [ -77.25, 3.12 ], [ -77.24, 3.13 ], [ -77.25, 3.13 ], [ -77.26, 3.14 ], [ -77.27, 3.13 ], [ -77.28, 3.13 ], [ -77.28, 3.14 ], [ -77.29, 3.14 ], [ -77.29, 3.15 ], [ -77.28, 3.15 ], [ -77.28, 3.16 ], [ -77.29, 3.16 ], [ -77.3, 3.16 ], [ -77.31, 3.17 ], [ -77.32, 3.17 ], [ -77.32, 3.16 ], [ -77.33, 3.16 ], [ -77.33, 3.15 ], [ -77.34, 3.15 ], [ -77.35, 3.14 ], [ -77.37, 3.15 ], [ -77.37, 3.17 ], [ -77.38, 3.18 ], [ -77.38, 3.19 ], [ -77.38, 3.2 ], [ -77.39, 3.21 ], [ -77.4, 3.21 ], [ -77.41, 3.22 ], [ -77.42, 3.23 ], [ -77.42, 3.24 ], [ -77.43, 3.25 ], [ -77.44, 3.25 ], [ -77.45, 3.24 ], [ -77.46, 3.23 ], [ -77.46, 3.24 ], [ -77.47, 3.24 ], [ -77.47, 3.23 ], [ -77.47, 3.22 ], [ -77.47, 3.21 ], [ -77.48, 3.21 ], [ -77.49, 3.22 ], [ -77.5, 3.22 ], [ -77.5, 3.21 ], [ -77.5, 3.2 ], [ -77.5, 3.19 ], [ -77.52, 3.19 ], [ -77.52, 3.2 ], [ -77.53, 3.2 ], [ -77.53, 3.21 ], [ -77.54, 3.21 ], [ -77.55, 3.2 ], [ -77.56, 3.18 ], [ -77.57, 3.14 ], [ -77.58, 3.14 ], [ -77.6, 3.12 ], [ -77.63, 3.08 ], [ -77.65, 3.06 ], [ -77.66, 3.05 ], [ -77.67, 3.05 ], [ -77.69, 3.0 ], [ -77.69, 2.99 ], [ -77.68, 2.99 ], [ -77.67, 2.99 ], [ -77.67, 2.98 ], [ -77.67, 2.97 ], [ -77.67, 2.96 ], [ -77.67, 2.94 ], [ -77.67, 2.93 ], [ -77.68, 2.93 ], [ -77.69, 2.91 ], [ -77.69, 2.9 ], [ -77.7, 2.9 ], [ -77.7, 2.89 ], [ -77.69, 2.89 ], [ -77.7, 2.86 ], [ -77.71, 2.86 ], [ -77.71, 2.85 ], [ -77.72, 2.83 ], [ -77.72, 2.82 ], [ -77.74, 2.82 ], [ -77.76, 2.8 ], [ -77.76, 2.79 ], [ -77.74, 2.79 ], [ -77.74, 2.78 ], [ -77.75, 2.77 ], [ -77.75, 2.76 ], [ -77.76, 2.76 ], [ -77.78, 2.76 ], [ -77.79, 2.76 ], [ -77.8, 2.73 ], [ -77.79, 2.73 ], [ -77.79, 2.72 ], [ -77.8, 2.71 ], [ -77.79, 2.7 ], [ -77.79, 2.69 ], [ -77.81, 2.69 ], [ -77.83, 2.7 ], [ -77.84, 2.7 ], [ -77.84, 2.69 ], [ -77.85, 2.69 ], [ -77.86, 2.69 ], [ -77.86, 2.7 ], [ -77.87, 2.7 ], [ -77.89, 2.69 ], [ -77.9, 2.69 ], [ -77.91, 2.68 ], [ -77.91, 2.66 ], [ -77.91, 2.65 ], [ -77.92, 2.64 ], [ -77.93, 2.64 ], [ -77.92, 2.62 ], [ -77.92, 2.61 ], [ -77.91, 2.57 ], [ -77.91, 2.54 ], [ -77.92, 2.53 ], [ -77.92, 2.52 ], [ -77.93, 2.51 ], [ -77.93, 2.48 ], [ -77.92, 2.47 ], [ -77.92, 2.45 ], [ -77.92, 2.44 ], [ -77.92, 2.41 ], [ -77.91, 2.41 ], [ -77.9, 2.39 ], [ -77.89, 2.37 ], [ -77.88, 2.35 ], [ -77.88, 2.33 ], [ -77.88, 2.32 ], [ -77.88, 2.31 ], [ -77.88, 2.3 ], [ -77.87, 2.3 ], [ -77.87, 2.29 ], [ -77.87, 2.28 ], [ -77.86, 2.27 ], [ -77.85, 2.26 ], [ -77.85, 2.24 ], [ -77.85, 2.23 ], [ -77.85, 2.21 ], [ -77.85, 2.19 ], [ -77.84, 2.18 ], [ -77.82, 2.18 ], [ -77.8, 2.17 ], [ -77.8, 2.16 ], [ -77.79, 2.16 ], [ -77.78, 2.15 ], [ -77.75, 2.14 ], [ -77.74, 2.13 ], [ -77.73, 2.13 ], [ -77.7, 2.15 ], [ -77.69, 2.15 ], [ -77.68, 2.16 ], [ -77.66, 2.16 ], [ -77.65, 2.17 ], [ -77.6, 2.16 ], [ -77.59, 2.17 ], [ -77.57, 2.18 ], [ -77.56, 2.19 ], [ -77.56, 2.2 ], [ -77.54, 2.2 ], [ -77.53, 2.2 ], [ -77.52, 2.2 ], [ -77.51, 2.2 ], [ -77.5, 2.19 ], [ -77.49, 2.2 ], [ -77.48, 2.2 ], [ -77.48, 2.21 ], [ -77.49, 2.22 ], [ -77.48, 2.23 ], [ -77.48, 2.24 ], [ -77.47, 2.24 ], [ -77.47, 2.26 ], [ -77.48, 2.27 ], [ -77.47, 2.27 ], [ -77.46, 2.29 ], [ -77.44, 2.29 ], [ -77.43, 2.28 ], [ -77.42, 2.27 ], [ -77.41, 2.27 ], [ -77.4, 2.26 ], [ -77.39, 2.26 ], [ -77.38, 2.26 ], [ -77.37, 2.26 ], [ -77.36, 2.26 ], [ -77.35, 2.26 ], [ -77.35, 2.25 ], [ -77.34, 2.24 ], [ -77.32, 2.22 ], [ -77.32, 2.21 ], [ -77.32, 2.2 ], [ -77.31, 2.2 ], [ -77.31, 2.19 ], [ -77.32, 2.18 ], [ -77.31, 2.17 ], [ -77.31, 2.15 ], [ -77.31, 2.14 ], [ -77.31, 2.13 ], [ -77.31, 2.12 ], [ -77.31, 2.11 ], [ -77.31, 2.1 ], [ -77.32, 2.09 ], [ -77.32, 2.08 ], [ -77.32, 2.07 ], [ -77.33, 2.06 ], [ -77.33, 2.05 ], [ -77.31, 2.04 ], [ -77.3, 2.03 ], [ -77.28, 2.02 ], [ -77.27, 2.01 ], [ -77.26, 1.99 ], [ -77.25, 1.99 ], [ -77.24, 1.99 ], [ -77.22, 1.99 ], [ -77.22, 1.98 ], [ -77.21, 1.98 ], [ -77.21, 1.97 ], [ -77.2, 1.95 ], [ -77.21, 1.94 ], [ -77.22, 1.94 ], [ -77.22, 1.93 ], [ -77.22, 1.92 ], [ -77.23, 1.92 ], [ -77.24, 1.92 ], [ -77.25, 1.91 ], [ -77.24, 1.9 ], [ -77.24, 1.89 ], [ -77.25, 1.88 ], [ -77.26, 1.87 ], [ -77.28, 1.86 ], [ -77.28, 1.85 ], [ -77.29, 1.85 ], [ -77.29, 1.83 ], [ -77.3, 1.82 ], [ -77.3, 1.81 ], [ -77.31, 1.8 ], [ -77.3, 1.8 ], [ -77.3, 1.79 ], [ -77.29, 1.77 ], [ -77.3, 1.76 ], [ -77.3, 1.75 ], [ -77.31, 1.74 ], [ -77.31, 1.73 ], [ -77.32, 1.72 ], [ -77.32, 1.71 ], [ -77.32, 1.7 ], [ -77.33, 1.68 ], [ -77.32, 1.68 ], [ -77.31, 1.68 ], [ -77.3, 1.67 ], [ -77.29, 1.67 ], [ -77.28, 1.67 ], [ -77.28, 1.66 ], [ -77.27, 1.66 ], [ -77.27, 1.67 ], [ -77.26, 1.67 ], [ -77.25, 1.67 ], [ -77.25, 1.66 ], [ -77.24, 1.66 ], [ -77.23, 1.66 ], [ -77.22, 1.67 ], [ -77.21, 1.67 ], [ -77.2, 1.67 ], [ -77.19, 1.68 ], [ -77.18, 1.67 ], [ -77.17, 1.68 ], [ -77.16, 1.68 ], [ -77.15, 1.68 ], [ -77.14, 1.68 ], [ -77.14, 1.67 ], [ -77.14, 1.65 ], [ -77.13, 1.66 ], [ -77.09, 1.66 ], [ -77.09, 1.67 ], [ -77.07, 1.67 ], [ -77.06, 1.69 ], [ -77.06, 1.7 ], [ -77.05, 1.7 ], [ -77.04, 1.71 ], [ -77.03, 1.71 ], [ -77.02, 1.71 ], [ -77.01, 1.71 ], [ -77.0, 1.71 ], [ -76.99, 1.71 ], [ -76.97, 1.71 ], [ -76.96, 1.72 ], [ -76.95, 1.72 ], [ -76.95, 1.73 ], [ -76.94, 1.73 ], [ -76.93, 1.72 ], [ -76.93, 1.71 ], [ -76.92, 1.7 ], [ -76.91, 1.68 ], [ -76.9, 1.66 ], [ -76.89, 1.66 ], [ -76.86, 1.64 ], [ -76.85, 1.64 ], [ -76.85, 1.63 ], [ -76.84, 1.63 ], [ -76.84, 1.62 ], [ -76.83, 1.62 ], [ -76.83, 1.61 ], [ -76.84, 1.6 ], [ -76.84, 1.58 ], [ -76.86, 1.56 ], [ -76.86, 1.54 ], [ -76.85, 1.54 ], [ -76.85, 1.53 ], [ -76.86, 1.52 ], [ -76.87, 1.52 ], [ -76.89, 1.52 ], [ -76.9, 1.52 ], [ -76.91, 1.51 ], [ -76.91, 1.5 ], [ -76.93, 1.5 ], [ -76.93, 1.49 ], [ -76.93, 1.48 ], [ -76.93, 1.47 ], [ -76.92, 1.45 ], [ -76.92, 1.44 ], [ -76.92, 1.43 ], [ -76.92, 1.41 ], [ -76.93, 1.4 ], [ -76.93, 1.39 ], [ -76.93, 1.38 ], [ -76.93, 1.37 ], [ -76.93, 1.36 ], [ -76.92, 1.35 ], [ -76.92, 1.34 ], [ -76.91, 1.34 ], [ -76.9, 1.35 ], [ -76.9, 1.36 ], [ -76.89, 1.37 ], [ -76.88, 1.37 ], [ -76.87, 1.37 ], [ -76.87, 1.38 ], [ -76.86, 1.38 ], [ -76.85, 1.38 ], [ -76.83, 1.39 ], [ -76.82, 1.4 ], [ -76.81, 1.4 ], [ -76.8, 1.41 ], [ -76.79, 1.41 ], [ -76.78, 1.41 ], [ -76.77, 1.41 ], [ -76.77, 1.42 ], [ -76.75, 1.42 ], [ -76.74, 1.43 ], [ -76.73, 1.43 ], [ -76.72, 1.44 ], [ -76.7, 1.44 ], [ -76.69, 1.46 ], [ -76.68, 1.46 ], [ -76.68, 1.47 ], [ -76.67, 1.47 ], [ -76.66, 1.46 ], [ -76.65, 1.46 ], [ -76.65, 1.45 ], [ -76.64, 1.45 ], [ -76.64, 1.44 ], [ -76.64, 1.43 ], [ -76.63, 1.43 ], [ -76.62, 1.42 ], [ -76.61, 1.42 ], [ -76.6, 1.41 ], [ -76.6, 1.4 ], [ -76.59, 1.4 ], [ -76.59, 1.39 ], [ -76.58, 1.39 ], [ -76.57, 1.39 ], [ -76.57, 1.38 ], [ -76.58, 1.37 ], [ -76.58, 1.36 ], [ -76.58, 1.35 ], [ -76.58, 1.34 ], [ -76.57, 1.33 ], [ -76.57, 1.32 ], [ -76.58, 1.32 ], [ -76.58, 1.31 ], [ -76.59, 1.3 ], [ -76.57, 1.28 ], [ -76.57, 1.27 ], [ -76.57, 1.26 ], [ -76.57, 1.25 ], [ -76.56, 1.25 ], [ -76.57, 1.24 ], [ -76.56, 1.23 ], [ -76.54, 1.22 ], [ -76.54, 1.21 ], [ -76.54, 1.2 ], [ -76.54, 1.18 ], [ -76.54, 1.16 ], [ -76.55, 1.15 ], [ -76.55, 1.14 ], [ -76.55, 1.13 ], [ -76.55, 1.12 ], [ -76.55, 1.11 ], [ -76.56, 1.11 ], [ -76.56, 1.1 ], [ -76.57, 1.09 ], [ -76.57, 1.08 ], [ -76.56, 1.08 ], [ -76.56, 1.07 ], [ -76.56, 1.06 ], [ -76.55, 1.05 ], [ -76.54, 1.04 ], [ -76.54, 1.03 ], [ -76.53, 1.03 ], [ -76.52, 1.03 ], [ -76.5, 1.03 ], [ -76.49, 1.03 ], [ -76.49, 1.02 ], [ -76.48, 1.0 ], [ -76.47, 1.0 ], [ -76.45, 0.99 ], [ -76.45, 0.98 ], [ -76.45, 0.97 ], [ -76.44, 0.97 ], [ -76.43, 0.96 ], [ -76.42, 0.96 ], [ -76.41, 0.96 ], [ -76.41, 0.97 ], [ -76.4, 0.98 ], [ -76.38, 0.98 ], [ -76.37, 0.98 ], [ -76.35, 0.98 ], [ -76.34, 0.98 ], [ -76.33, 0.97 ], [ -76.33, 0.96 ], [ -76.31, 0.97 ], [ -76.3, 0.96 ], [ -76.29, 0.96 ], [ -76.28, 0.97 ], [ -76.28, 0.98 ], [ -76.27, 0.98 ], [ -76.27, 0.97 ], [ -76.26, 0.97 ], [ -76.25, 0.98 ], [ -76.24, 0.97 ], [ -76.24, 0.98 ], [ -76.22, 0.98 ], [ -76.2, 0.98 ], [ -76.2, 0.99 ], [ -76.19, 0.99 ], [ -76.19, 1.0 ], [ -76.19, 1.01 ], [ -76.18, 1.01 ], [ -76.18, 1.02 ], [ -76.18, 1.03 ], [ -76.17, 1.03 ], [ -76.15, 1.02 ], [ -76.13, 1.01 ], [ -76.11, 1.01 ], [ -76.1, 1.02 ], [ -76.09, 1.02 ], [ -76.08, 1.02 ], [ -76.08, 1.03 ], [ -76.08, 1.05 ], [ -76.09, 1.05 ], [ -76.09, 1.06 ], [ -76.08, 1.06 ], [ -76.08, 1.07 ], [ -76.09, 1.07 ], [ -76.1, 1.07 ], [ -76.1, 1.08 ], [ -76.11, 1.09 ], [ -76.12, 1.08 ], [ -76.12, 1.09 ], [ -76.12, 1.1 ], [ -76.13, 1.1 ], [ -76.14, 1.1 ], [ -76.15, 1.1 ], [ -76.15, 1.11 ], [ -76.16, 1.11 ], [ -76.17, 1.11 ], [ -76.18, 1.11 ], [ -76.19, 1.11 ], [ -76.2, 1.12 ], [ -76.21, 1.12 ], [ -76.21, 1.11 ], [ -76.22, 1.11 ], [ -76.23, 1.12 ], [ -76.24, 1.12 ], [ -76.25, 1.12 ], [ -76.26, 1.12 ], [ -76.26, 1.13 ], [ -76.28, 1.14 ], [ -76.28, 1.15 ], [ -76.28, 1.16 ], [ -76.29, 1.16 ], [ -76.29, 1.17 ], [ -76.29, 1.18 ], [ -76.3, 1.18 ], [ -76.3, 1.19 ], [ -76.29, 1.2 ], [ -76.29, 1.21 ], [ -76.29, 1.22 ], [ -76.3, 1.22 ], [ -76.3, 1.23 ], [ -76.3, 1.24 ], [ -76.29, 1.24 ], [ -76.29, 1.25 ], [ -76.28, 1.26 ], [ -76.27, 1.27 ], [ -76.26, 1.27 ], [ -76.25, 1.28 ], [ -76.25, 1.29 ], [ -76.25, 1.3 ], [ -76.24, 1.3 ], [ -76.24, 1.31 ], [ -76.23, 1.31 ], [ -76.23, 1.32 ], [ -76.22, 1.32 ], [ -76.22, 1.33 ], [ -76.22, 1.34 ], [ -76.21, 1.34 ], [ -76.21, 1.35 ], [ -76.2, 1.35 ], [ -76.2, 1.37 ], [ -76.2, 1.38 ], [ -76.2, 1.39 ], [ -76.2, 1.4 ], [ -76.2, 1.41 ], [ -76.2, 1.42 ], [ -76.19, 1.42 ], [ -76.19, 1.44 ], [ -76.18, 1.44 ], [ -76.18, 1.45 ], [ -76.18, 1.46 ], [ -76.19, 1.46 ], [ -76.18, 1.48 ], [ -76.18, 1.49 ], [ -76.18, 1.5 ], [ -76.17, 1.51 ], [ -76.16, 1.52 ], [ -76.15, 1.54 ], [ -76.15, 1.55 ], [ -76.16, 1.55 ], [ -76.16, 1.56 ], [ -76.15, 1.56 ], [ -76.16, 1.57 ], [ -76.16, 1.58 ], [ -76.17, 1.59 ], [ -76.18, 1.57 ], [ -76.19, 1.57 ], [ -76.2, 1.58 ], [ -76.2, 1.59 ], [ -76.21, 1.6 ], [ -76.21, 1.61 ], [ -76.21, 1.63 ], [ -76.21, 1.64 ], [ -76.23, 1.66 ], [ -76.23, 1.67 ], [ -76.24, 1.68 ], [ -76.25, 1.68 ], [ -76.25, 1.67 ], [ -76.26, 1.68 ], [ -76.27, 1.67 ], [ -76.28, 1.68 ], [ -76.29, 1.69 ], [ -76.3, 1.69 ], [ -76.32, 1.68 ], [ -76.33, 1.66 ], [ -76.34, 1.66 ], [ -76.35, 1.66 ], [ -76.35, 1.67 ], [ -76.36, 1.67 ], [ -76.37, 1.67 ], [ -76.37, 1.66 ], [ -76.38, 1.66 ], [ -76.38, 1.67 ], [ -76.38, 1.68 ], [ -76.38, 1.69 ], [ -76.38, 1.7 ], [ -76.37, 1.71 ], [ -76.38, 1.72 ], [ -76.37, 1.73 ], [ -76.37, 1.74 ], [ -76.38, 1.75 ], [ -76.41, 1.73 ], [ -76.41, 1.72 ], [ -76.42, 1.72 ], [ -76.43, 1.73 ], [ -76.43, 1.74 ], [ -76.42, 1.75 ], [ -76.42, 1.76 ], [ -76.44, 1.79 ], [ -76.45, 1.8 ], [ -76.47, 1.82 ], [ -76.49, 1.83 ], [ -76.5, 1.83 ], [ -76.51, 1.83 ], [ -76.52, 1.83 ], [ -76.52, 1.82 ], [ -76.53, 1.82 ], [ -76.53, 1.83 ], [ -76.54, 1.84 ], [ -76.55, 1.84 ], [ -76.56, 1.84 ], [ -76.57, 1.85 ], [ -76.57, 1.86 ], [ -76.58, 1.86 ], [ -76.59, 1.87 ], [ -76.59, 1.88 ], [ -76.58, 1.89 ], [ -76.58, 1.9 ], [ -76.59, 1.91 ], [ -76.6, 1.92 ], [ -76.61, 1.93 ], [ -76.62, 1.93 ], [ -76.61, 1.94 ], [ -76.61, 1.95 ], [ -76.62, 1.96 ], [ -76.62, 1.97 ], [ -76.61, 1.99 ], [ -76.61, 2.0 ], [ -76.6, 2.0 ], [ -76.59, 2.0 ], [ -76.58, 2.0 ], [ -76.58, 2.01 ], [ -76.57, 2.02 ], [ -76.57, 2.03 ], [ -76.58, 2.03 ], [ -76.59, 2.03 ], [ -76.58, 2.05 ], [ -76.58, 2.06 ], [ -76.58, 2.08 ], [ -76.58, 2.09 ], [ -76.59, 2.09 ], [ -76.59, 2.11 ], [ -76.58, 2.12 ], [ -76.57, 2.13 ], [ -76.56, 2.13 ], [ -76.55, 2.14 ], [ -76.54, 2.13 ], [ -76.51, 2.14 ], [ -76.51, 2.13 ], [ -76.5, 2.13 ], [ -76.49, 2.13 ], [ -76.48, 2.13 ], [ -76.48, 2.11 ], [ -76.47, 2.11 ], [ -76.47, 2.1 ], [ -76.45, 2.12 ], [ -76.44, 2.12 ], [ -76.43, 2.12 ], [ -76.42, 2.13 ], [ -76.43, 2.14 ], [ -76.44, 2.16 ], [ -76.44, 2.17 ], [ -76.43, 2.17 ], [ -76.44, 2.18 ], [ -76.43, 2.19 ], [ -76.42, 2.19 ], [ -76.4, 2.2 ], [ -76.4, 2.23 ], [ -76.39, 2.24 ], [ -76.39, 2.25 ], [ -76.39, 2.27 ], [ -76.37, 2.28 ], [ -76.38, 2.29 ], [ -76.39, 2.3 ], [ -76.38, 2.32 ], [ -76.37, 2.33 ], [ -76.36, 2.34 ], [ -76.35, 2.35 ], [ -76.36, 2.37 ], [ -76.35, 2.38 ], [ -76.35, 2.39 ], [ -76.35, 2.4 ], [ -76.34, 2.4 ], [ -76.34, 2.39 ], [ -76.33, 2.39 ], [ -76.32, 2.4 ], [ -76.3, 2.39 ], [ -76.3, 2.38 ], [ -76.3, 2.37 ], [ -76.3, 2.36 ], [ -76.29, 2.35 ], [ -76.28, 2.35 ], [ -76.27, 2.35 ], [ -76.26, 2.35 ], [ -76.25, 2.35 ], [ -76.25, 2.34 ], [ -76.24, 2.34 ], [ -76.24, 2.33 ], [ -76.23, 2.32 ], [ -76.22, 2.32 ], [ -76.21, 2.32 ], [ -76.2, 2.33 ], [ -76.18, 2.34 ], [ -76.18, 2.35 ], [ -76.18, 2.36 ], [ -76.17, 2.36 ], [ -76.15, 2.37 ], [ -76.12, 2.38 ], [ -76.12, 2.39 ], [ -76.11, 2.4 ], [ -76.1, 2.41 ], [ -76.09, 2.41 ], [ -76.09, 2.42 ], [ -76.06, 2.41 ], [ -76.05, 2.4 ], [ -76.04, 2.4 ], [ -76.03, 2.4 ], [ -76.03, 2.42 ], [ -76.02, 2.42 ], [ -76.02, 2.43 ], [ -76.02, 2.44 ], [ -76.02, 2.45 ], [ -76.01, 2.46 ], [ -76.0, 2.46 ], [ -76.0, 2.47 ], [ -75.99, 2.48 ], [ -75.99, 2.49 ], [ -75.98, 2.5 ], [ -75.96, 2.5 ], [ -75.96, 2.49 ], [ -75.95, 2.49 ], [ -75.94, 2.49 ], [ -75.94, 2.48 ], [ -75.93, 2.48 ], [ -75.92, 2.48 ], [ -75.92, 2.47 ], [ -75.92, 2.46 ], [ -75.91, 2.46 ], [ -75.91, 2.45 ], [ -75.91, 2.44 ], [ -75.9, 2.44 ], [ -75.89, 2.44 ], [ -75.89, 2.43 ], [ -75.88, 2.43 ], [ -75.87, 2.43 ], [ -75.86, 2.43 ], [ -75.86, 2.44 ], [ -75.85, 2.45 ], [ -75.85, 2.46 ], [ -75.84, 2.46 ], [ -75.84, 2.47 ], [ -75.83, 2.47 ], [ -75.83, 2.48 ], [ -75.82, 2.48 ], [ -75.82, 2.49 ], [ -75.82, 2.5 ], [ -75.82, 2.51 ], [ -75.82, 2.52 ], [ -75.83, 2.53 ], [ -75.83, 2.54 ], [ -75.83, 2.55 ], [ -75.84, 2.56 ], [ -75.84, 2.57 ], [ -75.83, 2.57 ], [ -75.83, 2.58 ], [ -75.82, 2.59 ], [ -75.82, 2.6 ], [ -75.81, 2.6 ], [ -75.81, 2.61 ], [ -75.8, 2.61 ], [ -75.8, 2.62 ], [ -75.8, 2.63 ], [ -75.79, 2.63 ], [ -75.79, 2.64 ], [ -75.79, 2.66 ], [ -75.78, 2.66 ], [ -75.77, 2.67 ], [ -75.77, 2.68 ], [ -75.76, 2.68 ], [ -75.76, 2.7 ], [ -75.75, 2.7 ], [ -75.75, 2.71 ], [ -75.75, 2.72 ], [ -75.75, 2.73 ], [ -75.75, 2.74 ], [ -75.75, 2.75 ], [ -75.76, 2.75 ], [ -75.77, 2.75 ], [ -75.78, 2.75 ], [ -75.78, 2.76 ], [ -75.79, 2.76 ], [ -75.8, 2.77 ], [ -75.81, 2.77 ], [ -75.81, 2.78 ], [ -75.81, 2.79 ], [ -75.81, 2.8 ], [ -75.81, 2.81 ], [ -75.81, 2.82 ], [ -75.82, 2.83 ], [ -75.83, 2.84 ], [ -75.84, 2.84 ], [ -75.85, 2.84 ], [ -75.87, 2.83 ], [ -75.88, 2.83 ], [ -75.9, 2.86 ], [ -76.03, 2.94 ], [ -76.03, 2.95 ], [ -76.03, 2.96 ], [ -76.03, 2.97 ], [ -76.03, 2.98 ], [ -76.03, 2.99 ], [ -76.02, 3.0 ], [ -76.03, 3.01 ], [ -76.04, 3.01 ], [ -76.04, 3.02 ], [ -76.04, 3.03 ], [ -76.04, 3.04 ], [ -76.05, 3.04 ], [ -76.06, 3.04 ], [ -76.06, 3.05 ], [ -76.07, 3.05 ], [ -76.07, 3.07 ], [ -76.07, 3.08 ], [ -76.08, 3.09 ], [ -76.09, 3.09 ], [ -76.09, 3.1 ], [ -76.1, 3.1 ], [ -76.11, 3.1 ], [ -76.11, 3.11 ], [ -76.1, 3.11 ], [ -76.09, 3.11 ], [ -76.08, 3.11 ], [ -76.08, 3.12 ], [ -76.07, 3.12 ], [ -76.08, 3.13 ], [ -76.07, 3.14 ], [ -76.08, 3.15 ], [ -76.09, 3.16 ], [ -76.08, 3.16 ], [ -76.08, 3.17 ], [ -76.09, 3.18 ], [ -76.09, 3.19 ], [ -76.09, 3.2 ], [ -76.08, 3.2 ], [ -76.07, 3.2 ], [ -76.06, 3.21 ], [ -76.07, 3.21 ], [ -76.09, 3.22 ], [ -76.1, 3.22 ], [ -76.11, 3.23 ], [ -76.12, 3.22 ], [ -76.13, 3.22 ], [ -76.14, 3.23 ], [ -76.15, 3.22 ], [ -76.15, 3.23 ], [ -76.16, 3.24 ], [ -76.16, 3.23 ], [ -76.17, 3.23 ], [ -76.18, 3.23 ], [ -76.19, 3.23 ], [ -76.2, 3.24 ], [ -76.21, 3.26 ], [ -76.23, 3.28 ], [ -76.25, 3.28 ], [ -76.26, 3.28 ], [ -76.27, 3.28 ], [ -76.28, 3.28 ], [ -76.29, 3.28 ], [ -76.29, 3.29 ], [ -76.3, 3.29 ], [ -76.31, 3.29 ], [ -76.31, 3.28 ], [ -76.32, 3.28 ], [ -76.33, 3.28 ], [ -76.34, 3.28 ], [ -76.36, 3.29 ], [ -76.37, 3.29 ], [ -76.41, 3.3 ], [ -76.42, 3.31 ], [ -76.45, 3.32 ], [ -76.46, 3.32 ] ], [ [ -76.2, 1.01 ], [ -76.2, 1.0 ], [ -76.21, 1.0 ], [ -76.21, 1.01 ], [ -76.2, 1.02 ], [ -76.2, 1.01 ] ], [ [ -76.3, 2.39 ], [ -76.29, 2.4 ], [ -76.29, 2.39 ], [ -76.3, 2.39 ] ] ], [ [ [ -77.69, 2.99 ], [ -77.7, 2.99 ], [ -77.7, 2.97 ], [ -77.69, 2.99 ] ] ], [ [ [ -76.06, 3.21 ], [ -76.05, 3.22 ], [ -76.06, 3.22 ], [ -76.06, 3.21 ] ] ] ] } },
{ "type": "Feature", "properties": { "coddepto": 23 }, "geometry": { "type": "MultiPolygon", "coordinates": [ [ [ [ -75.95, 9.44 ], [ -75.95, 9.43 ], [ -75.97, 9.42 ], [ -75.97, 9.41 ], [ -75.96, 9.41 ], [ -75.96, 9.4 ], [ -75.96, 9.39 ], [ -75.98, 9.38 ], [ -76.02, 9.35 ], [ -76.07, 9.34 ], [ -76.09, 9.33 ], [ -76.11, 9.3 ], [ -76.1, 9.29 ], [ -76.1, 9.28 ], [ -76.11, 9.27 ], [ -76.13, 9.25 ], [ -76.17, 9.23 ], [ -76.17, 9.22 ], [ -76.18, 9.2 ], [ -76.17, 9.2 ], [ -76.17, 9.19 ], [ -76.18, 9.18 ], [ -76.18, 9.17 ], [ -76.18, 9.16 ], [ -76.18, 9.15 ], [ -76.18, 9.14 ], [ -76.19, 9.13 ], [ -76.19, 9.12 ], [ -76.2, 9.11 ], [ -76.2, 9.1 ], [ -76.21, 9.09 ], [ -76.23, 9.08 ], [ -76.23, 9.07 ], [ -76.25, 9.06 ], [ -76.25, 9.05 ], [ -76.26, 9.05 ], [ -76.26, 9.04 ], [ -76.26, 9.03 ], [ -76.26, 9.01 ], [ -76.26, 9.0 ], [ -76.29, 8.98 ], [ -76.3, 8.97 ], [ -76.32, 8.96 ], [ -76.32, 8.95 ], [ -76.32, 8.94 ], [ -76.33, 8.93 ], [ -76.34, 8.92 ], [ -76.37, 8.91 ], [ -76.41, 8.89 ], [ -76.42, 8.89 ], [ -76.41, 8.88 ], [ -76.38, 8.79 ], [ -76.39, 8.78 ], [ -76.4, 8.78 ], [ -76.42, 8.76 ], [ -76.42, 8.75 ], [ -76.41, 8.75 ], [ -76.4, 8.75 ], [ -76.37, 8.72 ], [ -76.37, 8.71 ], [ -76.36, 8.69 ], [ -76.36, 8.68 ], [ -76.35, 8.67 ], [ -76.35, 8.66 ], [ -76.35, 8.65 ], [ -76.35, 8.64 ], [ -76.34, 8.64 ], [ -76.33, 8.65 ], [ -76.31, 8.66 ], [ -76.31, 8.65 ], [ -76.3, 8.65 ], [ -76.29, 8.65 ], [ -76.28, 8.65 ], [ -76.28, 8.64 ], [ -76.27, 8.64 ], [ -76.27, 8.62 ], [ -76.26, 8.62 ], [ -76.25, 8.61 ], [ -76.25, 8.6 ], [ -76.25, 8.59 ], [ -76.27, 8.58 ], [ -76.25, 8.58 ], [ -76.24, 8.57 ], [ -76.22, 8.57 ], [ -76.22, 8.56 ], [ -76.24, 8.56 ], [ -76.24, 8.55 ], [ -76.23, 8.55 ], [ -76.23, 8.54 ], [ -76.21, 8.52 ], [ -76.21, 8.48 ], [ -76.22, 8.44 ], [ -76.21, 8.44 ], [ -76.21, 8.43 ], [ -76.2, 8.42 ], [ -76.19, 8.41 ], [ -76.18, 8.4 ], [ -76.18, 8.39 ], [ -76.19, 8.39 ], [ -76.2, 8.39 ], [ -76.21, 8.39 ], [ -76.23, 8.38 ], [ -76.24, 8.37 ], [ -76.25, 8.36 ], [ -76.27, 8.35 ], [ -76.29, 8.33 ], [ -76.29, 8.32 ], [ -76.3, 8.31 ], [ -76.3, 8.3 ], [ -76.3, 8.29 ], [ -76.3, 8.28 ], [ -76.31, 8.28 ], [ -76.31, 8.27 ], [ -76.32, 8.26 ], [ -76.32, 8.25 ], [ -76.33, 8.25 ], [ -76.33, 8.24 ], [ -76.33, 8.23 ], [ -76.34, 8.21 ], [ -76.35, 8.21 ], [ -76.35, 8.2 ], [ -76.35, 8.19 ], [ -76.35, 8.18 ], [ -76.35, 8.17 ], [ -76.33, 8.16 ], [ -76.33, 8.15 ], [ -76.34, 8.15 ], [ -76.35, 8.15 ], [ -76.36, 8.15 ], [ -76.37, 8.15 ], [ -76.37, 8.11 ], [ -76.38, 8.11 ], [ -76.41, 8.1 ], [ -76.41, 8.09 ], [ -76.41, 8.08 ], [ -76.41, 8.07 ], [ -76.42, 8.07 ], [ -76.42, 8.06 ], [ -76.43, 8.06 ], [ -76.43, 8.05 ], [ -76.43, 8.04 ], [ -76.42, 8.03 ], [ -76.43, 8.02 ], [ -76.41, 8.01 ], [ -76.42, 7.98 ], [ -76.42, 7.95 ], [ -76.42, 7.93 ], [ -76.42, 7.92 ], [ -76.42, 7.91 ], [ -76.43, 7.91 ], [ -76.44, 7.91 ], [ -76.45, 7.89 ], [ -76.45, 7.88 ], [ -76.46, 7.87 ], [ -76.47, 7.85 ], [ -76.47, 7.84 ], [ -76.48, 7.82 ], [ -76.48, 7.81 ], [ -76.48, 7.8 ], [ -76.48, 7.78 ], [ -76.48, 7.76 ], [ -76.49, 7.76 ], [ -76.5, 7.75 ], [ -76.5, 7.74 ], [ -76.49, 7.73 ], [ -76.49, 7.72 ], [ -76.49, 7.71 ], [ -76.49, 7.7 ], [ -76.49, 7.69 ], [ -76.49, 7.66 ], [ -76.5, 7.65 ], [ -76.49, 7.64 ], [ -76.5, 7.63 ], [ -76.5, 7.62 ], [ -76.51, 7.61 ], [ -76.51, 7.6 ], [ -76.51, 7.59 ], [ -76.51, 7.58 ], [ -76.5, 7.55 ], [ -76.49, 7.55 ], [ -76.49, 7.54 ], [ -76.48, 7.54 ], [ -76.48, 7.53 ], [ -76.47, 7.52 ], [ -76.46, 7.52 ], [ -76.46, 7.51 ], [ -76.45, 7.5 ], [ -76.45, 7.49 ], [ -76.45, 7.48 ], [ -76.44, 7.47 ], [ -76.44, 7.46 ], [ -76.43, 7.45 ], [ -76.42, 7.44 ], [ -76.42, 7.43 ], [ -76.42, 7.42 ], [ -76.41, 7.41 ], [ -76.4, 7.41 ], [ -76.38, 7.39 ], [ -75.85, 7.35 ], [ -75.83, 7.37 ], [ -75.84, 7.39 ], [ -75.83, 7.4 ], [ -75.83, 7.41 ], [ -75.82, 7.41 ], [ -75.82, 7.42 ], [ -75.83, 7.43 ], [ -75.83, 7.44 ], [ -75.82, 7.44 ], [ -75.81, 7.45 ], [ -75.8, 7.45 ], [ -75.79, 7.45 ], [ -75.79, 7.46 ], [ -75.79, 7.48 ], [ -75.78, 7.48 ], [ -75.78, 7.49 ], [ -75.78, 7.5 ], [ -75.79, 7.51 ], [ -75.78, 7.52 ], [ -75.77, 7.52 ], [ -75.77, 7.53 ], [ -75.77, 7.54 ], [ -75.78, 7.54 ], [ -75.77, 7.55 ], [ -75.77, 7.56 ], [ -75.77, 7.57 ], [ -75.76, 7.58 ], [ -75.76, 7.59 ], [ -75.77, 7.6 ], [ -75.76, 7.61 ], [ -75.75, 7.61 ], [ -75.74, 7.61 ], [ -75.72, 7.59 ], [ -75.71, 7.58 ], [ -75.7, 7.58 ], [ -75.69, 7.59 ], [ -75.68, 7.58 ], [ -75.68, 7.6 ], [ -75.67, 7.6 ], [ -75.67, 7.59 ], [ -75.65, 7.59 ], [ -75.64, 7.59 ], [ -75.63, 7.58 ], [ -75.62, 7.58 ], [ -75.61, 7.59 ], [ -75.6, 7.59 ], [ -75.6, 7.6 ], [ -75.59, 7.6 ], [ -75.59, 7.61 ], [ -75.58, 7.62 ], [ -75.57, 7.62 ], [ -75.56, 7.63 ], [ -75.55, 7.63 ], [ -75.56, 7.64 ], [ -75.55, 7.65 ], [ -75.55, 7.66 ], [ -75.55, 7.67 ], [ -75.55, 7.68 ], [ -75.54, 7.68 ], [ -75.54, 7.69 ], [ -75.53, 7.7 ], [ -75.54, 7.71 ], [ -75.53, 7.72 ], [ -75.52, 7.73 ], [ -75.5, 7.72 ], [ -75.49, 7.73 ], [ -75.48, 7.75 ], [ -75.48, 7.77 ], [ -75.47, 7.78 ], [ -75.46, 7.79 ], [ -75.45, 7.8 ], [ -75.46, 7.81 ], [ -75.47, 7.82 ], [ -75.47, 7.83 ], [ -75.46, 7.83 ], [ -75.45, 7.83 ], [ -75.43, 7.82 ], [ -75.42, 7.82 ], [ -75.42, 7.83 ], [ -75.42, 7.84 ], [ -75.41, 7.84 ], [ -75.41, 7.85 ], [ -75.4, 7.86 ], [ -75.39, 7.86 ], [ -75.38, 7.86 ], [ -75.36, 7.87 ], [ -75.35, 7.87 ], [ -75.34, 7.88 ], [ -75.34, 7.89 ], [ -75.34, 7.9 ], [ -75.34, 7.91 ], [ -75.34, 7.92 ], [ -75.33, 7.93 ], [ -75.33, 7.94 ], [ -75.34, 7.94 ], [ -75.34, 7.95 ], [ -75.33, 7.95 ], [ -75.32, 7.95 ], [ -75.32, 7.94 ], [ -75.31, 7.95 ], [ -75.3, 7.96 ], [ -75.29, 7.96 ], [ -75.29, 7.97 ], [ -75.28, 7.98 ], [ -75.27, 7.99 ], [ -75.27, 8.0 ], [ -75.25, 8.0 ], [ -75.24, 8.01 ], [ -75.24, 8.02 ], [ -75.24, 8.03 ], [ -75.25, 8.04 ], [ -75.23, 8.05 ], [ -75.23, 8.06 ], [ -75.22, 8.06 ], [ -75.21, 8.06 ], [ -75.2, 8.06 ], [ -75.19, 8.05 ], [ -75.18, 8.05 ], [ -75.16, 8.05 ], [ -75.15, 8.05 ], [ -75.13, 8.05 ], [ -75.13, 8.04 ], [ -75.12, 8.04 ], [ -75.12, 8.05 ], [ -75.1, 8.06 ], [ -75.1, 8.07 ], [ -75.09, 8.07 ], [ -75.09, 8.06 ], [ -75.08, 8.06 ], [ -75.08, 8.05 ], [ -75.06, 8.05 ], [ -75.05, 8.04 ], [ -75.04, 8.05 ], [ -75.02, 8.06 ], [ -75.01, 8.07 ], [ -75.0, 8.08 ], [ -74.99, 8.07 ], [ -74.98, 8.08 ], [ -74.97, 8.09 ], [ -74.95, 8.08 ], [ -74.94, 8.08 ], [ -74.93, 8.08 ], [ -74.92, 8.09 ], [ -74.91, 8.1 ], [ -74.9, 8.11 ], [ -74.89, 8.12 ], [ -74.89, 8.13 ], [ -74.87, 8.16 ], [ -74.87, 8.17 ], [ -74.87, 8.18 ], [ -74.87, 8.19 ], [ -74.87, 8.2 ], [ -74.86, 8.2 ], [ -74.83, 8.2 ], [ -74.83, 8.21 ], [ -74.83, 8.22 ], [ -74.83, 8.23 ], [ -74.82, 8.23 ], [ -74.81, 8.23 ], [ -74.81, 8.24 ], [ -74.8, 8.24 ], [ -74.8, 8.25 ], [ -74.81, 8.26 ], [ -74.81, 8.27 ], [ -74.8, 8.27 ], [ -74.79, 8.28 ], [ -74.79, 8.29 ], [ -74.8, 8.29 ], [ -74.8, 8.3 ], [ -74.8, 8.31 ], [ -74.79, 8.31 ], [ -74.79, 8.32 ], [ -74.8, 8.32 ], [ -74.8, 8.33 ], [ -74.8, 8.34 ], [ -74.81, 8.34 ], [ -74.81, 8.35 ], [ -74.82, 8.35 ], [ -74.83, 8.36 ], [ -74.82, 8.37 ], [ -74.81, 8.36 ], [ -74.8, 8.37 ], [ -74.81, 8.38 ], [ -74.81, 8.39 ], [ -74.83, 8.39 ], [ -74.84, 8.39 ], [ -74.85, 8.39 ], [ -74.86, 8.39 ], [ -74.86, 8.4 ], [ -74.88, 8.4 ], [ -74.88, 8.42 ], [ -74.88, 8.43 ], [ -74.89, 8.44 ], [ -74.9, 8.45 ], [ -74.93, 8.45 ], [ -74.93, 8.5 ], [ -74.99, 8.51 ], [ -75.0, 8.52 ], [ -75.01, 8.52 ], [ -75.01, 8.51 ], [ -75.02, 8.5 ], [ -75.03, 8.5 ], [ -75.03, 8.49 ], [ -75.03, 8.47 ], [ -75.04, 8.46 ], [ -75.05, 8.46 ], [ -75.05, 8.47 ], [ -75.06, 8.47 ], [ -75.06, 8.46 ], [ -75.06, 8.45 ], [ -75.09, 8.47 ], [ -75.13, 8.47 ], [ -75.13, 8.46 ], [ -75.13, 8.45 ], [ -75.14, 8.43 ], [ -75.16, 8.43 ], [ -75.16, 8.42 ], [ -75.17, 8.42 ], [ -75.17, 8.41 ], [ -75.18, 8.4 ], [ -75.19, 8.4 ], [ -75.2, 8.41 ], [ -75.2, 8.42 ], [ -75.21, 8.42 ], [ -75.21, 8.43 ], [ -75.2, 8.44 ], [ -75.19, 8.44 ], [ -75.2, 8.45 ], [ -75.21, 8.46 ], [ -75.21, 8.47 ], [ -75.22, 8.48 ], [ -75.23, 8.47 ], [ -75.24, 8.47 ], [ -75.24, 8.48 ], [ -75.24, 8.49 ], [ -75.27, 8.49 ], [ -75.28, 8.49 ], [ -75.28, 8.5 ], [ -75.29, 8.5 ], [ -75.3, 8.5 ], [ -75.31, 8.5 ], [ -75.31, 8.51 ], [ -75.31, 8.52 ], [ -75.31, 8.53 ], [ -75.32, 8.54 ], [ -75.32, 8.55 ], [ -75.33, 8.55 ], [ -75.33, 8.56 ], [ -75.32, 8.57 ], [ -75.32, 8.59 ], [ -75.34, 8.63 ], [ -75.34, 8.64 ], [ -75.34, 8.65 ], [ -75.35, 8.65 ], [ -75.35, 8.66 ], [ -75.35, 8.67 ], [ -75.36, 8.67 ], [ -75.36, 8.68 ], [ -75.35, 8.68 ], [ -75.35, 8.69 ], [ -75.35, 8.7 ], [ -75.34, 8.7 ], [ -75.34, 8.71 ], [ -75.34, 8.72 ], [ -75.33, 8.73 ], [ -75.33, 8.74 ], [ -75.33, 8.75 ], [ -75.32, 8.75 ], [ -75.32, 8.76 ], [ -75.33, 8.76 ], [ -75.34, 8.77 ], [ -75.34, 8.78 ], [ -75.36, 8.78 ], [ -75.37, 8.79 ], [ -75.37, 8.81 ], [ -75.37, 8.83 ], [ -75.36, 8.83 ], [ -75.35, 8.84 ], [ -75.35, 8.85 ], [ -75.34, 8.85 ], [ -75.33, 8.87 ], [ -75.32, 8.86 ], [ -75.31, 8.86 ], [ -75.3, 8.86 ], [ -75.29, 8.89 ], [ -75.29, 8.9 ], [ -75.28, 8.91 ], [ -75.27, 8.91 ], [ -75.27, 8.9 ], [ -75.26, 8.9 ], [ -75.24, 8.88 ], [ -75.24, 8.89 ], [ -75.23, 8.9 ], [ -75.23, 8.91 ], [ -75.22, 8.92 ], [ -75.21, 8.92 ], [ -75.2, 8.92 ], [ -75.19, 8.92 ], [ -75.18, 8.93 ], [ -75.17, 8.93 ], [ -75.17, 8.94 ], [ -75.16, 8.94 ], [ -75.17, 8.95 ], [ -75.18, 8.97 ], [ -75.19, 8.97 ], [ -75.19, 8.99 ], [ -75.2, 9.0 ], [ -75.21, 9.01 ], [ -75.21, 9.02 ], [ -75.21, 9.03 ], [ -75.21, 9.04 ], [ -75.21, 9.05 ], [ -75.22, 9.06 ], [ -75.22, 9.07 ], [ -75.24, 9.07 ], [ -75.25, 9.07 ], [ -75.26, 9.07 ], [ -75.27, 9.08 ], [ -75.28, 9.07 ], [ -75.29, 9.08 ], [ -75.3, 9.08 ], [ -75.3, 9.09 ], [ -75.31, 9.09 ], [ -75.31, 9.1 ], [ -75.31, 9.11 ], [ -75.31, 9.12 ], [ -75.32, 9.12 ], [ -75.33, 9.13 ], [ -75.34, 9.13 ], [ -75.35, 9.12 ], [ -75.36, 9.13 ], [ -75.36, 9.14 ], [ -75.37, 9.14 ], [ -75.38, 9.14 ], [ -75.38, 9.15 ], [ -75.39, 9.16 ], [ -75.41, 9.15 ], [ -75.42, 9.15 ], [ -75.43, 9.15 ], [ -75.43, 9.14 ], [ -75.45, 9.14 ], [ -75.45, 9.15 ], [ -75.46, 9.16 ], [ -75.47, 9.16 ], [ -75.46, 9.17 ], [ -75.46, 9.18 ], [ -75.46, 9.19 ], [ -75.46, 9.2 ], [ -75.47, 9.21 ], [ -75.46, 9.22 ], [ -75.46, 9.24 ], [ -75.47, 9.25 ], [ -75.48, 9.25 ], [ -75.48, 9.26 ], [ -75.49, 9.26 ], [ -75.5, 9.26 ], [ -75.49, 9.27 ], [ -75.49, 9.28 ], [ -75.5, 9.28 ], [ -75.51, 9.27 ], [ -75.51, 9.26 ], [ -75.52, 9.26 ], [ -75.53, 9.26 ], [ -75.55, 9.26 ], [ -75.56, 9.27 ], [ -75.57, 9.28 ], [ -75.58, 9.27 ], [ -75.59, 9.27 ], [ -75.59, 9.28 ], [ -75.61, 9.28 ], [ -75.6, 9.29 ], [ -75.6, 9.3 ], [ -75.59, 9.3 ], [ -75.6, 9.31 ], [ -75.6, 9.32 ], [ -75.6, 9.33 ], [ -75.61, 9.33 ], [ -75.61, 9.34 ], [ -75.62, 9.35 ], [ -75.63, 9.35 ], [ -75.64, 9.35 ], [ -75.65, 9.35 ], [ -75.65, 9.36 ], [ -75.66, 9.36 ], [ -75.67, 9.34 ], [ -75.68, 9.35 ], [ -75.69, 9.35 ], [ -75.69, 9.36 ], [ -75.7, 9.37 ], [ -75.7, 9.41 ], [ -75.72, 9.41 ], [ -75.72, 9.42 ], [ -75.73, 9.42 ], [ -75.74, 9.42 ], [ -75.75, 9.42 ], [ -75.76, 9.41 ], [ -75.77, 9.4 ], [ -75.78, 9.4 ], [ -75.78, 9.39 ], [ -75.79, 9.4 ], [ -75.8, 9.4 ], [ -75.81, 9.4 ], [ -75.82, 9.4 ], [ -75.82, 9.39 ], [ -75.83, 9.39 ], [ -75.83, 9.4 ], [ -75.84, 9.4 ], [ -75.83, 9.41 ], [ -75.83, 9.42 ], [ -75.83, 9.43 ], [ -75.84, 9.43 ], [ -75.85, 9.43 ], [ -75.88, 9.42 ], [ -75.89, 9.42 ], [ -75.91, 9.44 ], [ -75.92, 9.44 ], [ -75.92, 9.45 ], [ -75.95, 9.44 ] ], [ [ -75.32, 8.54 ], [ -75.33, 8.53 ], [ -75.33, 8.54 ], [ -75.32, 8.54 ] ] ], [ [ [ -75.3, 9.09 ], [ -75.29, 9.1 ], [ -75.3, 9.1 ], [ -75.3, 9.09 ] ] ], [ [ [ -75.82, 9.42 ], [ -75.81, 9.42 ], [ -75.81, 9.41 ], [ -75.8, 9.41 ], [ -75.79, 9.41 ], [ -75.79, 9.42 ], [ -75.79, 9.43 ], [ -75.8, 9.43 ], [ -75.82, 9.43 ], [ -75.82, 9.42 ] ] ] ] } },
{ "type": "Feature", "properties": { "coddepto": 27 }, "geometry": { "type": "MultiPolygon", "coordinates": [ [ [ [ -77.53, 6.66 ], [ -77.52, 6.66 ], [ -77.51, 6.66 ], [ -77.51, 6.67 ], [ -77.51, 6.68 ], [ -77.5, 6.69 ], [ -77.47, 6.7 ], [ -77.46, 6.71 ], [ -77.45, 6.71 ], [ -77.44, 6.7 ], [ -77.43, 6.7 ], [ -77.43, 6.69 ], [ -77.43, 6.68 ], [ -77.42, 6.68 ], [ -77.42, 6.69 ], [ -77.41, 6.69 ], [ -77.4, 6.68 ], [ -77.4, 6.67 ], [ -77.4, 6.66 ], [ -77.4, 6.65 ], [ -77.4, 6.64 ], [ -77.4, 6.63 ], [ -77.4, 6.62 ], [ -77.39, 6.62 ], [ -77.39, 6.61 ], [ -77.38, 6.61 ], [ -77.37, 6.6 ], [ -77.37, 6.59 ], [ -77.37, 6.58 ], [ -77.36, 6.58 ], [ -77.35, 6.58 ], [ -77.34, 6.58 ], [ -77.34, 6.57 ], [ -77.33, 6.56 ], [ -77.33, 6.55 ], [ -77.33, 6.54 ], [ -77.33, 6.53 ], [ -77.34, 6.53 ], [ -77.34, 6.51 ], [ -77.35, 6.5 ], [ -77.35, 6.49 ], [ -77.36, 6.49 ], [ -77.36, 6.48 ], [ -77.35, 6.47 ], [ -77.35, 6.46 ], [ -77.36, 6.46 ], [ -77.36, 6.45 ], [ -77.36, 6.44 ], [ -77.37, 6.43 ], [ -77.38, 6.43 ], [ -77.38, 6.42 ], [ -77.37, 6.42 ], [ -77.36, 6.41 ], [ -77.36, 6.4 ], [ -77.36, 6.39 ], [ -77.37, 6.39 ], [ -77.38, 6.39 ], [ -77.39, 6.39 ], [ -77.4, 6.39 ], [ -77.41, 6.39 ], [ -77.41, 6.38 ], [ -77.4, 6.38 ], [ -77.4, 6.37 ], [ -77.39, 6.37 ], [ -77.38, 6.37 ], [ -77.37, 6.36 ], [ -77.37, 6.35 ], [ -77.37, 6.34 ], [ -77.38, 6.34 ], [ -77.38, 6.33 ], [ -77.38, 6.31 ], [ -77.39, 6.29 ], [ -77.38, 6.28 ], [ -77.4, 6.25 ], [ -77.4, 6.24 ], [ -77.4, 6.23 ], [ -77.41, 6.23 ], [ -77.42, 6.24 ], [ -77.43, 6.27 ], [ -77.44, 6.27 ], [ -77.45, 6.27 ], [ -77.46, 6.27 ], [ -77.46, 6.28 ], [ -77.47, 6.29 ], [ -77.47, 6.28 ], [ -77.47, 6.27 ], [ -77.47, 6.26 ], [ -77.47, 6.25 ], [ -77.47, 6.24 ], [ -77.47, 6.22 ], [ -77.48, 6.21 ], [ -77.48, 6.19 ], [ -77.48, 6.18 ], [ -77.47, 6.17 ], [ -77.47, 6.16 ], [ -77.47, 6.15 ], [ -77.46, 6.15 ], [ -77.46, 6.14 ], [ -77.45, 6.14 ], [ -77.45, 6.13 ], [ -77.45, 6.12 ], [ -77.44, 6.12 ], [ -77.43, 6.11 ], [ -77.43, 6.1 ], [ -77.39, 6.07 ], [ -77.37, 6.04 ], [ -77.37, 6.03 ], [ -77.37, 6.02 ], [ -77.36, 6.01 ], [ -77.36, 6.0 ], [ -77.35, 6.0 ], [ -77.35, 6.01 ], [ -77.34, 6.01 ], [ -77.33, 6.0 ], [ -77.33, 5.99 ], [ -77.33, 5.98 ], [ -77.33, 5.97 ], [ -77.33, 5.96 ], [ -77.32, 5.96 ], [ -77.32, 5.95 ], [ -77.32, 5.94 ], [ -77.31, 5.93 ], [ -77.31, 5.92 ], [ -77.31, 5.91 ], [ -77.31, 5.9 ], [ -77.3, 5.89 ], [ -77.3, 5.88 ], [ -77.31, 5.87 ], [ -77.3, 5.87 ], [ -77.29, 5.87 ], [ -77.29, 5.86 ], [ -77.29, 5.85 ], [ -77.28, 5.85 ], [ -77.28, 5.84 ], [ -77.28, 5.83 ], [ -77.27, 5.83 ], [ -77.27, 5.82 ], [ -77.26, 5.8 ], [ -77.25, 5.79 ], [ -77.24, 5.79 ], [ -77.24, 5.78 ], [ -77.24, 5.77 ], [ -77.25, 5.77 ], [ -77.26, 5.76 ], [ -77.26, 5.73 ], [ -77.26, 5.72 ], [ -77.27, 5.71 ], [ -77.28, 5.71 ], [ -77.28, 5.69 ], [ -77.3, 5.67 ], [ -77.31, 5.67 ], [ -77.32, 5.67 ], [ -77.32, 5.66 ], [ -77.32, 5.65 ], [ -77.33, 5.65 ], [ -77.33, 5.64 ], [ -77.33, 5.63 ], [ -77.34, 5.62 ], [ -77.36, 5.61 ], [ -77.37, 5.61 ], [ -77.38, 5.61 ], [ -77.38, 5.62 ], [ -77.39, 5.62 ], [ -77.39, 5.63 ], [ -77.4, 5.63 ], [ -77.41, 5.63 ], [ -77.42, 5.63 ], [ -77.42, 5.62 ], [ -77.43, 5.62 ], [ -77.44, 5.61 ], [ -77.46, 5.6 ], [ -77.47, 5.6 ], [ -77.48, 5.6 ], [ -77.48, 5.61 ], [ -77.49, 5.61 ], [ -77.49, 5.6 ], [ -77.5, 5.6 ], [ -77.5, 5.59 ], [ -77.5, 5.58 ], [ -77.5, 5.57 ], [ -77.51, 5.57 ], [ -77.51, 5.56 ], [ -77.51, 5.55 ], [ -77.51, 5.54 ], [ -77.51, 5.53 ], [ -77.52, 5.52 ], [ -77.52, 5.51 ], [ -77.53, 5.5 ], [ -77.53, 5.49 ], [ -77.54, 5.49 ], [ -77.54, 5.48 ], [ -77.53, 5.48 ], [ -77.52, 5.48 ], [ -77.51, 5.48 ], [ -77.5, 5.48 ], [ -77.49, 5.48 ], [ -77.48, 5.49 ], [ -77.47, 5.48 ], [ -77.47, 5.49 ], [ -77.46, 5.49 ], [ -77.45, 5.49 ], [ -77.44, 5.48 ], [ -77.43, 5.47 ], [ -77.43, 5.46 ], [ -77.43, 5.44 ], [ -77.42, 5.44 ], [ -77.41, 5.45 ], [ -77.4, 5.45 ], [ -77.4, 5.44 ], [ -77.39, 5.44 ], [ -77.39, 5.43 ], [ -77.39, 5.42 ], [ -77.4, 5.42 ], [ -77.4, 5.41 ], [ -77.39, 5.41 ], [ -77.39, 5.4 ], [ -77.4, 5.4 ], [ -77.41, 5.4 ], [ -77.4, 5.36 ], [ -77.4, 5.35 ], [ -77.4, 5.34 ], [ -77.4, 5.32 ], [ -77.39, 5.32 ], [ -77.39, 5.29 ], [ -77.39, 5.28 ], [ -77.39, 5.27 ], [ -77.39, 5.26 ], [ -77.39, 5.24 ], [ -77.39, 5.2 ], [ -77.4, 5.17 ], [ -77.39, 5.16 ], [ -77.39, 5.15 ], [ -77.38, 5.12 ], [ -77.38, 5.11 ], [ -77.38, 5.09 ], [ -77.38, 5.07 ], [ -77.38, 4.96 ], [ -77.37, 4.95 ], [ -77.37, 4.94 ], [ -77.36, 4.91 ], [ -77.36, 4.9 ], [ -77.36, 4.89 ], [ -77.35, 4.89 ], [ -77.35, 4.88 ], [ -77.36, 4.88 ], [ -77.36, 4.87 ], [ -77.35, 4.81 ], [ -77.34, 4.8 ], [ -77.33, 4.8 ], [ -77.33, 4.79 ], [ -77.35, 4.78 ], [ -77.35, 4.77 ], [ -77.34, 4.77 ], [ -77.33, 4.78 ], [ -77.32, 4.78 ], [ -77.31, 4.78 ], [ -77.31, 4.77 ], [ -77.31, 4.76 ], [ -77.3, 4.75 ], [ -77.3, 4.74 ], [ -77.32, 4.75 ], [ -77.33, 4.75 ], [ -77.33, 4.74 ], [ -77.33, 4.7 ], [ -77.33, 4.69 ], [ -77.32, 4.69 ], [ -77.32, 4.68 ], [ -77.32, 4.66 ], [ -77.33, 4.57 ], [ -77.33, 4.56 ], [ -77.34, 4.54 ], [ -77.33, 4.53 ], [ -77.32, 4.53 ], [ -77.32, 4.52 ], [ -77.33, 4.51 ], [ -77.34, 4.51 ], [ -77.35, 4.44 ], [ -77.35, 4.43 ], [ -77.35, 4.42 ], [ -77.36, 4.41 ], [ -77.37, 4.4 ], [ -77.37, 4.39 ], [ -77.37, 4.38 ], [ -77.37, 4.37 ], [ -77.38, 4.37 ], [ -77.39, 4.37 ], [ -77.4, 4.35 ], [ -77.43, 4.32 ], [ -77.44, 4.31 ], [ -77.42, 4.3 ], [ -77.41, 4.3 ], [ -77.41, 4.29 ], [ -77.42, 4.29 ], [ -77.43, 4.28 ], [ -77.44, 4.28 ], [ -77.45, 4.28 ], [ -77.46, 4.27 ], [ -77.47, 4.27 ], [ -77.49, 4.26 ], [ -77.5, 4.26 ], [ -77.49, 4.27 ], [ -77.48, 4.29 ], [ -77.5, 4.29 ], [ -77.52, 4.28 ], [ -77.52, 4.26 ], [ -77.53, 4.23 ], [ -77.53, 4.2 ], [ -77.53, 4.19 ], [ -77.52, 4.17 ], [ -77.53, 4.14 ], [ -77.53, 4.13 ], [ -77.51, 4.11 ], [ -77.49, 4.1 ], [ -77.49, 4.09 ], [ -77.46, 4.05 ], [ -77.45, 4.04 ], [ -77.44, 4.06 ], [ -77.43, 4.09 ], [ -77.43, 4.11 ], [ -77.44, 4.12 ], [ -77.44, 4.13 ], [ -77.44, 4.14 ], [ -77.44, 4.15 ], [ -77.42, 4.14 ], [ -77.39, 4.15 ], [ -77.39, 4.16 ], [ -77.38, 4.17 ], [ -77.37, 4.18 ], [ -77.36, 4.19 ], [ -77.35, 4.2 ], [ -77.34, 4.2 ], [ -77.33, 4.19 ], [ -77.32, 4.17 ], [ -77.31, 4.17 ], [ -77.29, 4.18 ], [ -77.29, 4.19 ], [ -77.29, 4.21 ], [ -77.28, 4.22 ], [ -77.26, 4.23 ], [ -77.25, 4.23 ], [ -77.25, 4.22 ], [ -77.25, 4.19 ], [ -77.24, 4.18 ], [ -77.22, 4.16 ], [ -77.21, 4.16 ], [ -77.2, 4.17 ], [ -77.19, 4.17 ], [ -77.17, 4.18 ], [ -77.16, 4.18 ], [ -77.15, 4.18 ], [ -77.14, 4.16 ], [ -77.13, 4.16 ], [ -77.13, 4.14 ], [ -77.12, 4.13 ], [ -77.12, 4.12 ], [ -77.11, 4.12 ], [ -77.11, 4.11 ], [ -77.1, 4.11 ], [ -77.1, 4.12 ], [ -77.09, 4.12 ], [ -77.08, 4.11 ], [ -77.07, 4.11 ], [ -77.07, 4.1 ], [ -77.06, 4.1 ], [ -77.05, 4.1 ], [ -77.04, 4.1 ], [ -77.04, 4.09 ], [ -77.03, 4.09 ], [ -77.02, 4.1 ], [ -77.01, 4.1 ], [ -77.0, 4.1 ], [ -77.0, 4.12 ], [ -76.99, 4.12 ], [ -76.99, 4.11 ], [ -76.98, 4.12 ], [ -76.97, 4.12 ], [ -76.95, 4.12 ], [ -76.95, 4.11 ], [ -76.94, 4.11 ], [ -76.93, 4.11 ], [ -76.92, 4.1 ], [ -76.91, 4.1 ], [ -76.91, 4.08 ], [ -76.9, 4.08 ], [ -76.9, 4.07 ], [ -76.89, 4.07 ], [ -76.88, 4.06 ], [ -76.88, 4.05 ], [ -76.87, 4.05 ], [ -76.87, 4.04 ], [ -76.87, 4.03 ], [ -76.86, 4.03 ], [ -76.85, 4.03 ], [ -76.85, 4.04 ], [ -76.84, 4.04 ], [ -76.82, 4.03 ], [ -76.82, 4.02 ], [ -76.82, 4.01 ], [ -76.81, 4.01 ], [ -76.8, 4.01 ], [ -76.79, 4.01 ], [ -76.79, 4.0 ], [ -76.77, 4.0 ], [ -76.77, 3.99 ], [ -76.76, 3.99 ], [ -76.75, 3.99 ], [ -76.75, 3.98 ], [ -76.7, 3.98 ], [ -76.69, 3.97 ], [ -76.68, 3.97 ], [ -76.66, 3.98 ], [ -76.66, 3.99 ], [ -76.65, 4.0 ], [ -76.62, 4.01 ], [ -76.6, 4.0 ], [ -76.59, 3.99 ], [ -76.59, 3.98 ], [ -76.58, 3.98 ], [ -76.57, 3.98 ], [ -76.56, 3.99 ], [ -76.56, 4.0 ], [ -76.56, 4.01 ], [ -76.55, 4.01 ], [ -76.54, 4.01 ], [ -76.54, 4.02 ], [ -76.54, 4.03 ], [ -76.54, 4.04 ], [ -76.54, 4.05 ], [ -76.53, 4.06 ], [ -76.52, 4.07 ], [ -76.5, 4.06 ], [ -76.49, 4.07 ], [ -76.49, 4.08 ], [ -76.47, 4.1 ], [ -76.46, 4.13 ], [ -76.45, 4.14 ], [ -76.44, 4.18 ], [ -76.44, 4.19 ], [ -76.45, 4.2 ], [ -76.45, 4.21 ], [ -76.46, 4.23 ], [ -76.47, 4.23 ], [ -76.48, 4.23 ], [ -76.49, 4.24 ], [ -76.51, 4.25 ], [ -76.51, 4.26 ], [ -76.51, 4.27 ], [ -76.52, 4.27 ], [ -76.53, 4.29 ], [ -76.53, 4.3 ], [ -76.53, 4.31 ], [ -76.53, 4.32 ], [ -76.54, 4.33 ], [ -76.55, 4.34 ], [ -76.55, 4.35 ], [ -76.56, 4.37 ], [ -76.56, 4.39 ], [ -76.56, 4.4 ], [ -76.55, 4.4 ], [ -76.54, 4.4 ], [ -76.53, 4.4 ], [ -76.52, 4.4 ], [ -76.5, 4.41 ], [ -76.48, 4.41 ], [ -76.47, 4.42 ], [ -76.45, 4.43 ], [ -76.45, 4.44 ], [ -76.43, 4.44 ], [ -76.43, 4.45 ], [ -76.42, 4.45 ], [ -76.42, 4.46 ], [ -76.41, 4.46 ], [ -76.41, 4.47 ], [ -76.4, 4.47 ], [ -76.39, 4.48 ], [ -76.39, 4.49 ], [ -76.38, 4.49 ], [ -76.37, 4.49 ], [ -76.37, 4.5 ], [ -76.38, 4.51 ], [ -76.38, 4.52 ], [ -76.39, 4.52 ], [ -76.39, 4.53 ], [ -76.4, 4.53 ], [ -76.38, 4.55 ], [ -76.38, 4.56 ], [ -76.37, 4.56 ], [ -76.36, 4.56 ], [ -76.34, 4.56 ], [ -76.34, 4.57 ], [ -76.34, 4.58 ], [ -76.33, 4.59 ], [ -76.33, 4.6 ], [ -76.32, 4.6 ], [ -76.32, 4.61 ], [ -76.32, 4.62 ], [ -76.31, 4.63 ], [ -76.31, 4.64 ], [ -76.3, 4.66 ], [ -76.3, 4.67 ], [ -76.3, 4.68 ], [ -76.3, 4.69 ], [ -76.3, 4.7 ], [ -76.29, 4.7 ], [ -76.29, 4.71 ], [ -76.29, 4.73 ], [ -76.3, 4.74 ], [ -76.31, 4.75 ], [ -76.29, 4.76 ], [ -76.29, 4.77 ], [ -76.28, 4.77 ], [ -76.26, 4.79 ], [ -76.25, 4.79 ], [ -76.23, 4.8 ], [ -76.22, 4.81 ], [ -76.22, 4.82 ], [ -76.21, 4.83 ], [ -76.19, 4.83 ], [ -76.18, 4.83 ], [ -76.14, 4.84 ], [ -76.14, 4.85 ], [ -76.13, 4.86 ], [ -76.13, 4.87 ], [ -76.12, 4.88 ], [ -76.12, 4.89 ], [ -76.13, 4.91 ], [ -76.12, 4.91 ], [ -76.11, 4.92 ], [ -76.1, 4.92 ], [ -76.09, 4.93 ], [ -76.1, 4.94 ], [ -76.09, 4.94 ], [ -76.09, 4.95 ], [ -76.09, 4.98 ], [ -76.1, 5.0 ], [ -76.09, 5.01 ], [ -76.1, 5.03 ], [ -76.09, 5.04 ], [ -76.08, 5.05 ], [ -76.07, 5.06 ], [ -76.07, 5.07 ], [ -76.07, 5.08 ], [ -76.07, 5.09 ], [ -76.06, 5.1 ], [ -76.06, 5.11 ], [ -76.06, 5.12 ], [ -76.06, 5.13 ], [ -76.06, 5.14 ], [ -76.07, 5.14 ], [ -76.08, 5.15 ], [ -76.08, 5.16 ], [ -76.09, 5.16 ], [ -76.1, 5.16 ], [ -76.11, 5.17 ], [ -76.12, 5.17 ], [ -76.13, 5.18 ], [ -76.14, 5.2 ], [ -76.14, 5.21 ], [ -76.14, 5.22 ], [ -76.14, 5.23 ], [ -76.15, 5.24 ], [ -76.16, 5.24 ], [ -76.16, 5.25 ], [ -76.17, 5.26 ], [ -76.17, 5.27 ], [ -76.18, 5.28 ], [ -76.18, 5.29 ], [ -76.19, 5.3 ], [ -76.19, 5.31 ], [ -76.2, 5.32 ], [ -76.2, 5.33 ], [ -76.2, 5.34 ], [ -76.21, 5.34 ], [ -76.21, 5.35 ], [ -76.2, 5.35 ], [ -76.2, 5.36 ], [ -76.2, 5.37 ], [ -76.2, 5.38 ], [ -76.19, 5.39 ], [ -76.19, 5.4 ], [ -76.19, 5.41 ], [ -76.18, 5.4 ], [ -76.17, 5.41 ], [ -76.16, 5.41 ], [ -76.15, 5.41 ], [ -76.14, 5.42 ], [ -76.13, 5.42 ], [ -76.12, 5.42 ], [ -76.11, 5.44 ], [ -76.1, 5.44 ], [ -76.1, 5.45 ], [ -76.09, 5.45 ], [ -76.08, 5.46 ], [ -76.08, 5.47 ], [ -76.08, 5.48 ], [ -76.08, 5.49 ], [ -76.08, 5.5 ], [ -76.08, 5.52 ], [ -76.08, 5.53 ], [ -76.07, 5.55 ], [ -76.05, 5.55 ], [ -76.05, 5.56 ], [ -76.04, 5.57 ], [ -76.03, 5.56 ], [ -76.02, 5.56 ], [ -76.01, 5.57 ], [ -76.01, 5.59 ], [ -76.0, 5.6 ], [ -76.01, 5.61 ], [ -76.01, 5.62 ], [ -76.01, 5.63 ], [ -76.02, 5.64 ], [ -76.03, 5.64 ], [ -76.04, 5.65 ], [ -76.05, 5.66 ], [ -76.07, 5.67 ], [ -76.08, 5.68 ], [ -76.09, 5.69 ], [ -76.08, 5.7 ], [ -76.08, 5.71 ], [ -76.07, 5.72 ], [ -76.06, 5.73 ], [ -76.07, 5.74 ], [ -76.06, 5.75 ], [ -76.06, 5.76 ], [ -76.07, 5.76 ], [ -76.08, 5.77 ], [ -76.07, 5.78 ], [ -76.09, 5.79 ], [ -76.09, 5.8 ], [ -76.08, 5.8 ], [ -76.08, 5.81 ], [ -76.08, 5.82 ], [ -76.09, 5.82 ], [ -76.1, 5.83 ], [ -76.1, 5.85 ], [ -76.08, 5.87 ], [ -76.08, 5.88 ], [ -76.07, 5.89 ], [ -76.06, 5.89 ], [ -76.06, 5.9 ], [ -76.06, 5.91 ], [ -76.06, 5.92 ], [ -76.05, 5.93 ], [ -76.06, 5.94 ], [ -76.05, 5.95 ], [ -76.06, 5.96 ], [ -76.07, 5.96 ], [ -76.07, 5.98 ], [ -76.08, 5.99 ], [ -76.09, 5.99 ], [ -76.09, 6.0 ], [ -76.1, 6.0 ], [ -76.1, 6.02 ], [ -76.11, 6.02 ], [ -76.12, 6.02 ], [ -76.13, 6.0 ], [ -76.14, 6.0 ], [ -76.15, 6.0 ], [ -76.16, 6.0 ], [ -76.17, 6.01 ], [ -76.17, 6.02 ], [ -76.17, 6.03 ], [ -76.17, 6.04 ], [ -76.18, 6.05 ], [ -76.19, 6.06 ], [ -76.2, 6.08 ], [ -76.2, 6.11 ], [ -76.2, 6.12 ], [ -76.2, 6.14 ], [ -76.21, 6.15 ], [ -76.2, 6.16 ], [ -76.21, 6.17 ], [ -76.21, 6.18 ], [ -76.21, 6.19 ], [ -76.22, 6.19 ], [ -76.23, 6.19 ], [ -76.24, 6.21 ], [ -76.25, 6.21 ], [ -76.26, 6.21 ], [ -76.29, 6.19 ], [ -76.3, 6.2 ], [ -76.31, 6.2 ], [ -76.33, 6.2 ], [ -76.35, 6.2 ], [ -76.36, 6.19 ], [ -76.38, 6.19 ], [ -76.39, 6.19 ], [ -76.41, 6.19 ], [ -76.41, 6.18 ], [ -76.41, 6.17 ], [ -76.42, 6.17 ], [ -76.43, 6.17 ], [ -76.44, 6.17 ], [ -76.45, 6.17 ], [ -76.47, 6.18 ], [ -76.48, 6.17 ], [ -76.48, 6.16 ], [ -76.49, 6.17 ], [ -76.5, 6.17 ], [ -76.51, 6.17 ], [ -76.52, 6.18 ], [ -76.53, 6.18 ], [ -76.55, 6.18 ], [ -76.56, 6.18 ], [ -76.57, 6.19 ], [ -76.58, 6.19 ], [ -76.59, 6.19 ], [ -76.6, 6.19 ], [ -76.62, 6.19 ], [ -76.62, 6.18 ], [ -76.63, 6.18 ], [ -76.64, 6.17 ], [ -76.66, 6.17 ], [ -76.67, 6.17 ], [ -76.68, 6.17 ], [ -76.69, 6.16 ], [ -76.7, 6.17 ], [ -76.72, 6.17 ], [ -76.72, 6.18 ], [ -76.71, 6.19 ], [ -76.72, 6.2 ], [ -76.72, 6.22 ], [ -76.73, 6.22 ], [ -76.72, 6.24 ], [ -76.73, 6.24 ], [ -76.75, 6.24 ], [ -76.76, 6.25 ], [ -76.76, 6.26 ], [ -76.75, 6.27 ], [ -76.75, 6.28 ], [ -76.76, 6.29 ], [ -76.78, 6.29 ], [ -76.78, 6.3 ], [ -76.78, 6.31 ], [ -76.79, 6.32 ], [ -76.79, 6.33 ], [ -76.78, 6.33 ], [ -76.78, 6.34 ], [ -76.79, 6.34 ], [ -76.79, 6.35 ], [ -76.77, 6.36 ], [ -76.77, 6.37 ], [ -76.79, 6.37 ], [ -76.79, 6.38 ], [ -76.78, 6.38 ], [ -76.77, 6.38 ], [ -76.77, 6.39 ], [ -76.77, 6.4 ], [ -76.79, 6.41 ], [ -76.79, 6.42 ], [ -76.78, 6.42 ], [ -76.77, 6.42 ], [ -76.76, 6.43 ], [ -76.77, 6.44 ], [ -76.78, 6.43 ], [ -76.79, 6.43 ], [ -76.8, 6.44 ], [ -76.79, 6.45 ], [ -76.78, 6.46 ], [ -76.78, 6.47 ], [ -76.77, 6.47 ], [ -76.77, 6.48 ], [ -76.78, 6.49 ], [ -76.79, 6.5 ], [ -76.8, 6.51 ], [ -76.81, 6.51 ], [ -76.81, 6.49 ], [ -76.82, 6.49 ], [ -76.82, 6.51 ], [ -76.82, 6.53 ], [ -76.83, 6.53 ], [ -76.84, 6.52 ], [ -76.85, 6.53 ], [ -76.85, 6.56 ], [ -76.86, 6.57 ], [ -76.87, 6.57 ], [ -76.88, 6.56 ], [ -76.89, 6.56 ], [ -76.89, 6.57 ], [ -76.9, 6.58 ], [ -76.9, 6.59 ], [ -76.89, 6.61 ], [ -76.88, 6.61 ], [ -76.87, 6.61 ], [ -76.86, 6.61 ], [ -76.86, 6.62 ], [ -76.86, 6.63 ], [ -76.87, 6.63 ], [ -76.88, 6.63 ], [ -76.9, 6.62 ], [ -76.91, 6.63 ], [ -76.91, 6.64 ], [ -76.91, 6.65 ], [ -76.9, 6.66 ], [ -76.9, 6.67 ], [ -76.91, 6.67 ], [ -76.92, 6.66 ], [ -76.92, 6.65 ], [ -76.93, 6.65 ], [ -76.94, 6.65 ], [ -76.94, 6.68 ], [ -76.95, 6.68 ], [ -76.96, 6.68 ], [ -76.96, 6.69 ], [ -76.95, 6.69 ], [ -76.94, 6.71 ], [ -76.93, 6.71 ], [ -76.94, 6.72 ], [ -76.96, 6.72 ], [ -76.96, 6.74 ], [ -76.97, 6.74 ], [ -76.96, 6.76 ], [ -76.97, 6.78 ], [ -76.96, 6.79 ], [ -76.97, 6.8 ], [ -76.97, 6.81 ], [ -76.96, 6.82 ], [ -76.94, 6.82 ], [ -76.93, 6.81 ], [ -76.92, 6.84 ], [ -76.92, 6.85 ], [ -76.91, 6.85 ], [ -76.91, 6.84 ], [ -76.9, 6.84 ], [ -76.89, 6.84 ], [ -76.88, 6.85 ], [ -76.87, 6.84 ], [ -76.86, 6.85 ], [ -76.85, 6.84 ], [ -76.84, 6.83 ], [ -76.84, 6.84 ], [ -76.83, 6.84 ], [ -76.82, 6.84 ], [ -76.82, 6.85 ], [ -76.83, 6.85 ], [ -76.83, 6.86 ], [ -76.82, 6.86 ], [ -76.81, 6.86 ], [ -76.8, 6.86 ], [ -76.79, 6.87 ], [ -76.79, 6.88 ], [ -76.79, 6.89 ], [ -76.79, 6.9 ], [ -76.8, 6.9 ], [ -76.8, 6.93 ], [ -76.8, 6.95 ], [ -76.81, 6.95 ], [ -76.81, 6.96 ], [ -76.82, 6.96 ], [ -76.82, 6.98 ], [ -76.83, 6.98 ], [ -76.83, 6.99 ], [ -76.84, 6.99 ], [ -76.83, 7.0 ], [ -76.82, 7.01 ], [ -76.71, 7.02 ], [ -76.68, 7.02 ], [ -76.68, 7.03 ], [ -76.67, 7.02 ], [ -76.66, 7.02 ], [ -76.65, 7.01 ], [ -76.64, 7.01 ], [ -76.63, 7.02 ], [ -76.62, 7.01 ], [ -76.62, 7.02 ], [ -76.61, 7.01 ], [ -76.6, 7.01 ], [ -76.59, 7.01 ], [ -76.59, 7.0 ], [ -76.58, 6.99 ], [ -76.58, 6.98 ], [ -76.57, 6.98 ], [ -76.56, 6.99 ], [ -76.55, 6.99 ], [ -76.55, 7.0 ], [ -76.55, 7.01 ], [ -76.55, 7.02 ], [ -76.54, 7.04 ], [ -76.54, 7.05 ], [ -76.53, 7.05 ], [ -76.53, 7.06 ], [ -76.54, 7.07 ], [ -76.53, 7.08 ], [ -76.53, 7.09 ], [ -76.53, 7.1 ], [ -76.52, 7.1 ], [ -76.53, 7.11 ], [ -76.51, 7.11 ], [ -76.51, 7.13 ], [ -76.51, 7.14 ], [ -76.5, 7.14 ], [ -76.49, 7.13 ], [ -76.49, 7.14 ], [ -76.5, 7.15 ], [ -76.5, 7.16 ], [ -76.5, 7.17 ], [ -76.5, 7.18 ], [ -76.51, 7.18 ], [ -76.51, 7.19 ], [ -76.5, 7.19 ], [ -76.51, 7.2 ], [ -76.51, 7.21 ], [ -76.52, 7.22 ], [ -76.52, 7.23 ], [ -76.52, 7.24 ], [ -76.53, 7.26 ], [ -76.54, 7.26 ], [ -76.55, 7.26 ], [ -76.56, 7.27 ], [ -76.57, 7.28 ], [ -76.57, 7.29 ], [ -76.58, 7.3 ], [ -76.59, 7.3 ], [ -76.6, 7.3 ], [ -76.6, 7.31 ], [ -76.61, 7.31 ], [ -76.62, 7.32 ], [ -76.66, 7.45 ], [ -76.8, 7.57 ], [ -76.83, 7.58 ], [ -76.9, 7.58 ], [ -76.94, 7.58 ], [ -76.94, 7.59 ], [ -76.96, 7.64 ], [ -77.0, 7.67 ], [ -77.04, 7.7 ], [ -77.12, 7.78 ], [ -77.12, 7.79 ], [ -77.12, 7.81 ], [ -77.13, 7.82 ], [ -77.13, 7.83 ], [ -77.12, 7.83 ], [ -77.11, 7.82 ], [ -77.1, 7.83 ], [ -77.09, 7.83 ], [ -77.08, 7.85 ], [ -77.06, 7.85 ], [ -77.05, 7.86 ], [ -77.03, 7.88 ], [ -77.01, 7.93 ], [ -77.01, 7.94 ], [ -77.02, 7.95 ], [ -77.01, 7.95 ], [ -77.0, 7.96 ], [ -77.01, 7.97 ], [ -77.01, 7.99 ], [ -76.99, 8.02 ], [ -76.99, 8.03 ], [ -76.97, 8.03 ], [ -76.96, 8.04 ], [ -76.95, 8.05 ], [ -76.94, 8.06 ], [ -76.94, 8.09 ], [ -76.94, 8.1 ], [ -76.95, 8.1 ], [ -76.95, 8.11 ], [ -76.96, 8.12 ], [ -76.95, 8.15 ], [ -76.95, 8.17 ], [ -76.97, 8.19 ], [ -76.98, 8.23 ], [ -76.98, 8.26 ], [ -77.02, 8.25 ], [ -77.04, 8.25 ], [ -77.04, 8.26 ], [ -77.04, 8.27 ], [ -77.05, 8.27 ], [ -77.05, 8.28 ], [ -77.06, 8.29 ], [ -77.07, 8.29 ], [ -77.07, 8.3 ], [ -77.07, 8.31 ], [ -77.08, 8.32 ], [ -77.08, 8.33 ], [ -77.09, 8.33 ], [ -77.09, 8.34 ], [ -77.09, 8.35 ], [ -77.11, 8.36 ], [ -77.12, 8.37 ], [ -77.12, 8.38 ], [ -77.11, 8.38 ], [ -77.11, 8.39 ], [ -77.12, 8.39 ], [ -77.13, 8.4 ], [ -77.13, 8.41 ], [ -77.14, 8.42 ], [ -77.15, 8.42 ], [ -77.16, 8.42 ], [ -77.16, 8.43 ], [ -77.17, 8.43 ], [ -77.19, 8.44 ], [ -77.25, 8.47 ], [ -77.25, 8.49 ], [ -77.27, 8.5 ], [ -77.28, 8.51 ], [ -77.27, 8.52 ], [ -77.27, 8.53 ], [ -77.28, 8.54 ], [ -77.28, 8.55 ], [ -77.28, 8.56 ], [ -77.29, 8.56 ], [ -77.29, 8.57 ], [ -77.29, 8.58 ], [ -77.3, 8.58 ], [ -77.3, 8.59 ], [ -77.31, 8.59 ], [ -77.31, 8.6 ], [ -77.32, 8.6 ], [ -77.32, 8.61 ], [ -77.33, 8.62 ], [ -77.34, 8.62 ], [ -77.34, 8.63 ], [ -77.35, 8.64 ], [ -77.34, 8.65 ], [ -77.35, 8.66 ], [ -77.36, 8.66 ], [ -77.36, 8.67 ], [ -77.37, 8.67 ], [ -77.37, 8.66 ], [ -77.37, 8.65 ], [ -77.37, 8.64 ], [ -77.38, 8.64 ], [ -77.39, 8.64 ], [ -77.39, 8.65 ], [ -77.4, 8.65 ], [ -77.41, 8.65 ], [ -77.41, 8.64 ], [ -77.41, 8.63 ], [ -77.4, 8.62 ], [ -77.4, 8.61 ], [ -77.4, 8.6 ], [ -77.39, 8.6 ], [ -77.39, 8.59 ], [ -77.39, 8.58 ], [ -77.4, 8.58 ], [ -77.41, 8.58 ], [ -77.41, 8.57 ], [ -77.42, 8.57 ], [ -77.42, 8.56 ], [ -77.43, 8.56 ], [ -77.44, 8.56 ], [ -77.44, 8.55 ], [ -77.44, 8.54 ], [ -77.44, 8.52 ], [ -77.45, 8.51 ], [ -77.45, 8.5 ], [ -77.45, 8.49 ], [ -77.45, 8.48 ], [ -77.45, 8.47 ], [ -77.44, 8.47 ], [ -77.42, 8.48 ], [ -77.4, 8.48 ], [ -77.4, 8.47 ], [ -77.4, 8.46 ], [ -77.39, 8.45 ], [ -77.39, 8.44 ], [ -77.39, 8.43 ], [ -77.38, 8.42 ], [ -77.37, 8.41 ], [ -77.36, 8.4 ], [ -77.36, 8.39 ], [ -77.36, 8.38 ], [ -77.36, 8.37 ], [ -77.35, 8.36 ], [ -77.35, 8.35 ], [ -77.35, 8.33 ], [ -77.36, 8.32 ], [ -77.35, 8.3 ], [ -77.34, 8.29 ], [ -77.34, 8.28 ], [ -77.33, 8.28 ], [ -77.33, 8.27 ], [ -77.32, 8.27 ], [ -77.31, 8.27 ], [ -77.31, 8.28 ], [ -77.3, 8.28 ], [ -77.3, 8.27 ], [ -77.29, 8.26 ], [ -77.29, 8.25 ], [ -77.29, 8.24 ], [ -77.28, 8.23 ], [ -77.28, 8.22 ], [ -77.27, 8.21 ], [ -77.26, 8.21 ], [ -77.26, 8.2 ], [ -77.26, 8.19 ], [ -77.25, 8.19 ], [ -77.25, 8.17 ], [ -77.25, 8.16 ], [ -77.25, 8.15 ], [ -77.23, 8.14 ], [ -77.23, 8.13 ], [ -77.23, 8.12 ], [ -77.23, 8.11 ], [ -77.23, 8.1 ], [ -77.22, 8.09 ], [ -77.22, 8.07 ], [ -77.23, 8.07 ], [ -77.23, 8.06 ], [ -77.23, 8.05 ], [ -77.23, 8.04 ], [ -77.22, 8.04 ], [ -77.22, 8.03 ], [ -77.23, 8.02 ], [ -77.22, 8.02 ], [ -77.21, 8.01 ], [ -77.2, 8.0 ], [ -77.19, 7.99 ], [ -77.18, 7.98 ], [ -77.17, 7.97 ], [ -77.17, 7.96 ], [ -77.18, 7.96 ], [ -77.18, 7.95 ], [ -77.17, 7.94 ], [ -77.16, 7.93 ], [ -77.17, 7.93 ], [ -77.17, 7.92 ], [ -77.18, 7.92 ], [ -77.19, 7.92 ], [ -77.2, 7.92 ], [ -77.21, 7.92 ], [ -77.22, 7.92 ], [ -77.23, 7.92 ], [ -77.24, 7.92 ], [ -77.26, 7.92 ], [ -77.27, 7.91 ], [ -77.28, 7.91 ], [ -77.29, 7.91 ], [ -77.3, 7.91 ], [ -77.31, 7.9 ], [ -77.32, 7.9 ], [ -77.33, 7.89 ], [ -77.32, 7.88 ], [ -77.33, 7.88 ], [ -77.34, 7.87 ], [ -77.34, 7.86 ], [ -77.34, 7.85 ], [ -77.35, 7.85 ], [ -77.35, 7.84 ], [ -77.36, 7.84 ], [ -77.36, 7.83 ], [ -77.36, 7.82 ], [ -77.36, 7.81 ], [ -77.35, 7.8 ], [ -77.34, 7.78 ], [ -77.34, 7.77 ], [ -77.34, 7.76 ], [ -77.35, 7.76 ], [ -77.35, 7.77 ], [ -77.37, 7.77 ], [ -77.38, 7.77 ], [ -77.38, 7.76 ], [ -77.39, 7.76 ], [ -77.39, 7.75 ], [ -77.4, 7.75 ], [ -77.4, 7.74 ], [ -77.4, 7.73 ], [ -77.4, 7.72 ], [ -77.41, 7.72 ], [ -77.42, 7.72 ], [ -77.42, 7.71 ], [ -77.42, 7.7 ], [ -77.42, 7.69 ], [ -77.43, 7.69 ], [ -77.44, 7.69 ], [ -77.44, 7.67 ], [ -77.44, 7.66 ], [ -77.47, 7.66 ], [ -77.47, 7.65 ], [ -77.47, 7.64 ], [ -77.47, 7.63 ], [ -77.47, 7.62 ], [ -77.48, 7.61 ], [ -77.48, 7.6 ], [ -77.49, 7.59 ], [ -77.49, 7.58 ], [ -77.49, 7.57 ], [ -77.5, 7.57 ], [ -77.51, 7.57 ], [ -77.52, 7.57 ], [ -77.53, 7.57 ], [ -77.53, 7.56 ], [ -77.53, 7.54 ], [ -77.54, 7.54 ], [ -77.55, 7.53 ], [ -77.55, 7.52 ], [ -77.56, 7.52 ], [ -77.56, 7.51 ], [ -77.57, 7.51 ], [ -77.58, 7.51 ], [ -77.59, 7.52 ], [ -77.59, 7.53 ], [ -77.59, 7.54 ], [ -77.6, 7.54 ], [ -77.61, 7.54 ], [ -77.61, 7.55 ], [ -77.61, 7.56 ], [ -77.62, 7.58 ], [ -77.63, 7.59 ], [ -77.63, 7.6 ], [ -77.64, 7.61 ], [ -77.64, 7.62 ], [ -77.64, 7.63 ], [ -77.65, 7.65 ], [ -77.66, 7.66 ], [ -77.67, 7.67 ], [ -77.68, 7.68 ], [ -77.69, 7.68 ], [ -77.69, 7.69 ], [ -77.7, 7.69 ], [ -77.71, 7.69 ], [ -77.72, 7.7 ], [ -77.73, 7.7 ], [ -77.73, 7.69 ], [ -77.74, 7.69 ], [ -77.74, 7.68 ], [ -77.74, 7.67 ], [ -77.75, 7.66 ], [ -77.75, 7.65 ], [ -77.74, 7.64 ], [ -77.74, 7.63 ], [ -77.75, 7.62 ], [ -77.75, 7.61 ], [ -77.74, 7.61 ], [ -77.74, 7.6 ], [ -77.74, 7.59 ], [ -77.73, 7.57 ], [ -77.73, 7.56 ], [ -77.72, 7.54 ], [ -77.71, 7.53 ], [ -77.7, 7.52 ], [ -77.7, 7.51 ], [ -77.71, 7.5 ], [ -77.73, 7.47 ], [ -77.74, 7.47 ], [ -77.75, 7.47 ], [ -77.76, 7.46 ], [ -77.77, 7.46 ], [ -77.78, 7.46 ], [ -77.79, 7.46 ], [ -77.8, 7.47 ], [ -77.81, 7.45 ], [ -77.82, 7.46 ], [ -77.88, 7.22 ], [ -77.88, 7.21 ], [ -77.87, 7.21 ], [ -77.87, 7.2 ], [ -77.86, 7.2 ], [ -77.86, 7.19 ], [ -77.85, 7.19 ], [ -77.84, 7.19 ], [ -77.84, 7.18 ], [ -77.84, 7.17 ], [ -77.83, 7.17 ], [ -77.83, 7.16 ], [ -77.83, 7.15 ], [ -77.82, 7.15 ], [ -77.81, 7.15 ], [ -77.8, 7.15 ], [ -77.79, 7.14 ], [ -77.78, 7.13 ], [ -77.78, 7.12 ], [ -77.77, 7.11 ], [ -77.75, 7.09 ], [ -77.74, 7.09 ], [ -77.74, 7.08 ], [ -77.72, 7.06 ], [ -77.69, 7.04 ], [ -77.68, 7.03 ], [ -77.68, 7.02 ], [ -77.67, 7.02 ], [ -77.66, 6.99 ], [ -77.66, 6.97 ], [ -77.66, 6.95 ], [ -77.67, 6.95 ], [ -77.67, 6.96 ], [ -77.68, 6.95 ], [ -77.69, 6.95 ], [ -77.69, 6.94 ], [ -77.7, 6.94 ], [ -77.7, 6.93 ], [ -77.7, 6.92 ], [ -77.7, 6.91 ], [ -77.71, 6.91 ], [ -77.71, 6.9 ], [ -77.71, 6.89 ], [ -77.71, 6.88 ], [ -77.71, 6.87 ], [ -77.7, 6.87 ], [ -77.71, 6.86 ], [ -77.7, 6.85 ], [ -77.7, 6.84 ], [ -77.69, 6.84 ], [ -77.69, 6.85 ], [ -77.69, 6.86 ], [ -77.68, 6.86 ], [ -77.68, 6.87 ], [ -77.67, 6.88 ], [ -77.66, 6.87 ], [ -77.66, 6.85 ], [ -77.65, 6.86 ], [ -77.64, 6.85 ], [ -77.63, 6.85 ], [ -77.62, 6.84 ], [ -77.61, 6.84 ], [ -77.6, 6.83 ], [ -77.6, 6.82 ], [ -77.59, 6.82 ], [ -77.59, 6.81 ], [ -77.58, 6.81 ], [ -77.58, 6.8 ], [ -77.57, 6.8 ], [ -77.57, 6.79 ], [ -77.57, 6.78 ], [ -77.57, 6.77 ], [ -77.56, 6.77 ], [ -77.56, 6.76 ], [ -77.56, 6.75 ], [ -77.55, 6.75 ], [ -77.55, 6.74 ], [ -77.55, 6.73 ], [ -77.55, 6.72 ], [ -77.54, 6.72 ], [ -77.54, 6.71 ], [ -77.53, 6.7 ], [ -77.53, 6.69 ], [ -77.54, 6.69 ], [ -77.54, 6.68 ], [ -77.53, 6.68 ], [ -77.53, 6.67 ], [ -77.53, 6.66 ] ], [ [ -77.35, 6.03 ], [ -77.36, 6.05 ], [ -77.35, 6.05 ], [ -77.35, 6.03 ] ] ], [ [ [ -77.51, 6.66 ], [ -77.5, 6.65 ], [ -77.5, 6.66 ], [ -77.51, 6.66 ] ] ], [ [ [ -77.25, 5.77 ], [ -77.25, 5.78 ], [ -77.26, 5.78 ], [ -77.25, 5.77 ] ] ], [ [ [ -77.41, 8.58 ], [ -77.41, 8.59 ], [ -77.42, 8.59 ], [ -77.42, 8.58 ], [ -77.41, 8.58 ] ] ] ] } },
{ "type": "Feature", "properties": { "coddepto": 44 }, "geometry": { "type": "MultiPolygon", "coordinates": [ [ [ [ -71.66, 12.46 ], [ -71.67, 12.46 ], [ -71.68, 12.46 ], [ -71.68, 12.45 ], [ -71.69, 12.45 ], [ -71.72, 12.44 ], [ -71.73, 12.43 ], [ -71.73, 12.42 ], [ -71.74, 12.41 ], [ -71.73, 12.41 ], [ -71.73, 12.4 ], [ -71.73, 12.39 ], [ -71.75, 12.38 ], [ -71.74, 12.38 ], [ -71.74, 12.37 ], [ -71.74, 12.35 ], [ -71.75, 12.34 ], [ -71.76, 12.33 ], [ -71.79, 12.33 ], [ -71.8, 12.32 ], [ -71.8, 12.31 ], [ -71.81, 12.31 ], [ -71.82, 12.31 ], [ -71.83, 12.32 ], [ -71.84, 12.34 ], [ -71.84, 12.35 ], [ -71.85, 12.35 ], [ -71.85, 12.36 ], [ -71.86, 12.36 ], [ -71.89, 12.33 ], [ -71.9, 12.32 ], [ -71.93, 12.3 ], [ -71.94, 12.28 ], [ -71.95, 12.27 ], [ -71.94, 12.26 ], [ -71.94, 12.27 ], [ -71.93, 12.27 ], [ -71.92, 12.28 ], [ -71.91, 12.27 ], [ -71.91, 12.28 ], [ -71.9, 12.28 ], [ -71.89, 12.28 ], [ -71.89, 12.27 ], [ -71.89, 12.26 ], [ -71.89, 12.25 ], [ -71.88, 12.25 ], [ -71.87, 12.25 ], [ -71.87, 12.24 ], [ -71.88, 12.24 ], [ -71.87, 12.23 ], [ -71.87, 12.22 ], [ -71.86, 12.22 ], [ -71.86, 12.21 ], [ -71.87, 12.21 ], [ -71.87, 12.2 ], [ -71.86, 12.2 ], [ -71.87, 12.19 ], [ -71.88, 12.19 ], [ -71.89, 12.19 ], [ -71.89, 12.2 ], [ -71.9, 12.2 ], [ -71.9, 12.19 ], [ -71.91, 12.19 ], [ -71.91, 12.18 ], [ -71.92, 12.18 ], [ -71.92, 12.17 ], [ -71.92, 12.16 ], [ -71.93, 12.16 ], [ -71.93, 12.15 ], [ -71.94, 12.15 ], [ -71.95, 12.15 ], [ -71.96, 12.15 ], [ -71.96, 12.16 ], [ -71.96, 12.17 ], [ -71.97, 12.17 ], [ -71.97, 12.16 ], [ -71.97, 12.15 ], [ -71.98, 12.15 ], [ -71.99, 12.15 ], [ -71.98, 12.16 ], [ -71.98, 12.17 ], [ -71.98, 12.18 ], [ -71.99, 12.18 ], [ -71.99, 12.19 ], [ -72.0, 12.19 ], [ -72.0, 12.2 ], [ -71.99, 12.2 ], [ -71.99, 12.21 ], [ -71.98, 12.22 ], [ -71.97, 12.22 ], [ -71.97, 12.23 ], [ -71.96, 12.23 ], [ -71.96, 12.24 ], [ -71.96, 12.25 ], [ -71.96, 12.26 ], [ -71.97, 12.26 ], [ -72.01, 12.24 ], [ -72.03, 12.24 ], [ -72.05, 12.24 ], [ -72.08, 12.23 ], [ -72.09, 12.23 ], [ -72.1, 12.23 ], [ -72.13, 12.24 ], [ -72.14, 12.24 ], [ -72.14, 12.23 ], [ -72.16, 12.23 ], [ -72.17, 12.23 ], [ -72.17, 12.22 ], [ -72.18, 12.22 ], [ -72.18, 12.21 ], [ -72.17, 12.21 ], [ -72.15, 12.21 ], [ -72.15, 12.2 ], [ -72.15, 12.18 ], [ -72.14, 12.17 ], [ -72.14, 12.16 ], [ -72.14, 12.15 ], [ -72.14, 12.14 ], [ -72.14, 12.12 ], [ -72.14, 12.1 ], [ -72.16, 12.06 ], [ -72.16, 12.05 ], [ -72.18, 12.02 ], [ -72.18, 12.0 ], [ -72.2, 11.98 ], [ -72.21, 11.93 ], [ -72.22, 11.91 ], [ -72.23, 11.9 ], [ -72.24, 11.89 ], [ -72.24, 11.88 ], [ -72.25, 11.88 ], [ -72.25, 11.89 ], [ -72.28, 11.87 ], [ -72.3, 11.86 ], [ -72.32, 11.85 ], [ -72.33, 11.84 ], [ -72.34, 11.84 ], [ -72.34, 11.83 ], [ -72.38, 11.82 ], [ -72.38, 11.81 ], [ -72.41, 11.79 ], [ -72.44, 11.79 ], [ -72.44, 11.78 ], [ -72.46, 11.78 ], [ -72.49, 11.78 ], [ -72.5, 11.78 ], [ -72.51, 11.78 ], [ -72.53, 11.77 ], [ -72.55, 11.75 ], [ -72.56, 11.75 ], [ -72.57, 11.74 ], [ -72.58, 11.75 ], [ -72.59, 11.75 ], [ -72.62, 11.72 ], [ -72.64, 11.72 ], [ -72.66, 11.72 ], [ -72.68, 11.71 ], [ -72.72, 11.7 ], [ -72.73, 11.69 ], [ -72.77, 11.68 ], [ -72.81, 11.65 ], [ -72.83, 11.63 ], [ -72.84, 11.61 ], [ -72.87, 11.58 ], [ -72.88, 11.57 ], [ -72.88, 11.56 ], [ -72.94, 11.54 ], [ -72.96, 11.52 ], [ -72.99, 11.51 ], [ -73.03, 11.49 ], [ -73.09, 11.43 ], [ -73.12, 11.41 ], [ -73.14, 11.41 ], [ -73.15, 11.4 ], [ -73.15, 11.39 ], [ -73.16, 11.39 ], [ -73.19, 11.37 ], [ -73.19, 11.35 ], [ -73.2, 11.34 ], [ -73.22, 11.33 ], [ -73.25, 11.31 ], [ -73.25, 11.3 ], [ -73.26, 11.3 ], [ -73.27, 11.29 ], [ -73.28, 11.29 ], [ -73.3, 11.28 ], [ -73.34, 11.27 ], [ -73.35, 11.26 ], [ -73.36, 11.26 ], [ -73.42, 11.26 ], [ -73.44, 11.26 ], [ -73.48, 11.26 ], [ -73.49, 11.26 ], [ -73.51, 11.26 ], [ -73.52, 11.25 ], [ -73.53, 11.25 ], [ -73.57, 11.26 ], [ -73.57, 11.25 ], [ -73.57, 11.23 ], [ -73.58, 11.23 ], [ -73.58, 11.22 ], [ -73.58, 11.21 ], [ -73.58, 11.2 ], [ -73.58, 11.19 ], [ -73.59, 11.19 ], [ -73.59, 11.18 ], [ -73.6, 11.18 ], [ -73.6, 11.17 ], [ -73.61, 11.17 ], [ -73.61, 11.16 ], [ -73.62, 11.16 ], [ -73.62, 11.15 ], [ -73.63, 11.15 ], [ -73.63, 11.14 ], [ -73.64, 11.14 ], [ -73.65, 11.14 ], [ -73.65, 11.13 ], [ -73.65, 11.12 ], [ -73.64, 11.12 ], [ -73.64, 11.11 ], [ -73.64, 11.1 ], [ -73.65, 11.1 ], [ -73.65, 11.09 ], [ -73.65, 11.08 ], [ -73.64, 11.07 ], [ -73.65, 11.06 ], [ -73.65, 11.05 ], [ -73.64, 11.05 ], [ -73.64, 11.04 ], [ -73.65, 11.03 ], [ -73.65, 11.02 ], [ -73.65, 11.01 ], [ -73.66, 11.01 ], [ -73.66, 10.99 ], [ -73.66, 10.98 ], [ -73.65, 10.98 ], [ -73.64, 10.97 ], [ -73.64, 10.96 ], [ -73.64, 10.95 ], [ -73.64, 10.94 ], [ -73.64, 10.93 ], [ -73.64, 10.92 ], [ -73.64, 10.91 ], [ -73.63, 10.9 ], [ -73.62, 10.89 ], [ -73.61, 10.88 ], [ -73.61, 10.86 ], [ -73.6, 10.84 ], [ -73.58, 10.84 ], [ -73.57, 10.84 ], [ -73.56, 10.85 ], [ -73.54, 10.85 ], [ -73.53, 10.85 ], [ -73.52, 10.85 ], [ -73.51, 10.85 ], [ -73.51, 10.86 ], [ -73.5, 10.86 ], [ -73.49, 10.86 ], [ -73.48, 10.87 ], [ -73.47, 10.87 ], [ -73.45, 10.87 ], [ -73.44, 10.87 ], [ -73.42, 10.87 ], [ -73.4, 10.87 ], [ -73.39, 10.87 ], [ -73.38, 10.86 ], [ -73.37, 10.86 ], [ -73.36, 10.86 ], [ -73.35, 10.86 ], [ -73.34, 10.86 ], [ -73.33, 10.86 ], [ -73.31, 10.85 ], [ -73.3, 10.86 ], [ -73.29, 10.86 ], [ -73.28, 10.86 ], [ -73.28, 10.85 ], [ -73.27, 10.85 ], [ -73.27, 10.84 ], [ -73.26, 10.83 ], [ -73.25, 10.81 ], [ -73.25, 10.8 ], [ -73.26, 10.8 ], [ -73.26, 10.79 ], [ -73.26, 10.78 ], [ -73.25, 10.78 ], [ -73.25, 10.77 ], [ -73.26, 10.76 ], [ -73.27, 10.75 ], [ -73.27, 10.74 ], [ -73.27, 10.73 ], [ -73.26, 10.73 ], [ -73.25, 10.73 ], [ -73.24, 10.74 ], [ -73.23, 10.73 ], [ -73.22, 10.73 ], [ -73.21, 10.72 ], [ -73.21, 10.71 ], [ -73.2, 10.71 ], [ -73.16, 10.72 ], [ -73.16, 10.71 ], [ -73.16, 10.7 ], [ -73.15, 10.69 ], [ -73.13, 10.68 ], [ -73.11, 10.68 ], [ -73.1, 10.67 ], [ -73.1, 10.66 ], [ -73.1, 10.65 ], [ -73.09, 10.65 ], [ -73.09, 10.64 ], [ -73.08, 10.63 ], [ -73.08, 10.62 ], [ -73.09, 10.62 ], [ -73.09, 10.61 ], [ -73.09, 10.6 ], [ -73.09, 10.59 ], [ -73.09, 10.58 ], [ -73.1, 10.58 ], [ -73.1, 10.57 ], [ -73.1, 10.56 ], [ -73.1, 10.55 ], [ -73.11, 10.54 ], [ -73.12, 10.54 ], [ -73.12, 10.53 ], [ -73.13, 10.53 ], [ -73.14, 10.53 ], [ -73.14, 10.51 ], [ -73.15, 10.51 ], [ -73.15, 10.5 ], [ -73.16, 10.5 ], [ -73.16, 10.49 ], [ -73.16, 10.48 ], [ -73.17, 10.48 ], [ -73.17, 10.47 ], [ -73.18, 10.47 ], [ -73.18, 10.46 ], [ -73.17, 10.46 ], [ -73.16, 10.46 ], [ -73.15, 10.45 ], [ -73.15, 10.44 ], [ -73.14, 10.44 ], [ -73.15, 10.42 ], [ -73.14, 10.41 ], [ -73.15, 10.4 ], [ -73.14, 10.4 ], [ -73.13, 10.4 ], [ -73.12, 10.4 ], [ -73.12, 10.41 ], [ -73.11, 10.41 ], [ -73.1, 10.42 ], [ -73.08, 10.43 ], [ -73.07, 10.42 ], [ -73.06, 10.42 ], [ -73.05, 10.41 ], [ -73.04, 10.4 ], [ -73.02, 10.41 ], [ -73.01, 10.41 ], [ -73.01, 10.4 ], [ -73.0, 10.4 ], [ -72.99, 10.4 ], [ -72.98, 10.4 ], [ -72.97, 10.41 ], [ -72.96, 10.41 ], [ -72.94, 10.43 ], [ -72.93, 10.43 ], [ -72.92, 10.43 ], [ -72.9, 10.43 ], [ -72.9, 10.44 ], [ -72.9, 10.45 ], [ -72.89, 10.45 ], [ -72.86, 10.46 ], [ -72.86, 10.47 ], [ -72.85, 10.48 ], [ -72.85, 10.49 ], [ -72.84, 10.49 ], [ -72.84, 10.5 ], [ -72.84, 10.51 ], [ -72.84, 10.53 ], [ -72.84, 10.54 ], [ -72.83, 10.55 ], [ -72.83, 10.56 ], [ -72.82, 10.56 ], [ -72.82, 10.57 ], [ -72.81, 10.58 ], [ -72.79, 10.58 ], [ -72.79, 10.59 ], [ -72.79, 10.6 ], [ -72.78, 10.61 ], [ -72.78, 10.62 ], [ -72.76, 10.62 ], [ -72.75, 10.64 ], [ -72.75, 10.65 ], [ -72.74, 10.65 ], [ -72.74, 10.66 ], [ -72.74, 10.67 ], [ -72.73, 10.68 ], [ -72.73, 10.69 ], [ -72.73, 10.7 ], [ -72.72, 10.71 ], [ -72.72, 10.72 ], [ -72.71, 10.74 ], [ -72.71, 10.75 ], [ -72.71, 10.76 ], [ -72.7, 10.76 ], [ -72.69, 10.76 ], [ -72.68, 10.76 ], [ -72.68, 10.77 ], [ -72.68, 10.78 ], [ -72.68, 10.8 ], [ -72.67, 10.81 ], [ -72.67, 10.82 ], [ -72.67, 10.83 ], [ -72.66, 10.83 ], [ -72.66, 10.84 ], [ -72.66, 10.85 ], [ -72.66, 10.86 ], [ -72.65, 10.86 ], [ -72.65, 10.87 ], [ -72.65, 10.88 ], [ -72.64, 10.89 ], [ -72.63, 10.88 ], [ -72.62, 10.89 ], [ -72.61, 10.89 ], [ -72.6, 10.9 ], [ -72.58, 10.91 ], [ -72.57, 10.92 ], [ -72.56, 10.93 ], [ -72.55, 10.94 ], [ -72.55, 10.95 ], [ -72.54, 10.97 ], [ -72.54, 10.98 ], [ -72.53, 10.99 ], [ -72.52, 11.0 ], [ -72.52, 11.01 ], [ -72.52, 11.02 ], [ -72.51, 11.02 ], [ -72.51, 11.03 ], [ -72.5, 11.04 ], [ -72.49, 11.05 ], [ -72.48, 11.05 ], [ -72.48, 11.06 ], [ -72.49, 11.06 ], [ -72.49, 11.08 ], [ -72.49, 11.09 ], [ -72.49, 11.1 ], [ -72.46, 11.12 ], [ -72.45, 11.13 ], [ -72.44, 11.13 ], [ -72.44, 11.12 ], [ -72.42, 11.13 ], [ -72.41, 11.13 ], [ -72.39, 11.13 ], [ -72.37, 11.14 ], [ -72.36, 11.14 ], [ -72.36, 11.15 ], [ -72.35, 11.15 ], [ -72.34, 11.15 ], [ -72.33, 11.15 ], [ -72.31, 11.14 ], [ -72.3, 11.14 ], [ -72.29, 11.14 ], [ -72.28, 11.14 ], [ -72.25, 11.14 ], [ -72.13, 11.36 ], [ -72.06, 11.48 ], [ -71.97, 11.64 ], [ -71.78, 11.69 ], [ -71.61, 11.75 ], [ -71.52, 11.77 ], [ -71.38, 11.81 ], [ -71.39, 11.82 ], [ -71.39, 11.83 ], [ -71.38, 11.83 ], [ -71.37, 11.83 ], [ -71.36, 11.83 ], [ -71.36, 11.84 ], [ -71.35, 11.84 ], [ -71.34, 11.84 ], [ -71.34, 11.85 ], [ -71.33, 11.85 ], [ -71.32, 11.85 ], [ -71.32, 11.86 ], [ -71.32, 11.87 ], [ -71.31, 11.88 ], [ -71.3, 11.89 ], [ -71.3, 11.9 ], [ -71.3, 11.91 ], [ -71.29, 11.91 ], [ -71.28, 11.91 ], [ -71.27, 11.91 ], [ -71.27, 11.92 ], [ -71.25, 11.94 ], [ -71.24, 11.94 ], [ -71.24, 11.95 ], [ -71.23, 11.95 ], [ -71.22, 11.96 ], [ -71.21, 11.96 ], [ -71.19, 11.98 ], [ -71.18, 11.98 ], [ -71.17, 11.99 ], [ -71.16, 11.99 ], [ -71.16, 12.0 ], [ -71.15, 12.0 ], [ -71.14, 12.0 ], [ -71.12, 12.02 ], [ -71.12, 12.03 ], [ -71.11, 12.05 ], [ -71.12, 12.07 ], [ -71.12, 12.09 ], [ -71.12, 12.1 ], [ -71.15, 12.15 ], [ -71.17, 12.19 ], [ -71.19, 12.21 ], [ -71.2, 12.23 ], [ -71.22, 12.26 ], [ -71.23, 12.27 ], [ -71.22, 12.28 ], [ -71.23, 12.29 ], [ -71.22, 12.29 ], [ -71.23, 12.3 ], [ -71.25, 12.32 ], [ -71.26, 12.32 ], [ -71.26, 12.33 ], [ -71.27, 12.33 ], [ -71.3, 12.35 ], [ -71.31, 12.35 ], [ -71.32, 12.35 ], [ -71.34, 12.36 ], [ -71.35, 12.37 ], [ -71.36, 12.37 ], [ -71.38, 12.38 ], [ -71.39, 12.38 ], [ -71.4, 12.38 ], [ -71.42, 12.38 ], [ -71.43, 12.39 ], [ -71.43, 12.38 ], [ -71.44, 12.38 ], [ -71.45, 12.39 ], [ -71.46, 12.4 ], [ -71.46, 12.41 ], [ -71.47, 12.41 ], [ -71.48, 12.42 ], [ -71.51, 12.43 ], [ -71.53, 12.44 ], [ -71.54, 12.44 ], [ -71.55, 12.44 ], [ -71.56, 12.43 ], [ -71.57, 12.44 ], [ -71.58, 12.44 ], [ -71.6, 12.44 ], [ -71.61, 12.44 ], [ -71.62, 12.44 ], [ -71.64, 12.45 ], [ -71.65, 12.46 ], [ -71.66, 12.46 ] ], [ [ -71.72, 12.41 ], [ -71.71, 12.42 ], [ -71.71, 12.43 ], [ -71.7, 12.43 ], [ -71.7, 12.42 ], [ -71.68, 12.42 ], [ -71.67, 12.43 ], [ -71.66, 12.43 ], [ -71.66, 12.42 ], [ -71.67, 12.41 ], [ -71.66, 12.41 ], [ -71.65, 12.41 ], [ -71.65, 12.4 ], [ -71.66, 12.4 ], [ -71.67, 12.4 ], [ -71.67, 12.39 ], [ -71.69, 12.39 ], [ -71.7, 12.39 ], [ -71.7, 12.38 ], [ -71.71, 12.37 ], [ -71.72, 12.38 ], [ -71.73, 12.39 ], [ -71.71, 12.39 ], [ -71.71, 12.4 ], [ -71.72, 12.4 ], [ -71.72, 12.41 ] ], [ [ -71.64, 12.41 ], [ -71.63, 12.42 ], [ -71.63, 12.41 ], [ -71.63, 12.4 ], [ -71.64, 12.4 ], [ -71.64, 12.41 ] ], [ [ -71.7, 12.38 ], [ -71.69, 12.38 ], [ -71.69, 12.37 ], [ -71.7, 12.38 ] ], [ [ -71.69, 12.37 ], [ -71.69, 12.36 ], [ -71.7, 12.36 ], [ -71.69, 12.37 ] ], [ [ -71.3, 11.92 ], [ -71.3, 11.91 ], [ -71.31, 11.91 ], [ -71.32, 11.9 ], [ -71.33, 11.9 ], [ -71.33, 11.91 ], [ -71.33, 11.92 ], [ -71.31, 11.92 ], [ -71.3, 11.92 ] ] ], [ [ [ -71.67, 12.41 ], [ -71.68, 12.41 ], [ -71.68, 12.4 ], [ -71.67, 12.4 ], [ -71.67, 12.41 ] ] ], [ [ [ -71.84, 12.35 ], [ -71.83, 12.35 ], [ -71.81, 12.36 ], [ -71.81, 12.37 ], [ -71.82, 12.37 ], [ -71.83, 12.36 ], [ -71.84, 12.36 ], [ -71.84, 12.35 ] ] ] ] } },
{ "type": "Feature", "properties": { "coddepto": 47 }, "geometry": { "type": "MultiPolygon", "coordinates": [ [ [ [ -74.04, 11.35 ], [ -74.05, 11.35 ], [ -74.05, 11.34 ], [ -74.05, 11.33 ], [ -74.06, 11.33 ], [ -74.06, 11.34 ], [ -74.06, 11.35 ], [ -74.07, 11.34 ], [ -74.08, 11.33 ], [ -74.08, 11.32 ], [ -74.09, 11.32 ], [ -74.1, 11.32 ], [ -74.11, 11.32 ], [ -74.12, 11.32 ], [ -74.12, 11.33 ], [ -74.13, 11.33 ], [ -74.14, 11.33 ], [ -74.15, 11.33 ], [ -74.16, 11.32 ], [ -74.15, 11.31 ], [ -74.15, 11.3 ], [ -74.16, 11.3 ], [ -74.17, 11.3 ], [ -74.17, 11.31 ], [ -74.18, 11.31 ], [ -74.18, 11.3 ], [ -74.19, 11.3 ], [ -74.19, 11.29 ], [ -74.2, 11.29 ], [ -74.2, 11.28 ], [ -74.21, 11.27 ], [ -74.2, 11.27 ], [ -74.19, 11.27 ], [ -74.19, 11.26 ], [ -74.2, 11.26 ], [ -74.21, 11.26 ], [ -74.22, 11.25 ], [ -74.21, 11.25 ], [ -74.22, 11.24 ], [ -74.22, 11.23 ], [ -74.23, 11.23 ], [ -74.23, 11.22 ], [ -74.23, 11.21 ], [ -74.23, 11.2 ], [ -74.24, 11.18 ], [ -74.23, 11.17 ], [ -74.23, 11.14 ], [ -74.23, 11.13 ], [ -74.23, 11.12 ], [ -74.23, 11.11 ], [ -74.22, 11.11 ], [ -74.22, 11.1 ], [ -74.22, 11.09 ], [ -74.22, 11.08 ], [ -74.21, 11.07 ], [ -74.23, 11.05 ], [ -74.24, 11.04 ], [ -74.24, 11.03 ], [ -74.25, 11.02 ], [ -74.27, 11.0 ], [ -74.3, 10.98 ], [ -74.35, 10.98 ], [ -74.42, 10.97 ], [ -74.47, 10.98 ], [ -74.51, 10.99 ], [ -74.56, 11.0 ], [ -74.62, 11.02 ], [ -74.71, 11.05 ], [ -74.77, 11.08 ], [ -74.79, 11.09 ], [ -74.81, 11.09 ], [ -74.83, 11.1 ], [ -74.84, 11.1 ], [ -74.85, 11.11 ], [ -74.85, 11.07 ], [ -74.84, 11.06 ], [ -74.83, 11.05 ], [ -74.8, 11.03 ], [ -74.77, 11.0 ], [ -74.76, 10.99 ], [ -74.76, 10.97 ], [ -74.76, 10.95 ], [ -74.75, 10.94 ], [ -74.75, 10.93 ], [ -74.74, 10.92 ], [ -74.72, 10.91 ], [ -74.72, 10.9 ], [ -74.73, 10.9 ], [ -74.74, 10.89 ], [ -74.74, 10.86 ], [ -74.74, 10.84 ], [ -74.74, 10.8 ], [ -74.73, 10.77 ], [ -74.73, 10.76 ], [ -74.73, 10.74 ], [ -74.72, 10.67 ], [ -74.74, 10.66 ], [ -74.75, 10.65 ], [ -74.75, 10.64 ], [ -74.74, 10.63 ], [ -74.73, 10.63 ], [ -74.73, 10.62 ], [ -74.72, 10.61 ], [ -74.74, 10.58 ], [ -74.74, 10.55 ], [ -74.74, 10.54 ], [ -74.77, 10.53 ], [ -74.79, 10.51 ], [ -74.81, 10.48 ], [ -74.81, 10.44 ], [ -74.82, 10.42 ], [ -74.83, 10.41 ], [ -74.84, 10.41 ], [ -74.85, 10.4 ], [ -74.86, 10.39 ], [ -74.87, 10.37 ], [ -74.86, 10.35 ], [ -74.9, 10.3 ], [ -74.92, 10.24 ], [ -74.93, 10.22 ], [ -74.93, 10.2 ], [ -74.93, 10.18 ], [ -74.94, 10.15 ], [ -74.95, 10.14 ], [ -74.94, 10.13 ], [ -74.94, 10.12 ], [ -74.93, 10.11 ], [ -74.89, 10.11 ], [ -74.88, 10.1 ], [ -74.86, 10.09 ], [ -74.84, 10.08 ], [ -74.83, 10.06 ], [ -74.82, 10.04 ], [ -74.8, 10.03 ], [ -74.79, 10.01 ], [ -74.8, 9.99 ], [ -74.81, 9.98 ], [ -74.82, 9.97 ], [ -74.84, 9.96 ], [ -74.85, 9.96 ], [ -74.85, 9.95 ], [ -74.87, 9.94 ], [ -74.87, 9.93 ], [ -74.87, 9.91 ], [ -74.87, 9.9 ], [ -74.88, 9.89 ], [ -74.88, 9.87 ], [ -74.88, 9.86 ], [ -74.87, 9.85 ], [ -74.86, 9.85 ], [ -74.85, 9.82 ], [ -74.82, 9.8 ], [ -74.82, 9.79 ], [ -74.81, 9.76 ], [ -74.81, 9.74 ], [ -74.81, 9.73 ], [ -74.81, 9.72 ], [ -74.8, 9.71 ], [ -74.79, 9.7 ], [ -74.79, 9.69 ], [ -74.8, 9.68 ], [ -74.81, 9.68 ], [ -74.8, 9.66 ], [ -74.79, 9.65 ], [ -74.78, 9.63 ], [ -74.77, 9.6 ], [ -74.77, 9.59 ], [ -74.78, 9.57 ], [ -74.81, 9.55 ], [ -74.81, 9.54 ], [ -74.79, 9.53 ], [ -74.78, 9.51 ], [ -74.78, 9.5 ], [ -74.79, 9.48 ], [ -74.81, 9.47 ], [ -74.81, 9.46 ], [ -74.8, 9.44 ], [ -74.78, 9.46 ], [ -74.76, 9.46 ], [ -74.75, 9.46 ], [ -74.74, 9.45 ], [ -74.74, 9.44 ], [ -74.74, 9.43 ], [ -74.73, 9.42 ], [ -74.72, 9.42 ], [ -74.7, 9.43 ], [ -74.69, 9.42 ], [ -74.67, 9.41 ], [ -74.67, 9.4 ], [ -74.66, 9.39 ], [ -74.65, 9.38 ], [ -74.63, 9.38 ], [ -74.62, 9.37 ], [ -74.61, 9.36 ], [ -74.62, 9.34 ], [ -74.59, 9.32 ], [ -74.58, 9.32 ], [ -74.57, 9.31 ], [ -74.56, 9.29 ], [ -74.55, 9.27 ], [ -74.53, 9.26 ], [ -74.53, 9.24 ], [ -74.52, 9.24 ], [ -74.52, 9.23 ], [ -74.51, 9.23 ], [ -74.49, 9.25 ], [ -74.48, 9.26 ], [ -74.46, 9.27 ], [ -74.45, 9.27 ], [ -74.44, 9.27 ], [ -74.43, 9.27 ], [ -74.43, 9.26 ], [ -74.42, 9.24 ], [ -74.4, 9.21 ], [ -74.39, 9.21 ], [ -74.36, 9.23 ], [ -74.35, 9.23 ], [ -74.32, 9.21 ], [ -74.3, 9.2 ], [ -74.29, 9.19 ], [ -74.3, 9.17 ], [ -74.3, 9.16 ], [ -74.28, 9.16 ], [ -74.27, 9.17 ], [ -74.25, 9.16 ], [ -74.24, 9.15 ], [ -74.22, 9.14 ], [ -74.22, 9.13 ], [ -74.23, 9.13 ], [ -74.23, 9.12 ], [ -74.22, 9.12 ], [ -74.21, 9.12 ], [ -74.2, 9.1 ], [ -74.18, 9.09 ], [ -74.18, 9.08 ], [ -74.17, 9.07 ], [ -74.16, 9.07 ], [ -74.16, 9.06 ], [ -74.15, 9.06 ], [ -74.13, 9.06 ], [ -74.12, 9.05 ], [ -74.12, 9.04 ], [ -74.11, 9.04 ], [ -74.1, 9.02 ], [ -74.09, 9.02 ], [ -74.08, 9.02 ], [ -74.07, 9.02 ], [ -74.06, 9.02 ], [ -74.05, 9.02 ], [ -74.04, 9.04 ], [ -74.03, 9.03 ], [ -74.02, 9.03 ], [ -74.01, 9.03 ], [ -74.0, 9.03 ], [ -74.0, 9.02 ], [ -73.99, 9.01 ], [ -74.0, 9.01 ], [ -74.0, 9.0 ], [ -73.99, 9.0 ], [ -73.98, 8.98 ], [ -73.97, 8.99 ], [ -73.96, 9.0 ], [ -73.95, 8.99 ], [ -73.94, 8.98 ], [ -73.92, 8.98 ], [ -73.91, 8.98 ], [ -73.9, 8.98 ], [ -73.89, 8.98 ], [ -73.88, 8.97 ], [ -73.87, 8.96 ], [ -73.87, 8.95 ], [ -73.87, 8.94 ], [ -73.86, 8.95 ], [ -73.85, 8.96 ], [ -73.84, 8.97 ], [ -73.84, 8.98 ], [ -73.83, 8.99 ], [ -73.83, 9.0 ], [ -73.82, 9.01 ], [ -73.83, 9.02 ], [ -73.82, 9.03 ], [ -73.81, 9.03 ], [ -73.8, 9.03 ], [ -73.8, 9.04 ], [ -73.81, 9.04 ], [ -73.8, 9.05 ], [ -73.8, 9.06 ], [ -73.81, 9.07 ], [ -73.86, 9.11 ], [ -73.88, 9.13 ], [ -73.88, 9.15 ], [ -73.86, 9.16 ], [ -73.86, 9.17 ], [ -73.86, 9.18 ], [ -73.87, 9.18 ], [ -73.88, 9.19 ], [ -73.89, 9.17 ], [ -73.9, 9.18 ], [ -73.96, 9.19 ], [ -73.96, 9.2 ], [ -73.96, 9.21 ], [ -73.97, 9.22 ], [ -73.96, 9.22 ], [ -73.95, 9.23 ], [ -73.95, 9.24 ], [ -73.95, 9.25 ], [ -73.95, 9.26 ], [ -73.94, 9.27 ], [ -73.95, 9.28 ], [ -73.94, 9.29 ], [ -73.95, 9.3 ], [ -73.96, 9.3 ], [ -73.97, 9.3 ], [ -73.98, 9.31 ], [ -73.99, 9.32 ], [ -73.99, 9.33 ], [ -73.99, 9.35 ], [ -73.98, 9.37 ], [ -73.98, 9.38 ], [ -73.98, 9.39 ], [ -73.99, 9.4 ], [ -74.0, 9.4 ], [ -74.01, 9.4 ], [ -74.02, 9.41 ], [ -74.02, 9.42 ], [ -74.03, 9.42 ], [ -74.04, 9.42 ], [ -74.05, 9.42 ], [ -74.06, 9.44 ], [ -74.07, 9.45 ], [ -74.09, 9.47 ], [ -74.1, 9.48 ], [ -74.11, 9.48 ], [ -74.12, 9.48 ], [ -74.12, 9.49 ], [ -74.13, 9.49 ], [ -74.14, 9.49 ], [ -74.14, 9.5 ], [ -74.12, 9.5 ], [ -74.12, 9.51 ], [ -74.11, 9.51 ], [ -74.11, 9.52 ], [ -74.1, 9.52 ], [ -74.1, 9.54 ], [ -74.08, 9.55 ], [ -74.08, 9.56 ], [ -74.07, 9.56 ], [ -74.07, 9.57 ], [ -74.06, 9.57 ], [ -74.05, 9.57 ], [ -74.05, 9.58 ], [ -74.04, 9.59 ], [ -74.01, 9.59 ], [ -74.01, 9.6 ], [ -74.0, 9.6 ], [ -73.99, 9.59 ], [ -73.98, 9.59 ], [ -73.95, 9.59 ], [ -73.94, 9.6 ], [ -73.93, 9.6 ], [ -73.92, 9.61 ], [ -73.91, 9.6 ], [ -73.89, 9.62 ], [ -73.88, 9.61 ], [ -73.88, 9.6 ], [ -73.87, 9.6 ], [ -73.81, 9.64 ], [ -73.8, 9.64 ], [ -73.8, 9.65 ], [ -73.81, 9.65 ], [ -73.81, 9.66 ], [ -73.81, 9.67 ], [ -73.81, 9.68 ], [ -73.81, 9.69 ], [ -73.81, 9.7 ], [ -73.82, 9.7 ], [ -73.82, 9.71 ], [ -73.82, 9.72 ], [ -73.83, 9.72 ], [ -73.83, 9.73 ], [ -73.84, 9.73 ], [ -73.84, 9.74 ], [ -73.83, 9.74 ], [ -73.83, 9.75 ], [ -73.83, 9.76 ], [ -73.83, 9.77 ], [ -73.84, 9.77 ], [ -73.84, 9.78 ], [ -73.84, 9.79 ], [ -73.84, 9.8 ], [ -73.85, 9.8 ], [ -73.85, 9.81 ], [ -73.86, 9.81 ], [ -73.87, 9.81 ], [ -73.88, 9.82 ], [ -73.88, 9.83 ], [ -73.89, 9.83 ], [ -73.89, 9.84 ], [ -73.9, 9.84 ], [ -73.9, 9.85 ], [ -73.91, 9.85 ], [ -73.91, 9.86 ], [ -73.91, 9.87 ], [ -73.92, 9.87 ], [ -73.92, 9.88 ], [ -73.92, 9.89 ], [ -73.93, 9.89 ], [ -73.93, 9.9 ], [ -73.94, 9.9 ], [ -73.94, 9.91 ], [ -73.95, 9.91 ], [ -73.95, 9.93 ], [ -73.96, 9.93 ], [ -73.97, 9.93 ], [ -73.97, 9.94 ], [ -73.98, 9.94 ], [ -73.98, 9.93 ], [ -73.99, 9.93 ], [ -73.99, 9.94 ], [ -74.0, 9.94 ], [ -74.01, 9.96 ], [ -74.01, 9.98 ], [ -74.02, 9.98 ], [ -74.03, 9.99 ], [ -74.03, 10.0 ], [ -74.04, 10.01 ], [ -74.05, 10.01 ], [ -74.06, 10.02 ], [ -74.06, 10.04 ], [ -74.07, 10.04 ], [ -74.07, 10.05 ], [ -74.07, 10.06 ], [ -74.08, 10.06 ], [ -74.08, 10.07 ], [ -74.08, 10.09 ], [ -74.07, 10.1 ], [ -74.07, 10.11 ], [ -74.07, 10.12 ], [ -74.07, 10.13 ], [ -74.06, 10.13 ], [ -74.06, 10.14 ], [ -74.06, 10.15 ], [ -74.06, 10.16 ], [ -74.06, 10.17 ], [ -74.06, 10.18 ], [ -74.05, 10.18 ], [ -74.05, 10.19 ], [ -74.05, 10.2 ], [ -74.04, 10.2 ], [ -74.04, 10.21 ], [ -74.04, 10.22 ], [ -74.03, 10.23 ], [ -74.02, 10.23 ], [ -74.02, 10.24 ], [ -74.01, 10.24 ], [ -74.01, 10.25 ], [ -74.01, 10.26 ], [ -74.0, 10.26 ], [ -74.0, 10.27 ], [ -73.99, 10.27 ], [ -73.97, 10.28 ], [ -73.97, 10.29 ], [ -73.96, 10.29 ], [ -73.96, 10.3 ], [ -73.96, 10.31 ], [ -73.96, 10.32 ], [ -73.96, 10.33 ], [ -73.96, 10.34 ], [ -73.95, 10.34 ], [ -73.95, 10.35 ], [ -73.94, 10.35 ], [ -73.93, 10.36 ], [ -73.93, 10.37 ], [ -73.92, 10.37 ], [ -73.92, 10.38 ], [ -73.91, 10.38 ], [ -73.9, 10.38 ], [ -73.9, 10.39 ], [ -73.89, 10.39 ], [ -73.88, 10.39 ], [ -73.87, 10.39 ], [ -73.86, 10.39 ], [ -73.84, 10.4 ], [ -73.83, 10.4 ], [ -73.82, 10.4 ], [ -73.82, 10.39 ], [ -73.81, 10.4 ], [ -73.8, 10.4 ], [ -73.8, 10.39 ], [ -73.79, 10.39 ], [ -73.79, 10.4 ], [ -73.78, 10.4 ], [ -73.77, 10.4 ], [ -73.77, 10.41 ], [ -73.76, 10.41 ], [ -73.76, 10.42 ], [ -73.75, 10.42 ], [ -73.75, 10.43 ], [ -73.74, 10.43 ], [ -73.74, 10.44 ], [ -73.73, 10.44 ], [ -73.72, 10.44 ], [ -73.72, 10.43 ], [ -73.71, 10.43 ], [ -73.7, 10.43 ], [ -73.7, 10.44 ], [ -73.7, 10.45 ], [ -73.7, 10.46 ], [ -73.69, 10.46 ], [ -73.68, 10.46 ], [ -73.67, 10.46 ], [ -73.66, 10.45 ], [ -73.65, 10.46 ], [ -73.65, 10.47 ], [ -73.65, 10.48 ], [ -73.65, 10.49 ], [ -73.64, 10.5 ], [ -73.63, 10.5 ], [ -73.62, 10.5 ], [ -73.61, 10.5 ], [ -73.6, 10.5 ], [ -73.59, 10.5 ], [ -73.58, 10.5 ], [ -73.57, 10.5 ], [ -73.56, 10.51 ], [ -73.57, 10.52 ], [ -73.57, 10.53 ], [ -73.57, 10.54 ], [ -73.58, 10.54 ], [ -73.58, 10.55 ], [ -73.59, 10.55 ], [ -73.6, 10.55 ], [ -73.6, 10.56 ], [ -73.61, 10.56 ], [ -73.61, 10.57 ], [ -73.6, 10.57 ], [ -73.6, 10.59 ], [ -73.59, 10.6 ], [ -73.6, 10.61 ], [ -73.6, 10.63 ], [ -73.6, 10.64 ], [ -73.61, 10.65 ], [ -73.61, 10.67 ], [ -73.6, 10.68 ], [ -73.6, 10.69 ], [ -73.59, 10.7 ], [ -73.59, 10.71 ], [ -73.58, 10.72 ], [ -73.58, 10.71 ], [ -73.57, 10.71 ], [ -73.56, 10.72 ], [ -73.56, 10.73 ], [ -73.56, 10.74 ], [ -73.55, 10.75 ], [ -73.54, 10.75 ], [ -73.55, 10.76 ], [ -73.56, 10.76 ], [ -73.57, 10.77 ], [ -73.59, 10.78 ], [ -73.6, 10.78 ], [ -73.61, 10.79 ], [ -73.62, 10.79 ], [ -73.63, 10.79 ], [ -73.64, 10.79 ], [ -73.64, 10.8 ], [ -73.64, 10.81 ], [ -73.62, 10.82 ], [ -73.6, 10.84 ], [ -73.61, 10.86 ], [ -73.61, 10.88 ], [ -73.62, 10.89 ], [ -73.63, 10.9 ], [ -73.64, 10.91 ], [ -73.64, 10.92 ], [ -73.64, 10.93 ], [ -73.64, 10.94 ], [ -73.64, 10.95 ], [ -73.64, 10.96 ], [ -73.64, 10.97 ], [ -73.65, 10.98 ], [ -73.66, 10.98 ], [ -73.66, 10.99 ], [ -73.66, 11.01 ], [ -73.65, 11.01 ], [ -73.65, 11.02 ], [ -73.65, 11.03 ], [ -73.64, 11.04 ], [ -73.64, 11.05 ], [ -73.65, 11.05 ], [ -73.65, 11.06 ], [ -73.64, 11.07 ], [ -73.65, 11.08 ], [ -73.65, 11.09 ], [ -73.65, 11.1 ], [ -73.64, 11.1 ], [ -73.64, 11.11 ], [ -73.64, 11.12 ], [ -73.65, 11.12 ], [ -73.65, 11.13 ], [ -73.65, 11.14 ], [ -73.64, 11.14 ], [ -73.63, 11.14 ], [ -73.63, 11.15 ], [ -73.62, 11.15 ], [ -73.62, 11.16 ], [ -73.61, 11.16 ], [ -73.61, 11.17 ], [ -73.6, 11.17 ], [ -73.6, 11.18 ], [ -73.59, 11.18 ], [ -73.59, 11.19 ], [ -73.58, 11.19 ], [ -73.58, 11.2 ], [ -73.58, 11.21 ], [ -73.58, 11.22 ], [ -73.57, 11.22 ], [ -73.57, 11.23 ], [ -73.57, 11.25 ], [ -73.57, 11.26 ], [ -73.59, 11.26 ], [ -73.61, 11.26 ], [ -73.65, 11.26 ], [ -73.66, 11.25 ], [ -73.7, 11.26 ], [ -73.71, 11.25 ], [ -73.72, 11.25 ], [ -73.76, 11.27 ], [ -73.77, 11.26 ], [ -73.78, 11.26 ], [ -73.79, 11.26 ], [ -73.85, 11.27 ], [ -73.86, 11.27 ], [ -73.87, 11.28 ], [ -73.89, 11.3 ], [ -73.91, 11.3 ], [ -73.93, 11.31 ], [ -73.95, 11.31 ], [ -73.95, 11.32 ], [ -73.96, 11.32 ], [ -73.96, 11.33 ], [ -73.97, 11.33 ], [ -73.98, 11.34 ], [ -73.99, 11.34 ], [ -74.01, 11.34 ], [ -74.02, 11.34 ], [ -74.02, 11.35 ], [ -74.03, 11.35 ], [ -74.03, 11.34 ], [ -74.04, 11.34 ], [ -74.04, 11.35 ] ] ], [ [ [ -74.1, 11.33 ], [ -74.1, 11.34 ], [ -74.11, 11.34 ], [ -74.11, 11.33 ], [ -74.1, 11.33 ] ] ], [ [ [ -74.12, 9.04 ], [ -74.13, 9.04 ], [ -74.14, 9.04 ], [ -74.14, 9.03 ], [ -74.13, 9.03 ], [ -74.12, 9.03 ], [ -74.12, 9.04 ] ] ], [ [ [ -73.99, 9.59 ], [ -74.0, 9.58 ], [ -73.99, 9.58 ], [ -73.99, 9.59 ] ] ] ] } },
{ "type": "Feature", "properties": { "coddepto": 70 }, "geometry": { "type": "MultiPolygon", "coordinates": [ [ [ [ -75.5, 10.14 ], [ -75.57, 10.09 ], [ -75.57, 10.07 ], [ -75.58, 10.05 ], [ -75.57, 10.03 ], [ -75.57, 10.02 ], [ -75.57, 10.01 ], [ -75.58, 10.0 ], [ -75.58, 9.99 ], [ -75.58, 9.97 ], [ -75.58, 9.95 ], [ -75.6, 9.94 ], [ -75.59, 9.92 ], [ -75.6, 9.91 ], [ -75.61, 9.89 ], [ -75.62, 9.88 ], [ -75.62, 9.87 ], [ -75.61, 9.85 ], [ -75.62, 9.83 ], [ -75.62, 9.82 ], [ -75.62, 9.81 ], [ -75.63, 9.8 ], [ -75.63, 9.79 ], [ -75.64, 9.77 ], [ -75.64, 9.76 ], [ -75.67, 9.74 ], [ -75.68, 9.73 ], [ -75.69, 9.72 ], [ -75.69, 9.71 ], [ -75.68, 9.7 ], [ -75.65, 9.71 ], [ -75.65, 9.7 ], [ -75.63, 9.69 ], [ -75.62, 9.7 ], [ -75.61, 9.69 ], [ -75.6, 9.68 ], [ -75.6, 9.66 ], [ -75.58, 9.64 ], [ -75.57, 9.62 ], [ -75.57, 9.6 ], [ -75.57, 9.56 ], [ -75.58, 9.54 ], [ -75.6, 9.49 ], [ -75.61, 9.46 ], [ -75.63, 9.44 ], [ -75.64, 9.43 ], [ -75.65, 9.42 ], [ -75.67, 9.41 ], [ -75.68, 9.4 ], [ -75.69, 9.41 ], [ -75.7, 9.41 ], [ -75.7, 9.37 ], [ -75.69, 9.36 ], [ -75.69, 9.35 ], [ -75.68, 9.35 ], [ -75.67, 9.34 ], [ -75.66, 9.36 ], [ -75.65, 9.36 ], [ -75.65, 9.35 ], [ -75.64, 9.35 ], [ -75.63, 9.35 ], [ -75.62, 9.35 ], [ -75.61, 9.34 ], [ -75.61, 9.33 ], [ -75.6, 9.33 ], [ -75.6, 9.32 ], [ -75.6, 9.31 ], [ -75.59, 9.3 ], [ -75.6, 9.3 ], [ -75.6, 9.29 ], [ -75.61, 9.28 ], [ -75.59, 9.28 ], [ -75.59, 9.27 ], [ -75.58, 9.27 ], [ -75.57, 9.28 ], [ -75.56, 9.27 ], [ -75.55, 9.26 ], [ -75.53, 9.26 ], [ -75.52, 9.26 ], [ -75.51, 9.26 ], [ -75.51, 9.27 ], [ -75.5, 9.28 ], [ -75.49, 9.28 ], [ -75.49, 9.27 ], [ -75.5, 9.26 ], [ -75.49, 9.26 ], [ -75.48, 9.26 ], [ -75.48, 9.25 ], [ -75.47, 9.25 ], [ -75.46, 9.24 ], [ -75.46, 9.22 ], [ -75.47, 9.21 ], [ -75.46, 9.2 ], [ -75.46, 9.19 ], [ -75.46, 9.18 ], [ -75.46, 9.17 ], [ -75.47, 9.16 ], [ -75.46, 9.16 ], [ -75.45, 9.15 ], [ -75.45, 9.14 ], [ -75.43, 9.14 ], [ -75.43, 9.15 ], [ -75.42, 9.15 ], [ -75.41, 9.15 ], [ -75.39, 9.16 ], [ -75.38, 9.15 ], [ -75.38, 9.14 ], [ -75.37, 9.14 ], [ -75.36, 9.14 ], [ -75.36, 9.13 ], [ -75.35, 9.12 ], [ -75.34, 9.13 ], [ -75.33, 9.13 ], [ -75.32, 9.12 ], [ -75.31, 9.12 ], [ -75.31, 9.11 ], [ -75.31, 9.1 ], [ -75.31, 9.09 ], [ -75.3, 9.09 ], [ -75.3, 9.08 ], [ -75.29, 9.08 ], [ -75.28, 9.07 ], [ -75.27, 9.08 ], [ -75.26, 9.07 ], [ -75.25, 9.07 ], [ -75.24, 9.07 ], [ -75.22, 9.07 ], [ -75.22, 9.06 ], [ -75.21, 9.05 ], [ -75.21, 9.04 ], [ -75.21, 9.03 ], [ -75.21, 9.02 ], [ -75.21, 9.01 ], [ -75.2, 9.0 ], [ -75.19, 8.99 ], [ -75.19, 8.97 ], [ -75.18, 8.97 ], [ -75.17, 8.95 ], [ -75.16, 8.94 ], [ -75.17, 8.94 ], [ -75.17, 8.93 ], [ -75.18, 8.93 ], [ -75.19, 8.92 ], [ -75.2, 8.92 ], [ -75.21, 8.92 ], [ -75.22, 8.92 ], [ -75.23, 8.91 ], [ -75.23, 8.9 ], [ -75.24, 8.89 ], [ -75.24, 8.88 ], [ -75.26, 8.9 ], [ -75.27, 8.9 ], [ -75.27, 8.91 ], [ -75.28, 8.91 ], [ -75.29, 8.9 ], [ -75.29, 8.89 ], [ -75.3, 8.86 ], [ -75.31, 8.86 ], [ -75.32, 8.86 ], [ -75.33, 8.87 ], [ -75.34, 8.85 ], [ -75.35, 8.85 ], [ -75.35, 8.84 ], [ -75.36, 8.83 ], [ -75.37, 8.83 ], [ -75.37, 8.81 ], [ -75.37, 8.79 ], [ -75.36, 8.78 ], [ -75.34, 8.78 ], [ -75.34, 8.77 ], [ -75.33, 8.76 ], [ -75.32, 8.76 ], [ -75.32, 8.75 ], [ -75.33, 8.75 ], [ -75.33, 8.74 ], [ -75.33, 8.73 ], [ -75.34, 8.72 ], [ -75.34, 8.71 ], [ -75.34, 8.7 ], [ -75.35, 8.7 ], [ -75.35, 8.69 ], [ -75.35, 8.68 ], [ -75.36, 8.68 ], [ -75.36, 8.67 ], [ -75.35, 8.67 ], [ -75.35, 8.66 ], [ -75.35, 8.65 ], [ -75.34, 8.65 ], [ -75.34, 8.64 ], [ -75.34, 8.63 ], [ -75.32, 8.59 ], [ -75.32, 8.57 ], [ -75.33, 8.56 ], [ -75.33, 8.55 ], [ -75.32, 8.55 ], [ -75.32, 8.54 ], [ -75.31, 8.53 ], [ -75.31, 8.52 ], [ -75.31, 8.51 ], [ -75.31, 8.5 ], [ -75.3, 8.5 ], [ -75.29, 8.5 ], [ -75.28, 8.5 ], [ -75.28, 8.49 ], [ -75.27, 8.49 ], [ -75.24, 8.49 ], [ -75.24, 8.48 ], [ -75.24, 8.47 ], [ -75.23, 8.47 ], [ -75.22, 8.48 ], [ -75.21, 8.47 ], [ -75.21, 8.46 ], [ -75.2, 8.45 ], [ -75.19, 8.44 ], [ -75.2, 8.44 ], [ -75.21, 8.43 ], [ -75.21, 8.42 ], [ -75.2, 8.42 ], [ -75.2, 8.41 ], [ -75.19, 8.4 ], [ -75.18, 8.4 ], [ -75.17, 8.41 ], [ -75.17, 8.42 ], [ -75.16, 8.42 ], [ -75.16, 8.43 ], [ -75.14, 8.43 ], [ -75.13, 8.45 ], [ -75.13, 8.46 ], [ -75.13, 8.47 ], [ -75.09, 8.47 ], [ -75.06, 8.45 ], [ -75.06, 8.46 ], [ -75.06, 8.47 ], [ -75.05, 8.47 ], [ -75.05, 8.46 ], [ -75.04, 8.46 ], [ -75.03, 8.47 ], [ -75.03, 8.49 ], [ -75.03, 8.5 ], [ -75.02, 8.5 ], [ -75.01, 8.51 ], [ -75.01, 8.52 ], [ -75.0, 8.52 ], [ -74.99, 8.51 ], [ -74.93, 8.5 ], [ -74.93, 8.45 ], [ -74.9, 8.45 ], [ -74.89, 8.44 ], [ -74.88, 8.43 ], [ -74.88, 8.42 ], [ -74.88, 8.4 ], [ -74.86, 8.4 ], [ -74.86, 8.39 ], [ -74.85, 8.39 ], [ -74.84, 8.39 ], [ -74.83, 8.39 ], [ -74.81, 8.39 ], [ -74.81, 8.38 ], [ -74.8, 8.37 ], [ -74.81, 8.36 ], [ -74.82, 8.37 ], [ -74.83, 8.36 ], [ -74.82, 8.35 ], [ -74.81, 8.35 ], [ -74.81, 8.34 ], [ -74.8, 8.34 ], [ -74.8, 8.33 ], [ -74.8, 8.32 ], [ -74.79, 8.32 ], [ -74.79, 8.31 ], [ -74.8, 8.31 ], [ -74.8, 8.3 ], [ -74.8, 8.29 ], [ -74.79, 8.29 ], [ -74.79, 8.28 ], [ -74.78, 8.28 ], [ -74.77, 8.28 ], [ -74.77, 8.29 ], [ -74.76, 8.29 ], [ -74.75, 8.3 ], [ -74.74, 8.29 ], [ -74.73, 8.28 ], [ -74.72, 8.29 ], [ -74.72, 8.3 ], [ -74.71, 8.3 ], [ -74.7, 8.3 ], [ -74.69, 8.3 ], [ -74.68, 8.29 ], [ -74.67, 8.3 ], [ -74.66, 8.29 ], [ -74.66, 8.28 ], [ -74.65, 8.28 ], [ -74.65, 8.3 ], [ -74.65, 8.31 ], [ -74.64, 8.32 ], [ -74.63, 8.33 ], [ -74.62, 8.34 ], [ -74.61, 8.35 ], [ -74.62, 8.36 ], [ -74.61, 8.38 ], [ -74.62, 8.39 ], [ -74.61, 8.39 ], [ -74.61, 8.4 ], [ -74.61, 8.41 ], [ -74.6, 8.4 ], [ -74.59, 8.4 ], [ -74.59, 8.39 ], [ -74.59, 8.38 ], [ -74.56, 8.39 ], [ -74.56, 8.4 ], [ -74.56, 8.41 ], [ -74.55, 8.42 ], [ -74.54, 8.43 ], [ -74.54, 8.45 ], [ -74.53, 8.45 ], [ -74.53, 8.47 ], [ -74.54, 8.48 ], [ -74.55, 8.5 ], [ -74.56, 8.51 ], [ -74.57, 8.51 ], [ -74.57, 8.53 ], [ -74.57, 8.54 ], [ -74.58, 8.54 ], [ -74.57, 8.55 ], [ -74.56, 8.55 ], [ -74.56, 8.57 ], [ -74.58, 8.58 ], [ -74.59, 8.59 ], [ -74.6, 8.6 ], [ -74.59, 8.61 ], [ -74.59, 8.62 ], [ -74.59, 8.63 ], [ -74.59, 8.64 ], [ -74.6, 8.65 ], [ -74.6, 8.66 ], [ -74.59, 8.67 ], [ -74.6, 8.68 ], [ -74.59, 8.69 ], [ -74.6, 8.71 ], [ -74.61, 8.72 ], [ -74.61, 8.73 ], [ -74.6, 8.74 ], [ -74.61, 8.76 ], [ -74.6, 8.76 ], [ -74.59, 8.76 ], [ -74.59, 8.77 ], [ -74.58, 8.77 ], [ -74.57, 8.77 ], [ -74.57, 8.78 ], [ -74.58, 8.78 ], [ -74.58, 8.79 ], [ -74.56, 8.8 ], [ -74.55, 8.8 ], [ -74.54, 8.8 ], [ -74.54, 8.81 ], [ -74.55, 8.81 ], [ -74.56, 8.82 ], [ -74.56, 8.83 ], [ -74.56, 8.84 ], [ -74.59, 8.84 ], [ -74.58, 8.85 ], [ -74.58, 8.86 ], [ -74.58, 8.87 ], [ -74.59, 8.87 ], [ -74.59, 8.89 ], [ -74.6, 8.89 ], [ -74.6, 8.9 ], [ -74.61, 8.92 ], [ -74.61, 8.93 ], [ -74.62, 8.93 ], [ -74.62, 8.94 ], [ -74.63, 8.95 ], [ -74.63, 8.97 ], [ -74.64, 8.97 ], [ -74.64, 8.98 ], [ -74.65, 8.99 ], [ -74.66, 8.99 ], [ -74.67, 8.99 ], [ -74.67, 9.0 ], [ -74.67, 9.01 ], [ -74.68, 9.01 ], [ -74.7, 9.01 ], [ -74.72, 9.01 ], [ -74.73, 9.02 ], [ -74.74, 9.02 ], [ -74.74, 9.03 ], [ -74.75, 9.03 ], [ -74.75, 9.04 ], [ -74.76, 9.04 ], [ -74.77, 9.04 ], [ -74.78, 9.04 ], [ -74.79, 9.05 ], [ -74.8, 9.05 ], [ -74.81, 9.05 ], [ -74.82, 9.06 ], [ -74.83, 9.06 ], [ -74.83, 9.07 ], [ -74.83, 9.08 ], [ -74.83, 9.09 ], [ -74.84, 9.09 ], [ -74.84, 9.1 ], [ -74.85, 9.11 ], [ -74.85, 9.12 ], [ -74.85, 9.13 ], [ -74.86, 9.13 ], [ -74.86, 9.14 ], [ -74.86, 9.15 ], [ -74.87, 9.15 ], [ -74.87, 9.16 ], [ -74.88, 9.16 ], [ -74.89, 9.16 ], [ -74.9, 9.16 ], [ -74.91, 9.18 ], [ -74.9, 9.19 ], [ -74.91, 9.2 ], [ -74.91, 9.21 ], [ -74.91, 9.22 ], [ -74.9, 9.23 ], [ -74.91, 9.23 ], [ -74.91, 9.24 ], [ -74.92, 9.25 ], [ -74.93, 9.25 ], [ -74.93, 9.26 ], [ -74.93, 9.27 ], [ -74.93, 9.28 ], [ -74.93, 9.29 ], [ -74.94, 9.29 ], [ -74.94, 9.3 ], [ -74.94, 9.31 ], [ -74.93, 9.32 ], [ -74.93, 9.33 ], [ -74.94, 9.34 ], [ -74.95, 9.35 ], [ -74.94, 9.35 ], [ -74.94, 9.36 ], [ -74.93, 9.37 ], [ -74.93, 9.38 ], [ -74.92, 9.39 ], [ -74.92, 9.4 ], [ -74.92, 9.41 ], [ -74.89, 9.42 ], [ -74.89, 9.43 ], [ -74.9, 9.43 ], [ -74.91, 9.43 ], [ -74.91, 9.44 ], [ -74.93, 9.44 ], [ -74.93, 9.45 ], [ -74.94, 9.45 ], [ -74.95, 9.44 ], [ -74.95, 9.43 ], [ -74.97, 9.43 ], [ -74.97, 9.44 ], [ -74.98, 9.44 ], [ -74.99, 9.44 ], [ -74.99, 9.45 ], [ -75.0, 9.45 ], [ -75.01, 9.46 ], [ -75.02, 9.46 ], [ -75.03, 9.47 ], [ -75.04, 9.48 ], [ -75.03, 9.5 ], [ -75.03, 9.51 ], [ -75.02, 9.52 ], [ -75.02, 9.53 ], [ -75.03, 9.53 ], [ -75.04, 9.54 ], [ -75.06, 9.53 ], [ -75.07, 9.54 ], [ -75.08, 9.53 ], [ -75.08, 9.54 ], [ -75.08, 9.55 ], [ -75.09, 9.55 ], [ -75.09, 9.56 ], [ -75.1, 9.56 ], [ -75.1, 9.57 ], [ -75.11, 9.57 ], [ -75.12, 9.57 ], [ -75.12, 9.58 ], [ -75.13, 9.58 ], [ -75.13, 9.6 ], [ -75.15, 9.6 ], [ -75.16, 9.61 ], [ -75.17, 9.61 ], [ -75.18, 9.6 ], [ -75.19, 9.61 ], [ -75.18, 9.62 ], [ -75.19, 9.62 ], [ -75.19, 9.63 ], [ -75.18, 9.63 ], [ -75.17, 9.64 ], [ -75.18, 9.64 ], [ -75.19, 9.64 ], [ -75.2, 9.65 ], [ -75.21, 9.65 ], [ -75.22, 9.65 ], [ -75.23, 9.65 ], [ -75.24, 9.66 ], [ -75.25, 9.66 ], [ -75.26, 9.66 ], [ -75.26, 9.67 ], [ -75.27, 9.67 ], [ -75.27, 9.68 ], [ -75.28, 9.69 ], [ -75.3, 9.67 ], [ -75.3, 9.66 ], [ -75.31, 9.65 ], [ -75.33, 9.63 ], [ -75.34, 9.63 ], [ -75.34, 9.64 ], [ -75.35, 9.64 ], [ -75.36, 9.65 ], [ -75.36, 9.64 ], [ -75.36, 9.63 ], [ -75.37, 9.63 ], [ -75.37, 9.64 ], [ -75.37, 9.65 ], [ -75.38, 9.65 ], [ -75.38, 9.66 ], [ -75.38, 9.67 ], [ -75.37, 9.67 ], [ -75.38, 9.68 ], [ -75.38, 9.69 ], [ -75.37, 9.69 ], [ -75.37, 9.7 ], [ -75.38, 9.7 ], [ -75.37, 9.71 ], [ -75.37, 9.72 ], [ -75.37, 9.73 ], [ -75.36, 9.74 ], [ -75.36, 9.75 ], [ -75.35, 9.76 ], [ -75.35, 9.78 ], [ -75.34, 9.81 ], [ -75.34, 9.82 ], [ -75.34, 9.83 ], [ -75.35, 9.84 ], [ -75.36, 9.84 ], [ -75.36, 9.85 ], [ -75.37, 9.85 ], [ -75.38, 9.85 ], [ -75.38, 9.86 ], [ -75.38, 9.87 ], [ -75.39, 9.87 ], [ -75.39, 9.88 ], [ -75.41, 9.88 ], [ -75.42, 9.88 ], [ -75.42, 9.89 ], [ -75.43, 9.89 ], [ -75.43, 9.9 ], [ -75.43, 9.91 ], [ -75.45, 9.91 ], [ -75.45, 9.9 ], [ -75.45, 9.89 ], [ -75.46, 9.89 ], [ -75.47, 9.89 ], [ -75.47, 9.9 ], [ -75.46, 9.91 ], [ -75.47, 9.92 ], [ -75.48, 9.92 ], [ -75.48, 9.93 ], [ -75.48, 9.94 ], [ -75.47, 9.94 ], [ -75.47, 9.95 ], [ -75.47, 9.96 ], [ -75.47, 9.97 ], [ -75.48, 9.97 ], [ -75.48, 9.98 ], [ -75.48, 9.99 ], [ -75.47, 10.0 ], [ -75.48, 10.01 ], [ -75.48, 10.02 ], [ -75.49, 10.03 ], [ -75.49, 10.04 ], [ -75.5, 10.04 ], [ -75.51, 10.03 ], [ -75.52, 10.03 ], [ -75.53, 10.03 ], [ -75.53, 10.04 ], [ -75.54, 10.04 ], [ -75.54, 10.05 ], [ -75.5, 10.14 ] ], [ [ -75.3, 9.09 ], [ -75.3, 9.1 ], [ -75.29, 9.1 ], [ -75.3, 9.09 ] ] ], [ [ [ -75.69, 9.71 ], [ -75.7, 9.71 ], [ -75.7, 9.7 ], [ -75.69, 9.71 ] ] ], [ [ [ -75.32, 8.54 ], [ -75.33, 8.54 ], [ -75.33, 8.53 ], [ -75.32, 8.54 ] ] ] ] } },
{ "type": "Feature", "properties": { "coddepto": 76 }, "geometry": { "type": "MultiPolygon", "coordinates": [ [ [ [ -77.36, 3.42 ], [ -77.37, 3.42 ], [ -77.36, 3.43 ], [ -77.36, 3.44 ], [ -77.36, 3.45 ], [ -77.37, 3.44 ], [ -77.38, 3.43 ], [ -77.39, 3.4 ], [ -77.41, 3.38 ], [ -77.41, 3.37 ], [ -77.41, 3.36 ], [ -77.42, 3.36 ], [ -77.42, 3.37 ], [ -77.43, 3.37 ], [ -77.46, 3.33 ], [ -77.48, 3.32 ], [ -77.48, 3.31 ], [ -77.49, 3.31 ], [ -77.5, 3.3 ], [ -77.55, 3.23 ], [ -77.54, 3.23 ], [ -77.53, 3.23 ], [ -77.52, 3.24 ], [ -77.51, 3.24 ], [ -77.5, 3.23 ], [ -77.51, 3.23 ], [ -77.5, 3.22 ], [ -77.49, 3.22 ], [ -77.48, 3.21 ], [ -77.47, 3.22 ], [ -77.47, 3.23 ], [ -77.47, 3.24 ], [ -77.46, 3.24 ], [ -77.46, 3.23 ], [ -77.45, 3.24 ], [ -77.44, 3.25 ], [ -77.43, 3.25 ], [ -77.42, 3.24 ], [ -77.42, 3.23 ], [ -77.41, 3.22 ], [ -77.4, 3.21 ], [ -77.39, 3.21 ], [ -77.38, 3.2 ], [ -77.38, 3.19 ], [ -77.38, 3.18 ], [ -77.37, 3.17 ], [ -77.37, 3.15 ], [ -77.35, 3.14 ], [ -77.34, 3.15 ], [ -77.33, 3.15 ], [ -77.33, 3.16 ], [ -77.32, 3.16 ], [ -77.32, 3.17 ], [ -77.31, 3.17 ], [ -77.3, 3.16 ], [ -77.29, 3.16 ], [ -77.28, 3.16 ], [ -77.28, 3.15 ], [ -77.29, 3.15 ], [ -77.29, 3.14 ], [ -77.28, 3.14 ], [ -77.28, 3.13 ], [ -77.27, 3.13 ], [ -77.26, 3.14 ], [ -77.25, 3.13 ], [ -77.24, 3.13 ], [ -77.25, 3.12 ], [ -77.24, 3.11 ], [ -77.23, 3.12 ], [ -77.23, 3.11 ], [ -77.22, 3.12 ], [ -77.22, 3.13 ], [ -77.22, 3.14 ], [ -77.2, 3.13 ], [ -77.2, 3.14 ], [ -77.19, 3.14 ], [ -77.19, 3.15 ], [ -77.18, 3.16 ], [ -77.17, 3.16 ], [ -77.17, 3.17 ], [ -77.16, 3.17 ], [ -77.15, 3.17 ], [ -77.14, 3.17 ], [ -77.13, 3.16 ], [ -77.12, 3.17 ], [ -77.11, 3.18 ], [ -77.1, 3.18 ], [ -77.09, 3.18 ], [ -77.08, 3.18 ], [ -77.06, 3.17 ], [ -77.05, 3.17 ], [ -77.04, 3.16 ], [ -77.03, 3.17 ], [ -77.02, 3.16 ], [ -77.0, 3.15 ], [ -76.99, 3.15 ], [ -76.99, 3.14 ], [ -76.98, 3.13 ], [ -76.97, 3.12 ], [ -76.96, 3.12 ], [ -76.95, 3.12 ], [ -76.94, 3.11 ], [ -76.93, 3.13 ], [ -76.93, 3.14 ], [ -76.92, 3.15 ], [ -76.91, 3.16 ], [ -76.91, 3.17 ], [ -76.91, 3.18 ], [ -76.91, 3.2 ], [ -76.9, 3.2 ], [ -76.89, 3.2 ], [ -76.88, 3.21 ], [ -76.87, 3.21 ], [ -76.86, 3.21 ], [ -76.85, 3.21 ], [ -76.84, 3.21 ], [ -76.83, 3.21 ], [ -76.82, 3.21 ], [ -76.81, 3.21 ], [ -76.79, 3.22 ], [ -76.78, 3.23 ], [ -76.77, 3.23 ], [ -76.76, 3.22 ], [ -76.76, 3.21 ], [ -76.75, 3.21 ], [ -76.75, 3.2 ], [ -76.75, 3.19 ], [ -76.74, 3.19 ], [ -76.74, 3.18 ], [ -76.74, 3.17 ], [ -76.75, 3.16 ], [ -76.75, 3.15 ], [ -76.75, 3.14 ], [ -76.74, 3.14 ], [ -76.74, 3.13 ], [ -76.73, 3.12 ], [ -76.72, 3.12 ], [ -76.71, 3.12 ], [ -76.7, 3.12 ], [ -76.7, 3.11 ], [ -76.69, 3.11 ], [ -76.68, 3.11 ], [ -76.68, 3.1 ], [ -76.67, 3.1 ], [ -76.66, 3.1 ], [ -76.65, 3.1 ], [ -76.64, 3.11 ], [ -76.64, 3.12 ], [ -76.63, 3.12 ], [ -76.62, 3.12 ], [ -76.62, 3.11 ], [ -76.62, 3.1 ], [ -76.62, 3.09 ], [ -76.61, 3.09 ], [ -76.6, 3.09 ], [ -76.59, 3.09 ], [ -76.59, 3.1 ], [ -76.6, 3.1 ], [ -76.6, 3.11 ], [ -76.59, 3.11 ], [ -76.59, 3.12 ], [ -76.58, 3.12 ], [ -76.58, 3.13 ], [ -76.57, 3.13 ], [ -76.57, 3.12 ], [ -76.56, 3.12 ], [ -76.56, 3.11 ], [ -76.56, 3.1 ], [ -76.55, 3.11 ], [ -76.54, 3.11 ], [ -76.54, 3.12 ], [ -76.53, 3.12 ], [ -76.52, 3.12 ], [ -76.52, 3.13 ], [ -76.53, 3.13 ], [ -76.53, 3.14 ], [ -76.52, 3.14 ], [ -76.52, 3.15 ], [ -76.51, 3.15 ], [ -76.51, 3.16 ], [ -76.5, 3.16 ], [ -76.5, 3.17 ], [ -76.5, 3.18 ], [ -76.49, 3.18 ], [ -76.49, 3.19 ], [ -76.49, 3.2 ], [ -76.5, 3.2 ], [ -76.49, 3.21 ], [ -76.48, 3.22 ], [ -76.47, 3.22 ], [ -76.47, 3.23 ], [ -76.47, 3.24 ], [ -76.47, 3.25 ], [ -76.46, 3.25 ], [ -76.46, 3.26 ], [ -76.46, 3.27 ], [ -76.47, 3.27 ], [ -76.47, 3.28 ], [ -76.48, 3.28 ], [ -76.48, 3.29 ], [ -76.49, 3.29 ], [ -76.49, 3.3 ], [ -76.48, 3.3 ], [ -76.47, 3.3 ], [ -76.47, 3.31 ], [ -76.48, 3.32 ], [ -76.47, 3.32 ], [ -76.46, 3.32 ], [ -76.45, 3.32 ], [ -76.42, 3.31 ], [ -76.41, 3.3 ], [ -76.37, 3.29 ], [ -76.36, 3.29 ], [ -76.34, 3.28 ], [ -76.33, 3.28 ], [ -76.32, 3.28 ], [ -76.31, 3.28 ], [ -76.31, 3.29 ], [ -76.3, 3.29 ], [ -76.29, 3.29 ], [ -76.29, 3.28 ], [ -76.28, 3.28 ], [ -76.27, 3.28 ], [ -76.26, 3.28 ], [ -76.25, 3.28 ], [ -76.23, 3.28 ], [ -76.21, 3.26 ], [ -76.2, 3.24 ], [ -76.19, 3.23 ], [ -76.18, 3.23 ], [ -76.17, 3.23 ], [ -76.16, 3.23 ], [ -76.16, 3.24 ], [ -76.15, 3.23 ], [ -76.15, 3.22 ], [ -76.14, 3.23 ], [ -76.13, 3.22 ], [ -76.12, 3.22 ], [ -76.11, 3.23 ], [ -76.1, 3.22 ], [ -76.09, 3.22 ], [ -76.07, 3.21 ], [ -76.06, 3.21 ], [ -76.06, 3.22 ], [ -76.06, 3.23 ], [ -76.05, 3.24 ], [ -76.04, 3.25 ], [ -76.04, 3.26 ], [ -76.05, 3.27 ], [ -76.05, 3.28 ], [ -76.05, 3.29 ], [ -76.04, 3.29 ], [ -76.04, 3.3 ], [ -76.04, 3.32 ], [ -76.06, 3.33 ], [ -76.05, 3.34 ], [ -76.06, 3.35 ], [ -76.05, 3.37 ], [ -76.04, 3.38 ], [ -76.03, 3.38 ], [ -76.03, 3.39 ], [ -76.04, 3.39 ], [ -76.04, 3.4 ], [ -76.04, 3.41 ], [ -76.04, 3.42 ], [ -76.04, 3.43 ], [ -76.04, 3.44 ], [ -76.04, 3.45 ], [ -76.03, 3.45 ], [ -76.03, 3.47 ], [ -76.02, 3.47 ], [ -76.02, 3.48 ], [ -76.03, 3.49 ], [ -76.02, 3.5 ], [ -76.02, 3.51 ], [ -76.0, 3.52 ], [ -76.0, 3.53 ], [ -76.0, 3.54 ], [ -75.98, 3.56 ], [ -75.99, 3.58 ], [ -75.98, 3.58 ], [ -75.98, 3.59 ], [ -75.99, 3.6 ], [ -75.99, 3.61 ], [ -75.99, 3.62 ], [ -75.99, 3.64 ], [ -75.98, 3.64 ], [ -75.98, 3.66 ], [ -75.97, 3.66 ], [ -75.96, 3.66 ], [ -75.95, 3.67 ], [ -75.95, 3.68 ], [ -75.95, 3.69 ], [ -75.96, 3.69 ], [ -75.96, 3.7 ], [ -75.96, 3.71 ], [ -75.95, 3.71 ], [ -75.95, 3.72 ], [ -75.95, 3.73 ], [ -75.94, 3.73 ], [ -75.93, 3.73 ], [ -75.93, 3.74 ], [ -75.92, 3.74 ], [ -75.92, 3.75 ], [ -75.92, 3.76 ], [ -75.91, 3.76 ], [ -75.91, 3.77 ], [ -75.91, 3.78 ], [ -75.9, 3.79 ], [ -75.9, 3.8 ], [ -75.89, 3.81 ], [ -75.88, 3.81 ], [ -75.87, 3.82 ], [ -75.86, 3.84 ], [ -75.86, 3.85 ], [ -75.86, 3.86 ], [ -75.86, 3.87 ], [ -75.86, 3.88 ], [ -75.84, 3.9 ], [ -75.84, 3.91 ], [ -75.83, 3.91 ], [ -75.83, 3.9 ], [ -75.82, 3.91 ], [ -75.81, 3.92 ], [ -75.81, 3.93 ], [ -75.81, 3.94 ], [ -75.81, 3.95 ], [ -75.8, 3.96 ], [ -75.79, 3.97 ], [ -75.79, 3.98 ], [ -75.79, 3.99 ], [ -75.79, 4.0 ], [ -75.8, 4.01 ], [ -75.79, 4.01 ], [ -75.78, 4.01 ], [ -75.77, 4.01 ], [ -75.77, 4.02 ], [ -75.76, 4.02 ], [ -75.76, 4.03 ], [ -75.75, 4.04 ], [ -75.74, 4.06 ], [ -75.75, 4.06 ], [ -75.75, 4.07 ], [ -75.75, 4.08 ], [ -75.76, 4.08 ], [ -75.77, 4.08 ], [ -75.78, 4.08 ], [ -75.78, 4.09 ], [ -75.79, 4.09 ], [ -75.8, 4.09 ], [ -75.81, 4.09 ], [ -75.82, 4.1 ], [ -75.83, 4.1 ], [ -75.84, 4.1 ], [ -75.83, 4.11 ], [ -75.84, 4.12 ], [ -75.84, 4.13 ], [ -75.84, 4.14 ], [ -75.84, 4.15 ], [ -75.82, 4.2 ], [ -75.83, 4.21 ], [ -75.82, 4.23 ], [ -75.81, 4.25 ], [ -75.81, 4.26 ], [ -75.8, 4.26 ], [ -75.79, 4.29 ], [ -75.79, 4.3 ], [ -75.79, 4.31 ], [ -75.8, 4.31 ], [ -75.8, 4.32 ], [ -75.79, 4.33 ], [ -75.79, 4.34 ], [ -75.79, 4.35 ], [ -75.8, 4.37 ], [ -75.8, 4.38 ], [ -75.8, 4.39 ], [ -75.8, 4.4 ], [ -75.81, 4.4 ], [ -75.82, 4.4 ], [ -75.83, 4.41 ], [ -75.83, 4.4 ], [ -75.84, 4.4 ], [ -75.84, 4.41 ], [ -75.85, 4.41 ], [ -75.86, 4.42 ], [ -75.87, 4.41 ], [ -75.88, 4.41 ], [ -75.89, 4.41 ], [ -75.89, 4.42 ], [ -75.9, 4.42 ], [ -75.9, 4.43 ], [ -75.89, 4.43 ], [ -75.89, 4.44 ], [ -75.89, 4.45 ], [ -75.88, 4.45 ], [ -75.87, 4.45 ], [ -75.88, 4.46 ], [ -75.88, 4.47 ], [ -75.87, 4.47 ], [ -75.87, 4.48 ], [ -75.88, 4.49 ], [ -75.87, 4.5 ], [ -75.87, 4.51 ], [ -75.87, 4.52 ], [ -75.88, 4.53 ], [ -75.88, 4.54 ], [ -75.87, 4.54 ], [ -75.87, 4.55 ], [ -75.88, 4.55 ], [ -75.88, 4.56 ], [ -75.87, 4.56 ], [ -75.87, 4.57 ], [ -75.87, 4.58 ], [ -75.87, 4.59 ], [ -75.86, 4.6 ], [ -75.86, 4.61 ], [ -75.86, 4.62 ], [ -75.85, 4.62 ], [ -75.85, 4.63 ], [ -75.85, 4.64 ], [ -75.84, 4.64 ], [ -75.83, 4.66 ], [ -75.81, 4.66 ], [ -75.8, 4.66 ], [ -75.79, 4.66 ], [ -75.78, 4.66 ], [ -75.78, 4.65 ], [ -75.77, 4.65 ], [ -75.76, 4.65 ], [ -75.74, 4.65 ], [ -75.73, 4.65 ], [ -75.72, 4.65 ], [ -75.71, 4.66 ], [ -75.71, 4.71 ], [ -75.72, 4.71 ], [ -75.73, 4.71 ], [ -75.74, 4.71 ], [ -75.75, 4.71 ], [ -75.76, 4.71 ], [ -75.76, 4.72 ], [ -75.77, 4.72 ], [ -75.78, 4.72 ], [ -75.79, 4.72 ], [ -75.8, 4.72 ], [ -75.8, 4.73 ], [ -75.81, 4.73 ], [ -75.82, 4.73 ], [ -75.83, 4.74 ], [ -75.84, 4.73 ], [ -75.85, 4.73 ], [ -75.85, 4.74 ], [ -75.85, 4.76 ], [ -75.85, 4.78 ], [ -75.86, 4.77 ], [ -75.87, 4.77 ], [ -75.88, 4.77 ], [ -75.88, 4.76 ], [ -75.89, 4.75 ], [ -75.9, 4.76 ], [ -75.91, 4.75 ], [ -75.91, 4.76 ], [ -75.92, 4.76 ], [ -75.92, 4.77 ], [ -75.93, 4.77 ], [ -75.93, 4.78 ], [ -75.93, 4.79 ], [ -75.92, 4.79 ], [ -75.92, 4.8 ], [ -75.93, 4.8 ], [ -75.93, 4.81 ], [ -75.92, 4.81 ], [ -75.91, 4.82 ], [ -75.91, 4.83 ], [ -75.9, 4.84 ], [ -75.91, 4.85 ], [ -75.9, 4.85 ], [ -75.91, 4.86 ], [ -75.91, 4.87 ], [ -75.92, 4.87 ], [ -75.93, 4.87 ], [ -75.93, 4.86 ], [ -75.94, 4.86 ], [ -75.96, 4.86 ], [ -75.97, 4.86 ], [ -75.98, 4.87 ], [ -75.99, 4.88 ], [ -75.99, 4.89 ], [ -75.99, 4.9 ], [ -75.99, 4.91 ], [ -76.0, 4.92 ], [ -76.01, 4.93 ], [ -76.03, 4.94 ], [ -76.03, 4.95 ], [ -76.03, 4.96 ], [ -76.03, 4.97 ], [ -76.04, 4.98 ], [ -76.05, 4.99 ], [ -76.04, 5.0 ], [ -76.05, 5.0 ], [ -76.05, 5.01 ], [ -76.06, 5.01 ], [ -76.06, 5.02 ], [ -76.07, 5.02 ], [ -76.08, 5.04 ], [ -76.09, 5.04 ], [ -76.1, 5.03 ], [ -76.09, 5.01 ], [ -76.1, 5.0 ], [ -76.09, 4.98 ], [ -76.09, 4.95 ], [ -76.09, 4.94 ], [ -76.1, 4.94 ], [ -76.09, 4.93 ], [ -76.1, 4.92 ], [ -76.11, 4.92 ], [ -76.12, 4.91 ], [ -76.13, 4.91 ], [ -76.12, 4.89 ], [ -76.12, 4.88 ], [ -76.13, 4.87 ], [ -76.13, 4.86 ], [ -76.14, 4.85 ], [ -76.14, 4.84 ], [ -76.15, 4.84 ], [ -76.16, 4.84 ], [ -76.18, 4.83 ], [ -76.19, 4.83 ], [ -76.21, 4.83 ], [ -76.22, 4.82 ], [ -76.22, 4.81 ], [ -76.23, 4.8 ], [ -76.25, 4.79 ], [ -76.26, 4.79 ], [ -76.28, 4.77 ], [ -76.29, 4.77 ], [ -76.29, 4.76 ], [ -76.31, 4.75 ], [ -76.3, 4.74 ], [ -76.29, 4.73 ], [ -76.29, 4.71 ], [ -76.29, 4.7 ], [ -76.3, 4.7 ], [ -76.3, 4.69 ], [ -76.3, 4.68 ], [ -76.3, 4.67 ], [ -76.3, 4.66 ], [ -76.31, 4.64 ], [ -76.31, 4.63 ], [ -76.32, 4.62 ], [ -76.32, 4.61 ], [ -76.32, 4.6 ], [ -76.33, 4.6 ], [ -76.33, 4.59 ], [ -76.34, 4.58 ], [ -76.34, 4.57 ], [ -76.34, 4.56 ], [ -76.36, 4.56 ], [ -76.37, 4.56 ], [ -76.38, 4.56 ], [ -76.38, 4.55 ], [ -76.4, 4.53 ], [ -76.39, 4.53 ], [ -76.39, 4.52 ], [ -76.38, 4.52 ], [ -76.38, 4.51 ], [ -76.37, 4.5 ], [ -76.37, 4.49 ], [ -76.38, 4.49 ], [ -76.39, 4.49 ], [ -76.39, 4.48 ], [ -76.4, 4.47 ], [ -76.41, 4.47 ], [ -76.41, 4.46 ], [ -76.42, 4.46 ], [ -76.42, 4.45 ], [ -76.43, 4.45 ], [ -76.43, 4.44 ], [ -76.45, 4.44 ], [ -76.45, 4.43 ], [ -76.47, 4.42 ], [ -76.48, 4.41 ], [ -76.5, 4.41 ], [ -76.52, 4.4 ], [ -76.53, 4.4 ], [ -76.54, 4.4 ], [ -76.55, 4.4 ], [ -76.56, 4.4 ], [ -76.56, 4.39 ], [ -76.56, 4.37 ], [ -76.55, 4.35 ], [ -76.55, 4.34 ], [ -76.54, 4.33 ], [ -76.53, 4.32 ], [ -76.53, 4.31 ], [ -76.53, 4.3 ], [ -76.53, 4.29 ], [ -76.52, 4.27 ], [ -76.51, 4.27 ], [ -76.51, 4.26 ], [ -76.51, 4.25 ], [ -76.49, 4.24 ], [ -76.48, 4.23 ], [ -76.47, 4.23 ], [ -76.46, 4.23 ], [ -76.45, 4.21 ], [ -76.45, 4.2 ], [ -76.44, 4.19 ], [ -76.44, 4.18 ], [ -76.45, 4.14 ], [ -76.46, 4.13 ], [ -76.47, 4.1 ], [ -76.49, 4.08 ], [ -76.49, 4.07 ], [ -76.5, 4.06 ], [ -76.52, 4.07 ], [ -76.53, 4.06 ], [ -76.54, 4.05 ], [ -76.54, 4.04 ], [ -76.54, 4.03 ], [ -76.54, 4.02 ], [ -76.54, 4.01 ], [ -76.55, 4.01 ], [ -76.56, 4.01 ], [ -76.56, 4.0 ], [ -76.56, 3.99 ], [ -76.57, 3.98 ], [ -76.59, 3.97 ], [ -76.59, 3.98 ], [ -76.59, 3.99 ], [ -76.59, 4.0 ], [ -76.6, 4.0 ], [ -76.62, 4.01 ], [ -76.65, 4.0 ], [ -76.66, 3.99 ], [ -76.66, 3.98 ], [ -76.68, 3.97 ], [ -76.69, 3.97 ], [ -76.7, 3.98 ], [ -76.75, 3.98 ], [ -76.75, 3.99 ], [ -76.76, 3.99 ], [ -76.77, 3.99 ], [ -76.77, 4.0 ], [ -76.79, 4.0 ], [ -76.79, 4.01 ], [ -76.8, 4.01 ], [ -76.81, 4.01 ], [ -76.82, 4.01 ], [ -76.82, 4.02 ], [ -76.82, 4.03 ], [ -76.84, 4.04 ], [ -76.85, 4.04 ], [ -76.85, 4.03 ], [ -76.86, 4.03 ], [ -76.87, 4.03 ], [ -76.87, 4.04 ], [ -76.87, 4.05 ], [ -76.88, 4.05 ], [ -76.88, 4.06 ], [ -76.89, 4.07 ], [ -76.9, 4.07 ], [ -76.9, 4.08 ], [ -76.91, 4.08 ], [ -76.91, 4.1 ], [ -76.92, 4.1 ], [ -76.93, 4.11 ], [ -76.94, 4.11 ], [ -76.95, 4.11 ], [ -76.95, 4.12 ], [ -76.97, 4.12 ], [ -76.98, 4.12 ], [ -76.99, 4.11 ], [ -76.99, 4.12 ], [ -77.0, 4.12 ], [ -77.0, 4.1 ], [ -77.01, 4.1 ], [ -77.02, 4.1 ], [ -77.03, 4.09 ], [ -77.04, 4.09 ], [ -77.04, 4.1 ], [ -77.05, 4.1 ], [ -77.06, 4.1 ], [ -77.07, 4.1 ], [ -77.07, 4.11 ], [ -77.08, 4.11 ], [ -77.09, 4.12 ], [ -77.1, 4.12 ], [ -77.1, 4.11 ], [ -77.11, 4.11 ], [ -77.11, 4.12 ], [ -77.12, 4.12 ], [ -77.12, 4.13 ], [ -77.13, 4.14 ], [ -77.13, 4.16 ], [ -77.14, 4.16 ], [ -77.15, 4.18 ], [ -77.16, 4.18 ], [ -77.17, 4.18 ], [ -77.19, 4.17 ], [ -77.2, 4.17 ], [ -77.21, 4.16 ], [ -77.22, 4.16 ], [ -77.24, 4.18 ], [ -77.25, 4.19 ], [ -77.25, 4.22 ], [ -77.25, 4.23 ], [ -77.26, 4.23 ], [ -77.28, 4.22 ], [ -77.29, 4.21 ], [ -77.29, 4.19 ], [ -77.29, 4.18 ], [ -77.31, 4.17 ], [ -77.32, 4.17 ], [ -77.33, 4.19 ], [ -77.34, 4.2 ], [ -77.35, 4.2 ], [ -77.36, 4.19 ], [ -77.37, 4.18 ], [ -77.38, 4.17 ], [ -77.39, 4.16 ], [ -77.39, 4.15 ], [ -77.42, 4.14 ], [ -77.44, 4.15 ], [ -77.44, 4.14 ], [ -77.44, 4.13 ], [ -77.44, 4.12 ], [ -77.43, 4.11 ], [ -77.43, 4.09 ], [ -77.44, 4.06 ], [ -77.45, 4.04 ], [ -77.44, 4.03 ], [ -77.44, 4.02 ], [ -77.43, 4.01 ], [ -77.41, 3.99 ], [ -77.39, 3.98 ], [ -77.39, 3.97 ], [ -77.37, 3.95 ], [ -77.37, 3.93 ], [ -77.36, 3.93 ], [ -77.35, 3.93 ], [ -77.33, 3.97 ], [ -77.32, 3.97 ], [ -77.32, 3.98 ], [ -77.32, 3.99 ], [ -77.32, 4.0 ], [ -77.32, 4.01 ], [ -77.32, 4.02 ], [ -77.31, 4.02 ], [ -77.31, 4.03 ], [ -77.31, 4.04 ], [ -77.3, 4.04 ], [ -77.3, 4.05 ], [ -77.29, 4.05 ], [ -77.27, 4.07 ], [ -77.26, 4.07 ], [ -77.25, 4.07 ], [ -77.24, 4.08 ], [ -77.23, 4.08 ], [ -77.23, 4.07 ], [ -77.23, 4.06 ], [ -77.21, 4.06 ], [ -77.2, 4.06 ], [ -77.2, 4.05 ], [ -77.2, 4.04 ], [ -77.2, 4.03 ], [ -77.21, 4.02 ], [ -77.21, 4.01 ], [ -77.22, 4.01 ], [ -77.22, 4.0 ], [ -77.23, 4.0 ], [ -77.23, 3.99 ], [ -77.24, 3.99 ], [ -77.25, 3.99 ], [ -77.25, 3.98 ], [ -77.26, 3.98 ], [ -77.26, 3.99 ], [ -77.27, 3.99 ], [ -77.27, 3.98 ], [ -77.28, 3.98 ], [ -77.29, 3.98 ], [ -77.29, 3.97 ], [ -77.3, 3.96 ], [ -77.31, 3.96 ], [ -77.31, 3.95 ], [ -77.32, 3.95 ], [ -77.31, 3.93 ], [ -77.32, 3.93 ], [ -77.32, 3.92 ], [ -77.32, 3.91 ], [ -77.32, 3.9 ], [ -77.31, 3.91 ], [ -77.3, 3.9 ], [ -77.29, 3.9 ], [ -77.29, 3.89 ], [ -77.29, 3.88 ], [ -77.3, 3.88 ], [ -77.3, 3.87 ], [ -77.3, 3.86 ], [ -77.29, 3.86 ], [ -77.29, 3.85 ], [ -77.28, 3.84 ], [ -77.27, 3.84 ], [ -77.26, 3.83 ], [ -77.25, 3.83 ], [ -77.24, 3.83 ], [ -77.24, 3.84 ], [ -77.23, 3.83 ], [ -77.22, 3.83 ], [ -77.21, 3.83 ], [ -77.2, 3.84 ], [ -77.19, 3.84 ], [ -77.19, 3.83 ], [ -77.18, 3.83 ], [ -77.18, 3.84 ], [ -77.18, 3.85 ], [ -77.17, 3.85 ], [ -77.16, 3.85 ], [ -77.15, 3.86 ], [ -77.13, 3.87 ], [ -77.12, 3.87 ], [ -77.12, 3.88 ], [ -77.11, 3.87 ], [ -77.1, 3.88 ], [ -77.09, 3.88 ], [ -77.09, 3.89 ], [ -77.1, 3.9 ], [ -77.09, 3.91 ], [ -77.08, 3.9 ], [ -77.08, 3.89 ], [ -77.07, 3.88 ], [ -77.06, 3.87 ], [ -77.06, 3.86 ], [ -77.07, 3.86 ], [ -77.09, 3.86 ], [ -77.1, 3.85 ], [ -77.11, 3.85 ], [ -77.11, 3.84 ], [ -77.11, 3.83 ], [ -77.12, 3.82 ], [ -77.13, 3.82 ], [ -77.13, 3.81 ], [ -77.13, 3.8 ], [ -77.14, 3.81 ], [ -77.15, 3.81 ], [ -77.15, 3.8 ], [ -77.16, 3.81 ], [ -77.17, 3.8 ], [ -77.17, 3.81 ], [ -77.18, 3.81 ], [ -77.17, 3.77 ], [ -77.17, 3.76 ], [ -77.17, 3.75 ], [ -77.18, 3.75 ], [ -77.19, 3.75 ], [ -77.2, 3.75 ], [ -77.2, 3.74 ], [ -77.2, 3.72 ], [ -77.19, 3.71 ], [ -77.19, 3.68 ], [ -77.18, 3.69 ], [ -77.17, 3.69 ], [ -77.17, 3.68 ], [ -77.17, 3.66 ], [ -77.16, 3.65 ], [ -77.17, 3.64 ], [ -77.18, 3.65 ], [ -77.19, 3.65 ], [ -77.19, 3.64 ], [ -77.19, 3.63 ], [ -77.2, 3.61 ], [ -77.21, 3.61 ], [ -77.21, 3.6 ], [ -77.22, 3.6 ], [ -77.23, 3.58 ], [ -77.24, 3.58 ], [ -77.27, 3.57 ], [ -77.28, 3.57 ], [ -77.29, 3.57 ], [ -77.3, 3.57 ], [ -77.33, 3.53 ], [ -77.33, 3.52 ], [ -77.37, 3.49 ], [ -77.37, 3.48 ], [ -77.37, 3.47 ], [ -77.36, 3.47 ], [ -77.34, 3.45 ], [ -77.34, 3.44 ], [ -77.33, 3.43 ], [ -77.34, 3.42 ], [ -77.35, 3.42 ], [ -77.36, 3.41 ], [ -77.36, 3.42 ] ], [ [ -77.06, 3.87 ], [ -77.06, 3.88 ], [ -77.05, 3.87 ], [ -77.06, 3.87 ] ] ] ] } },
{ "type": "Feature", "properties": { "coddepto": 81 }, "geometry": { "type": "MultiPolygon", "coordinates": [ [ [ [ -70.68, 7.1 ], [ -70.69, 7.1 ], [ -70.69, 7.09 ], [ -70.7, 7.09 ], [ -70.72, 7.09 ], [ -70.74, 7.09 ], [ -70.75, 7.09 ], [ -70.76, 7.09 ], [ -70.77, 7.09 ], [ -70.77, 7.08 ], [ -70.78, 7.08 ], [ -70.79, 7.08 ], [ -70.8, 7.08 ], [ -70.81, 7.08 ], [ -70.82, 7.08 ], [ -70.82, 7.07 ], [ -70.83, 7.07 ], [ -70.84, 7.08 ], [ -70.85, 7.07 ], [ -70.85, 7.06 ], [ -70.85, 7.05 ], [ -70.86, 7.05 ], [ -70.87, 7.06 ], [ -70.89, 7.06 ], [ -70.9, 7.05 ], [ -70.9, 7.04 ], [ -70.91, 7.04 ], [ -70.92, 7.05 ], [ -70.93, 7.05 ], [ -70.92, 7.03 ], [ -70.92, 7.02 ], [ -70.94, 7.02 ], [ -70.94, 7.01 ], [ -70.95, 7.01 ], [ -70.96, 7.02 ], [ -70.97, 7.02 ], [ -70.97, 7.01 ], [ -70.97, 7.0 ], [ -70.98, 7.0 ], [ -70.99, 6.98 ], [ -71.02, 6.97 ], [ -71.04, 6.98 ], [ -71.08, 6.98 ], [ -71.09, 6.98 ], [ -71.1, 6.99 ], [ -71.11, 6.99 ], [ -71.11, 7.0 ], [ -71.1, 7.0 ], [ -71.1, 7.01 ], [ -71.11, 7.01 ], [ -71.12, 7.01 ], [ -71.12, 7.02 ], [ -71.12, 7.03 ], [ -71.13, 7.03 ], [ -71.14, 7.03 ], [ -71.15, 7.03 ], [ -71.17, 7.03 ], [ -71.19, 7.02 ], [ -71.2, 7.03 ], [ -71.21, 7.02 ], [ -71.23, 7.03 ], [ -71.23, 7.02 ], [ -71.24, 7.01 ], [ -71.25, 7.02 ], [ -71.26, 7.02 ], [ -71.26, 7.03 ], [ -71.27, 7.03 ], [ -71.28, 7.02 ], [ -71.29, 7.03 ], [ -71.3, 7.03 ], [ -71.32, 7.02 ], [ -71.34, 7.01 ], [ -71.36, 7.02 ], [ -71.37, 7.01 ], [ -71.38, 7.02 ], [ -71.39, 7.03 ], [ -71.4, 7.04 ], [ -71.41, 7.03 ], [ -71.42, 7.04 ], [ -71.43, 7.03 ], [ -71.43, 7.02 ], [ -71.44, 7.02 ], [ -71.45, 7.01 ], [ -71.47, 7.01 ], [ -71.49, 7.02 ], [ -71.51, 7.02 ], [ -71.52, 7.03 ], [ -71.53, 7.03 ], [ -71.55, 7.03 ], [ -71.56, 7.03 ], [ -71.58, 7.01 ], [ -71.59, 7.01 ], [ -71.59, 7.03 ], [ -71.6, 7.03 ], [ -71.61, 7.04 ], [ -71.62, 7.05 ], [ -71.63, 7.05 ], [ -71.64, 7.05 ], [ -71.65, 7.04 ], [ -71.66, 7.03 ], [ -71.68, 7.03 ], [ -71.69, 7.03 ], [ -71.7, 7.03 ], [ -71.71, 7.03 ], [ -71.73, 7.05 ], [ -71.73, 7.06 ], [ -71.74, 7.06 ], [ -71.76, 7.06 ], [ -71.77, 7.06 ], [ -71.79, 7.06 ], [ -71.8, 7.06 ], [ -71.8, 7.05 ], [ -71.81, 7.05 ], [ -71.81, 7.06 ], [ -71.82, 7.05 ], [ -71.82, 7.04 ], [ -71.82, 7.03 ], [ -71.83, 7.02 ], [ -71.84, 7.01 ], [ -71.85, 7.01 ], [ -71.85, 7.02 ], [ -71.86, 7.01 ], [ -71.87, 7.02 ], [ -71.88, 7.01 ], [ -71.9, 7.01 ], [ -71.93, 7.01 ], [ -71.95, 7.01 ], [ -71.96, 7.0 ], [ -71.96, 6.99 ], [ -71.97, 6.97 ], [ -71.99, 6.94 ], [ -71.99, 6.93 ], [ -72.0, 6.91 ], [ -72.01, 6.88 ], [ -72.02, 6.87 ], [ -72.02, 6.86 ], [ -72.03, 6.83 ], [ -72.04, 6.81 ], [ -72.04, 6.8 ], [ -72.04, 6.79 ], [ -72.05, 6.77 ], [ -72.06, 6.77 ], [ -72.07, 6.76 ], [ -72.08, 6.75 ], [ -72.09, 6.75 ], [ -72.1, 6.75 ], [ -72.09, 6.73 ], [ -72.1, 6.72 ], [ -72.1, 6.7 ], [ -72.1, 6.69 ], [ -72.1, 6.68 ], [ -72.1, 6.67 ], [ -72.09, 6.66 ], [ -72.09, 6.65 ], [ -72.1, 6.63 ], [ -72.11, 6.61 ], [ -72.11, 6.59 ], [ -72.12, 6.58 ], [ -72.12, 6.54 ], [ -72.13, 6.52 ], [ -72.14, 6.51 ], [ -72.15, 6.51 ], [ -72.16, 6.51 ], [ -72.17, 6.5 ], [ -72.18, 6.5 ], [ -72.18, 6.49 ], [ -72.17, 6.48 ], [ -72.18, 6.47 ], [ -72.18, 6.46 ], [ -72.2, 6.47 ], [ -72.21, 6.47 ], [ -72.21, 6.46 ], [ -72.22, 6.46 ], [ -72.22, 6.45 ], [ -72.22, 6.44 ], [ -72.24, 6.42 ], [ -72.25, 6.42 ], [ -72.25, 6.43 ], [ -72.26, 6.44 ], [ -72.27, 6.44 ], [ -72.27, 6.43 ], [ -72.27, 6.42 ], [ -72.28, 6.42 ], [ -72.28, 6.41 ], [ -72.29, 6.4 ], [ -72.28, 6.39 ], [ -72.28, 6.38 ], [ -72.3, 6.37 ], [ -72.3, 6.36 ], [ -72.32, 6.36 ], [ -72.32, 6.34 ], [ -72.32, 6.33 ], [ -72.33, 6.34 ], [ -72.34, 6.35 ], [ -72.35, 6.34 ], [ -72.35, 6.33 ], [ -72.35, 6.32 ], [ -72.36, 6.31 ], [ -72.37, 6.31 ], [ -72.36, 6.29 ], [ -72.36, 6.28 ], [ -72.36, 6.27 ], [ -72.36, 6.26 ], [ -72.35, 6.24 ], [ -72.34, 6.23 ], [ -72.34, 6.22 ], [ -72.33, 6.22 ], [ -72.32, 6.22 ], [ -72.32, 6.21 ], [ -72.3, 6.2 ], [ -72.29, 6.2 ], [ -72.29, 6.19 ], [ -72.28, 6.18 ], [ -72.29, 6.17 ], [ -72.29, 6.16 ], [ -72.28, 6.16 ], [ -72.28, 6.15 ], [ -72.28, 6.14 ], [ -72.26, 6.12 ], [ -72.24, 6.11 ], [ -72.23, 6.11 ], [ -72.22, 6.1 ], [ -72.21, 6.1 ], [ -72.2, 6.1 ], [ -72.19, 6.09 ], [ -72.18, 6.09 ], [ -72.18, 6.08 ], [ -72.16, 6.07 ], [ -72.15, 6.07 ], [ -72.14, 6.07 ], [ -72.13, 6.07 ], [ -72.11, 6.08 ], [ -72.1, 6.09 ], [ -72.09, 6.09 ], [ -72.08, 6.11 ], [ -72.06, 6.12 ], [ -72.05, 6.12 ], [ -72.04, 6.12 ], [ -72.01, 6.13 ], [ -71.99, 6.15 ], [ -71.95, 6.17 ], [ -71.94, 6.17 ], [ -71.91, 6.16 ], [ -71.88, 6.16 ], [ -71.85, 6.17 ], [ -71.84, 6.17 ], [ -71.83, 6.18 ], [ -71.82, 6.19 ], [ -71.79, 6.19 ], [ -71.78, 6.19 ], [ -71.75, 6.19 ], [ -71.74, 6.19 ], [ -71.71, 6.19 ], [ -71.69, 6.19 ], [ -71.68, 6.19 ], [ -71.67, 6.19 ], [ -71.66, 6.2 ], [ -71.65, 6.2 ], [ -71.64, 6.21 ], [ -71.65, 6.22 ], [ -71.64, 6.22 ], [ -71.64, 6.23 ], [ -71.63, 6.23 ], [ -71.62, 6.23 ], [ -71.61, 6.23 ], [ -71.61, 6.22 ], [ -71.61, 6.21 ], [ -71.59, 6.21 ], [ -71.58, 6.2 ], [ -71.57, 6.21 ], [ -71.56, 6.21 ], [ -71.56, 6.2 ], [ -71.55, 6.2 ], [ -71.55, 6.21 ], [ -71.54, 6.21 ], [ -71.53, 6.21 ], [ -71.52, 6.21 ], [ -71.51, 6.21 ], [ -71.51, 6.2 ], [ -71.5, 6.2 ], [ -71.5, 6.21 ], [ -71.5, 6.22 ], [ -71.49, 6.21 ], [ -71.49, 6.2 ], [ -71.48, 6.21 ], [ -71.47, 6.21 ], [ -71.46, 6.21 ], [ -71.46, 6.22 ], [ -71.44, 6.21 ], [ -71.44, 6.22 ], [ -71.44, 6.23 ], [ -71.45, 6.24 ], [ -71.45, 6.25 ], [ -71.44, 6.25 ], [ -71.43, 6.24 ], [ -71.43, 6.23 ], [ -71.42, 6.23 ], [ -71.42, 6.24 ], [ -71.41, 6.24 ], [ -71.4, 6.24 ], [ -71.39, 6.24 ], [ -71.38, 6.24 ], [ -71.38, 6.23 ], [ -71.37, 6.23 ], [ -71.35, 6.23 ], [ -71.34, 6.23 ], [ -71.34, 6.24 ], [ -71.33, 6.24 ], [ -71.33, 6.26 ], [ -71.32, 6.25 ], [ -71.31, 6.26 ], [ -71.3, 6.27 ], [ -71.29, 6.28 ], [ -71.28, 6.27 ], [ -71.28, 6.26 ], [ -71.27, 6.26 ], [ -71.27, 6.28 ], [ -71.26, 6.28 ], [ -71.25, 6.27 ], [ -71.24, 6.27 ], [ -71.23, 6.26 ], [ -71.23, 6.27 ], [ -71.23, 6.28 ], [ -71.22, 6.29 ], [ -71.22, 6.3 ], [ -71.21, 6.3 ], [ -71.21, 6.29 ], [ -71.2, 6.28 ], [ -71.19, 6.28 ], [ -71.18, 6.28 ], [ -71.17, 6.28 ], [ -71.16, 6.27 ], [ -71.16, 6.26 ], [ -71.15, 6.27 ], [ -71.13, 6.26 ], [ -71.13, 6.27 ], [ -71.12, 6.27 ], [ -71.11, 6.27 ], [ -71.1, 6.28 ], [ -71.09, 6.28 ], [ -71.08, 6.27 ], [ -71.07, 6.26 ], [ -71.06, 6.26 ], [ -71.05, 6.26 ], [ -71.04, 6.25 ], [ -71.03, 6.26 ], [ -71.02, 6.25 ], [ -71.01, 6.25 ], [ -71.0, 6.24 ], [ -70.99, 6.24 ], [ -70.99, 6.23 ], [ -70.98, 6.23 ], [ -70.97, 6.24 ], [ -70.96, 6.24 ], [ -70.95, 6.24 ], [ -70.94, 6.23 ], [ -70.92, 6.23 ], [ -70.91, 6.23 ], [ -70.9, 6.24 ], [ -70.89, 6.23 ], [ -70.88, 6.23 ], [ -70.87, 6.22 ], [ -70.86, 6.22 ], [ -70.86, 6.23 ], [ -70.86, 6.24 ], [ -70.85, 6.24 ], [ -70.84, 6.24 ], [ -70.83, 6.24 ], [ -70.82, 6.25 ], [ -70.81, 6.25 ], [ -70.8, 6.25 ], [ -70.79, 6.25 ], [ -70.78, 6.24 ], [ -70.77, 6.24 ], [ -70.77, 6.23 ], [ -70.75, 6.23 ], [ -70.74, 6.22 ], [ -70.73, 6.23 ], [ -70.73, 6.22 ], [ -70.72, 6.22 ], [ -70.71, 6.22 ], [ -70.69, 6.23 ], [ -70.68, 6.22 ], [ -70.67, 6.23 ], [ -70.65, 6.23 ], [ -70.64, 6.23 ], [ -70.63, 6.23 ], [ -70.62, 6.23 ], [ -70.61, 6.24 ], [ -70.6, 6.24 ], [ -70.59, 6.24 ], [ -70.58, 6.24 ], [ -70.57, 6.24 ], [ -70.56, 6.25 ], [ -70.55, 6.24 ], [ -70.54, 6.25 ], [ -70.53, 6.24 ], [ -70.53, 6.23 ], [ -70.52, 6.23 ], [ -70.5, 6.25 ], [ -70.48, 6.25 ], [ -70.48, 6.26 ], [ -70.48, 6.27 ], [ -70.46, 6.27 ], [ -70.45, 6.27 ], [ -70.44, 6.27 ], [ -70.44, 6.28 ], [ -70.43, 6.28 ], [ -70.43, 6.29 ], [ -70.42, 6.29 ], [ -70.41, 6.29 ], [ -70.39, 6.29 ], [ -70.38, 6.3 ], [ -70.37, 6.3 ], [ -70.36, 6.3 ], [ -70.33, 6.29 ], [ -70.32, 6.29 ], [ -70.32, 6.28 ], [ -70.31, 6.28 ], [ -70.3, 6.28 ], [ -70.29, 6.29 ], [ -70.27, 6.28 ], [ -70.26, 6.28 ], [ -70.25, 6.29 ], [ -70.24, 6.29 ], [ -70.23, 6.29 ], [ -70.22, 6.29 ], [ -70.21, 6.29 ], [ -70.2, 6.3 ], [ -70.19, 6.29 ], [ -70.19, 6.28 ], [ -70.18, 6.28 ], [ -70.17, 6.28 ], [ -70.17, 6.3 ], [ -70.16, 6.3 ], [ -70.15, 6.3 ], [ -70.15, 6.29 ], [ -70.16, 6.29 ], [ -70.15, 6.27 ], [ -70.14, 6.27 ], [ -70.12, 6.26 ], [ -70.12, 6.24 ], [ -70.11, 6.23 ], [ -70.1, 6.23 ], [ -70.08, 6.22 ], [ -70.07, 6.21 ], [ -70.06, 6.21 ], [ -70.06, 6.19 ], [ -70.04, 6.19 ], [ -70.04, 6.18 ], [ -70.06, 6.17 ], [ -70.06, 6.16 ], [ -70.05, 6.16 ], [ -70.04, 6.16 ], [ -70.03, 6.16 ], [ -70.01, 6.15 ], [ -70.0, 6.15 ], [ -69.99, 6.16 ], [ -69.98, 6.16 ], [ -69.99, 6.14 ], [ -69.97, 6.13 ], [ -69.97, 6.14 ], [ -69.96, 6.14 ], [ -69.95, 6.14 ], [ -69.94, 6.13 ], [ -69.93, 6.12 ], [ -69.92, 6.11 ], [ -69.91, 6.11 ], [ -69.9, 6.1 ], [ -69.9, 6.08 ], [ -69.9, 6.07 ], [ -69.9, 6.06 ], [ -69.89, 6.05 ], [ -69.87, 6.04 ], [ -69.84, 6.04 ], [ -69.8, 6.06 ], [ -69.78, 6.06 ], [ -69.74, 6.04 ], [ -69.7, 6.05 ], [ -69.68, 6.04 ], [ -69.66, 6.04 ], [ -69.64, 6.04 ], [ -69.61, 6.04 ], [ -69.57, 6.04 ], [ -69.54, 6.04 ], [ -69.53, 6.05 ], [ -69.51, 6.05 ], [ -69.49, 6.07 ], [ -69.45, 6.08 ], [ -69.44, 6.09 ], [ -69.44, 6.1 ], [ -69.43, 6.11 ], [ -70.12, 6.98 ], [ -70.13, 6.97 ], [ -70.14, 6.98 ], [ -70.15, 6.98 ], [ -70.17, 6.98 ], [ -70.18, 6.98 ], [ -70.19, 6.98 ], [ -70.2, 6.98 ], [ -70.21, 6.98 ], [ -70.21, 6.97 ], [ -70.22, 6.97 ], [ -70.23, 6.97 ], [ -70.25, 6.96 ], [ -70.25, 6.95 ], [ -70.27, 6.94 ], [ -70.28, 6.94 ], [ -70.29, 6.94 ], [ -70.29, 6.93 ], [ -70.3, 6.94 ], [ -70.31, 6.94 ], [ -70.32, 6.93 ], [ -70.33, 6.94 ], [ -70.34, 6.94 ], [ -70.35, 6.95 ], [ -70.35, 6.96 ], [ -70.36, 6.96 ], [ -70.36, 6.97 ], [ -70.37, 6.97 ], [ -70.37, 6.98 ], [ -70.38, 6.98 ], [ -70.39, 6.99 ], [ -70.4, 6.98 ], [ -70.4, 6.99 ], [ -70.41, 6.99 ], [ -70.41, 6.98 ], [ -70.42, 6.98 ], [ -70.43, 6.99 ], [ -70.43, 7.0 ], [ -70.43, 7.01 ], [ -70.44, 7.01 ], [ -70.44, 7.0 ], [ -70.45, 7.0 ], [ -70.45, 7.01 ], [ -70.46, 7.01 ], [ -70.46, 7.0 ], [ -70.47, 7.0 ], [ -70.48, 7.0 ], [ -70.49, 7.01 ], [ -70.5, 7.01 ], [ -70.51, 7.01 ], [ -70.51, 7.02 ], [ -70.51, 7.03 ], [ -70.52, 7.04 ], [ -70.53, 7.04 ], [ -70.53, 7.05 ], [ -70.54, 7.05 ], [ -70.54, 7.06 ], [ -70.54, 7.07 ], [ -70.55, 7.07 ], [ -70.56, 7.08 ], [ -70.57, 7.08 ], [ -70.58, 7.07 ], [ -70.59, 7.07 ], [ -70.61, 7.06 ], [ -70.63, 7.07 ], [ -70.64, 7.07 ], [ -70.65, 7.08 ], [ -70.67, 7.08 ], [ -70.68, 7.09 ], [ -70.68, 7.1 ] ], [ [ -71.53, 6.22 ], [ -71.54, 6.22 ], [ -71.54, 6.23 ], [ -71.53, 6.22 ] ], [ [ -71.03, 6.26 ], [ -71.04, 6.27 ], [ -71.03, 6.27 ], [ -71.03, 6.26 ] ] ], [ [ [ -70.85, 7.07 ], [ -70.85, 7.08 ], [ -70.86, 7.07 ], [ -70.85, 7.07 ] ] ], [ [ [ -71.58, 6.2 ], [ -71.58, 6.19 ], [ -71.57, 6.19 ], [ -71.58, 6.2 ] ] ] ] } },
{ "type": "Feature", "properties": { "coddepto": 86 }, "geometry": { "type": "MultiPolygon", "coordinates": [ [ [ [ -76.68, 1.47 ], [ -76.68, 1.46 ], [ -76.69, 1.46 ], [ -76.7, 1.44 ], [ -76.72, 1.44 ], [ -76.73, 1.43 ], [ -76.74, 1.43 ], [ -76.75, 1.42 ], [ -76.77, 1.42 ], [ -76.77, 1.41 ], [ -76.78, 1.41 ], [ -76.79, 1.41 ], [ -76.8, 1.41 ], [ -76.81, 1.4 ], [ -76.82, 1.4 ], [ -76.83, 1.39 ], [ -76.85, 1.38 ], [ -76.86, 1.38 ], [ -76.87, 1.38 ], [ -76.87, 1.37 ], [ -76.88, 1.37 ], [ -76.89, 1.37 ], [ -76.9, 1.36 ], [ -76.9, 1.35 ], [ -76.91, 1.34 ], [ -76.92, 1.34 ], [ -76.92, 1.33 ], [ -76.91, 1.33 ], [ -76.91, 1.32 ], [ -76.93, 1.3 ], [ -76.93, 1.29 ], [ -76.93, 1.28 ], [ -76.94, 1.28 ], [ -76.94, 1.27 ], [ -76.95, 1.28 ], [ -76.96, 1.28 ], [ -76.97, 1.29 ], [ -76.98, 1.29 ], [ -76.98, 1.28 ], [ -76.98, 1.27 ], [ -76.97, 1.25 ], [ -76.98, 1.23 ], [ -76.98, 1.22 ], [ -77.0, 1.21 ], [ -77.01, 1.21 ], [ -77.02, 1.2 ], [ -77.04, 1.2 ], [ -77.06, 1.19 ], [ -77.07, 1.18 ], [ -77.09, 1.18 ], [ -77.09, 1.17 ], [ -77.1, 1.16 ], [ -77.1, 1.15 ], [ -77.1, 1.14 ], [ -77.1, 1.13 ], [ -77.09, 1.12 ], [ -77.09, 1.11 ], [ -77.1, 1.1 ], [ -77.09, 1.1 ], [ -77.09, 1.08 ], [ -77.08, 1.06 ], [ -77.07, 1.06 ], [ -77.07, 1.05 ], [ -77.07, 1.04 ], [ -77.06, 1.04 ], [ -77.06, 1.03 ], [ -77.05, 1.03 ], [ -77.05, 1.04 ], [ -77.04, 1.04 ], [ -77.03, 1.02 ], [ -77.03, 1.01 ], [ -77.03, 1.0 ], [ -77.03, 0.99 ], [ -77.04, 0.99 ], [ -77.05, 0.98 ], [ -77.06, 0.98 ], [ -77.07, 0.97 ], [ -77.08, 0.96 ], [ -77.07, 0.95 ], [ -77.07, 0.94 ], [ -77.08, 0.94 ], [ -77.09, 0.92 ], [ -77.1, 0.91 ], [ -77.11, 0.9 ], [ -77.12, 0.9 ], [ -77.12, 0.89 ], [ -77.12, 0.88 ], [ -77.12, 0.87 ], [ -77.12, 0.86 ], [ -77.11, 0.85 ], [ -77.11, 0.84 ], [ -77.1, 0.83 ], [ -77.13, 0.82 ], [ -77.14, 0.82 ], [ -77.19, 0.63 ], [ -77.18, 0.62 ], [ -77.17, 0.61 ], [ -77.16, 0.61 ], [ -77.14, 0.6 ], [ -77.13, 0.6 ], [ -77.12, 0.59 ], [ -77.12, 0.58 ], [ -77.12, 0.57 ], [ -77.12, 0.56 ], [ -77.13, 0.56 ], [ -77.13, 0.52 ], [ -77.12, 0.51 ], [ -77.12, 0.5 ], [ -77.12, 0.48 ], [ -77.1, 0.48 ], [ -77.1, 0.47 ], [ -77.1, 0.46 ], [ -77.11, 0.45 ], [ -77.11, 0.44 ], [ -77.11, 0.43 ], [ -77.1, 0.43 ], [ -77.09, 0.42 ], [ -77.09, 0.41 ], [ -77.09, 0.4 ], [ -77.09, 0.39 ], [ -77.1, 0.39 ], [ -77.1, 0.38 ], [ -77.11, 0.38 ], [ -77.11, 0.37 ], [ -77.11, 0.36 ], [ -77.11, 0.35 ], [ -77.1, 0.34 ], [ -77.09, 0.33 ], [ -77.08, 0.32 ], [ -77.08, 0.31 ], [ -77.09, 0.3 ], [ -77.08, 0.3 ], [ -77.08, 0.29 ], [ -77.07, 0.28 ], [ -77.06, 0.29 ], [ -77.05, 0.29 ], [ -77.03, 0.28 ], [ -77.01, 0.29 ], [ -77.0, 0.3 ], [ -77.0, 0.29 ], [ -77.0, 0.28 ], [ -76.99, 0.27 ], [ -76.98, 0.27 ], [ -76.96, 0.27 ], [ -76.95, 0.27 ], [ -76.94, 0.27 ], [ -76.94, 0.28 ], [ -76.93, 0.28 ], [ -76.93, 0.27 ], [ -76.93, 0.26 ], [ -76.92, 0.26 ], [ -76.91, 0.25 ], [ -76.89, 0.25 ], [ -76.88, 0.25 ], [ -76.87, 0.25 ], [ -76.85, 0.24 ], [ -76.81, 0.26 ], [ -76.8, 0.26 ], [ -76.79, 0.26 ], [ -76.77, 0.25 ], [ -76.76, 0.25 ], [ -76.75, 0.25 ], [ -76.75, 0.26 ], [ -76.77, 0.26 ], [ -76.75, 0.28 ], [ -76.74, 0.28 ], [ -76.73, 0.29 ], [ -76.71, 0.27 ], [ -76.7, 0.28 ], [ -76.69, 0.28 ], [ -76.68, 0.27 ], [ -76.67, 0.27 ], [ -76.66, 0.27 ], [ -76.65, 0.27 ], [ -76.66, 0.25 ], [ -76.65, 0.25 ], [ -76.63, 0.26 ], [ -76.62, 0.25 ], [ -76.61, 0.23 ], [ -76.59, 0.23 ], [ -76.59, 0.22 ], [ -76.58, 0.22 ], [ -76.58, 0.23 ], [ -76.57, 0.24 ], [ -76.54, 0.26 ], [ -76.53, 0.26 ], [ -76.52, 0.24 ], [ -76.5, 0.24 ], [ -76.49, 0.24 ], [ -76.48, 0.24 ], [ -76.45, 0.24 ], [ -76.45, 0.26 ], [ -76.43, 0.26 ], [ -76.42, 0.25 ], [ -76.42, 0.24 ], [ -76.41, 0.24 ], [ -76.41, 0.38 ], [ -76.4, 0.38 ], [ -76.37, 0.4 ], [ -76.36, 0.39 ], [ -76.35, 0.38 ], [ -76.33, 0.39 ], [ -76.34, 0.41 ], [ -76.33, 0.42 ], [ -76.32, 0.43 ], [ -76.31, 0.44 ], [ -76.3, 0.42 ], [ -76.29, 0.43 ], [ -76.28, 0.44 ], [ -76.26, 0.43 ], [ -76.26, 0.42 ], [ -76.26, 0.4 ], [ -76.25, 0.4 ], [ -76.24, 0.41 ], [ -76.23, 0.4 ], [ -76.23, 0.38 ], [ -76.22, 0.38 ], [ -76.22, 0.39 ], [ -76.21, 0.39 ], [ -76.2, 0.38 ], [ -76.19, 0.37 ], [ -76.18, 0.37 ], [ -76.17, 0.38 ], [ -76.16, 0.39 ], [ -76.15, 0.38 ], [ -76.14, 0.38 ], [ -76.13, 0.38 ], [ -76.12, 0.35 ], [ -76.12, 0.33 ], [ -76.12, 0.32 ], [ -76.11, 0.32 ], [ -76.1, 0.32 ], [ -76.09, 0.34 ], [ -76.06, 0.34 ], [ -76.05, 0.33 ], [ -76.05, 0.32 ], [ -76.04, 0.31 ], [ -76.02, 0.3 ], [ -76.01, 0.31 ], [ -76.0, 0.3 ], [ -76.0, 0.29 ], [ -75.99, 0.28 ], [ -76.0, 0.27 ], [ -75.99, 0.26 ], [ -75.98, 0.26 ], [ -75.98, 0.25 ], [ -75.99, 0.25 ], [ -75.98, 0.24 ], [ -75.96, 0.24 ], [ -75.96, 0.23 ], [ -75.96, 0.22 ], [ -75.95, 0.22 ], [ -75.94, 0.21 ], [ -75.94, 0.2 ], [ -75.92, 0.19 ], [ -75.92, 0.18 ], [ -75.9, 0.17 ], [ -75.89, 0.16 ], [ -75.89, 0.15 ], [ -75.9, 0.14 ], [ -75.89, 0.14 ], [ -75.88, 0.14 ], [ -75.88, 0.12 ], [ -75.87, 0.12 ], [ -75.87, 0.13 ], [ -75.86, 0.14 ], [ -75.85, 0.13 ], [ -75.85, 0.12 ], [ -75.84, 0.11 ], [ -75.83, 0.1 ], [ -75.81, 0.08 ], [ -75.81, 0.07 ], [ -75.81, 0.06 ], [ -75.81, 0.05 ], [ -75.8, 0.05 ], [ -75.79, 0.06 ], [ -75.77, 0.05 ], [ -75.76, 0.04 ], [ -75.75, 0.04 ], [ -75.74, 0.04 ], [ -75.73, 0.04 ], [ -75.72, 0.04 ], [ -75.71, 0.05 ], [ -75.7, 0.05 ], [ -75.7, 0.04 ], [ -75.68, 0.04 ], [ -75.66, 0.05 ], [ -75.65, 0.04 ], [ -75.65, 0.03 ], [ -75.64, 0.04 ], [ -75.64, 0.05 ], [ -75.63, 0.05 ], [ -75.62, 0.05 ], [ -75.62, 0.04 ], [ -75.61, 0.02 ], [ -75.6, 0.01 ], [ -75.59, 0.02 ], [ -75.58, 0.02 ], [ -75.58, 0.0 ], [ -75.58, -0.01 ], [ -75.58, -0.02 ], [ -75.57, -0.02 ], [ -75.55, -0.02 ], [ -75.53, -0.02 ], [ -75.52, -0.02 ], [ -75.52, -0.03 ], [ -75.5, -0.03 ], [ -75.49, -0.05 ], [ -75.47, -0.05 ], [ -75.46, -0.06 ], [ -75.45, -0.06 ], [ -75.44, -0.07 ], [ -75.43, -0.08 ], [ -75.41, -0.08 ], [ -75.41, -0.09 ], [ -75.39, -0.09 ], [ -75.37, -0.09 ], [ -75.35, -0.09 ], [ -75.34, -0.09 ], [ -75.33, -0.1 ], [ -75.32, -0.1 ], [ -75.31, -0.1 ], [ -75.3, -0.1 ], [ -75.28, -0.11 ], [ -75.28, -0.12 ], [ -75.25, -0.1 ], [ -75.23, -0.08 ], [ -75.22, -0.06 ], [ -75.22, -0.05 ], [ -75.21, -0.04 ], [ -75.18, -0.04 ], [ -75.16, -0.04 ], [ -75.15, -0.05 ], [ -75.14, -0.06 ], [ -75.12, -0.07 ], [ -75.11, -0.07 ], [ -75.09, -0.07 ], [ -75.08, -0.07 ], [ -75.07, -0.09 ], [ -75.06, -0.1 ], [ -75.04, -0.11 ], [ -75.02, -0.13 ], [ -75.02, -0.14 ], [ -75.0, -0.14 ], [ -74.98, -0.15 ], [ -74.97, -0.15 ], [ -74.97, -0.16 ], [ -74.96, -0.17 ], [ -74.95, -0.19 ], [ -74.95, -0.2 ], [ -74.93, -0.2 ], [ -74.93, -0.22 ], [ -74.92, -0.21 ], [ -74.92, -0.2 ], [ -74.91, -0.2 ], [ -74.91, -0.21 ], [ -74.9, -0.21 ], [ -74.89, -0.22 ], [ -74.89, -0.23 ], [ -74.88, -0.23 ], [ -74.87, -0.23 ], [ -74.87, -0.24 ], [ -74.86, -0.24 ], [ -74.85, -0.22 ], [ -74.84, -0.21 ], [ -74.83, -0.2 ], [ -74.82, -0.19 ], [ -74.81, -0.19 ], [ -74.79, -0.19 ], [ -74.77, -0.21 ], [ -74.76, -0.21 ], [ -74.76, -0.23 ], [ -74.75, -0.25 ], [ -74.74, -0.27 ], [ -74.74, -0.28 ], [ -74.73, -0.29 ], [ -74.73, -0.32 ], [ -74.73, -0.33 ], [ -74.72, -0.34 ], [ -74.71, -0.35 ], [ -74.69, -0.33 ], [ -74.68, -0.33 ], [ -74.67, -0.33 ], [ -74.68, -0.35 ], [ -74.67, -0.37 ], [ -74.66, -0.37 ], [ -74.65, -0.36 ], [ -74.64, -0.35 ], [ -74.63, -0.35 ], [ -74.61, -0.35 ], [ -74.61, -0.36 ], [ -74.6, -0.37 ], [ -74.6, -0.38 ], [ -74.58, -0.38 ], [ -74.56, -0.4 ], [ -74.54, -0.42 ], [ -74.54, -0.43 ], [ -74.54, -0.45 ], [ -74.53, -0.46 ], [ -74.52, -0.47 ], [ -74.5, -0.46 ], [ -74.49, -0.46 ], [ -74.49, -0.47 ], [ -74.49, -0.48 ], [ -74.48, -0.47 ], [ -74.47, -0.47 ], [ -74.47, -0.48 ], [ -74.46, -0.49 ], [ -74.45, -0.49 ], [ -74.44, -0.5 ], [ -74.43, -0.5 ], [ -74.42, -0.5 ], [ -74.42, -0.51 ], [ -74.42, -0.52 ], [ -74.42, -0.54 ], [ -74.42, -0.55 ], [ -74.41, -0.55 ], [ -74.4, -0.54 ], [ -74.39, -0.54 ], [ -74.39, -0.55 ], [ -73.84, -0.4 ], [ -73.86, -0.38 ], [ -73.88, -0.37 ], [ -73.9, -0.37 ], [ -73.94, -0.35 ], [ -74.0, -0.34 ], [ -74.01, -0.34 ], [ -74.02, -0.33 ], [ -74.02, -0.32 ], [ -74.04, -0.31 ], [ -74.04, -0.3 ], [ -74.04, -0.28 ], [ -74.04, -0.27 ], [ -74.05, -0.27 ], [ -74.07, -0.28 ], [ -74.08, -0.28 ], [ -74.11, -0.24 ], [ -74.13, -0.23 ], [ -74.14, -0.24 ], [ -74.15, -0.24 ], [ -74.16, -0.26 ], [ -74.17, -0.27 ], [ -74.18, -0.27 ], [ -74.19, -0.26 ], [ -74.19, -0.23 ], [ -74.19, -0.22 ], [ -74.2, -0.21 ], [ -74.21, -0.21 ], [ -74.22, -0.21 ], [ -74.22, -0.23 ], [ -74.23, -0.24 ], [ -74.24, -0.23 ], [ -74.29, -0.2 ], [ -74.29, -0.18 ], [ -74.27, -0.16 ], [ -74.26, -0.16 ], [ -74.27, -0.14 ], [ -74.28, -0.14 ], [ -74.29, -0.15 ], [ -74.3, -0.15 ], [ -74.31, -0.14 ], [ -74.32, -0.12 ], [ -74.34, -0.11 ], [ -74.36, -0.11 ], [ -74.37, -0.11 ], [ -74.4, -0.11 ], [ -74.42, -0.12 ], [ -74.43, -0.13 ], [ -74.44, -0.14 ], [ -74.45, -0.14 ], [ -74.45, -0.13 ], [ -74.43, -0.11 ], [ -74.42, -0.11 ], [ -74.42, -0.1 ], [ -74.43, -0.09 ], [ -74.44, -0.08 ], [ -74.45, -0.07 ], [ -74.46, -0.08 ], [ -74.46, -0.11 ], [ -74.47, -0.13 ], [ -74.48, -0.14 ], [ -74.5, -0.14 ], [ -74.5, -0.13 ], [ -74.51, -0.13 ], [ -74.51, -0.1 ], [ -74.51, -0.09 ], [ -74.52, -0.09 ], [ -74.53, -0.09 ], [ -74.53, -0.1 ], [ -74.52, -0.12 ], [ -74.53, -0.12 ], [ -74.54, -0.12 ], [ -74.58, -0.11 ], [ -74.6, -0.1 ], [ -74.63, -0.09 ], [ -74.63, -0.08 ], [ -74.62, -0.08 ], [ -74.62, -0.07 ], [ -74.62, -0.06 ], [ -74.63, -0.04 ], [ -74.64, -0.04 ], [ -74.65, -0.04 ], [ -74.67, -0.06 ], [ -74.68, -0.06 ], [ -74.68, -0.05 ], [ -74.67, -0.04 ], [ -74.66, -0.04 ], [ -74.66, -0.03 ], [ -74.66, -0.01 ], [ -74.68, 0.01 ], [ -74.69, 0.02 ], [ -74.7, 0.04 ], [ -74.68, 0.04 ], [ -74.67, 0.05 ], [ -74.66, 0.06 ], [ -74.66, 0.07 ], [ -74.66, 0.08 ], [ -74.67, 0.08 ], [ -74.69, 0.08 ], [ -74.7, 0.08 ], [ -74.71, 0.09 ], [ -74.71, 0.1 ], [ -74.7, 0.09 ], [ -74.69, 0.09 ], [ -74.68, 0.09 ], [ -74.68, 0.1 ], [ -74.67, 0.12 ], [ -74.68, 0.13 ], [ -74.68, 0.15 ], [ -74.68, 0.17 ], [ -74.7, 0.18 ], [ -74.71, 0.19 ], [ -74.72, 0.2 ], [ -74.74, 0.21 ], [ -74.77, 0.21 ], [ -74.78, 0.21 ], [ -74.82, 0.22 ], [ -74.83, 0.22 ], [ -74.83, 0.21 ], [ -74.84, 0.21 ], [ -74.86, 0.22 ], [ -74.88, 0.24 ], [ -74.89, 0.25 ], [ -74.92, 0.25 ], [ -74.93, 0.25 ], [ -74.94, 0.24 ], [ -74.96, 0.24 ], [ -74.97, 0.25 ], [ -74.99, 0.27 ], [ -75.0, 0.27 ], [ -75.01, 0.28 ], [ -75.01, 0.29 ], [ -75.01, 0.3 ], [ -74.99, 0.3 ], [ -74.98, 0.31 ], [ -74.98, 0.32 ], [ -75.0, 0.33 ], [ -75.01, 0.34 ], [ -75.01, 0.35 ], [ -75.02, 0.38 ], [ -75.01, 0.39 ], [ -74.99, 0.4 ], [ -74.98, 0.4 ], [ -74.98, 0.41 ], [ -74.99, 0.42 ], [ -75.01, 0.44 ], [ -75.01, 0.46 ], [ -75.02, 0.47 ], [ -75.03, 0.48 ], [ -75.04, 0.48 ], [ -75.05, 0.48 ], [ -75.1, 0.47 ], [ -75.11, 0.48 ], [ -75.1, 0.49 ], [ -75.09, 0.5 ], [ -75.1, 0.51 ], [ -75.11, 0.51 ], [ -75.12, 0.51 ], [ -75.14, 0.49 ], [ -75.15, 0.48 ], [ -75.16, 0.48 ], [ -75.18, 0.49 ], [ -75.2, 0.48 ], [ -75.21, 0.48 ], [ -75.22, 0.49 ], [ -75.22, 0.5 ], [ -75.2, 0.5 ], [ -75.2, 0.51 ], [ -75.21, 0.52 ], [ -75.22, 0.54 ], [ -75.24, 0.57 ], [ -75.23, 0.58 ], [ -75.21, 0.59 ], [ -75.21, 0.6 ], [ -75.21, 0.61 ], [ -75.22, 0.63 ], [ -75.23, 0.65 ], [ -75.27, 0.66 ], [ -75.28, 0.67 ], [ -75.26, 0.69 ], [ -75.26, 0.7 ], [ -75.26, 0.71 ], [ -75.27, 0.73 ], [ -75.3, 0.73 ], [ -75.3, 0.74 ], [ -75.31, 0.75 ], [ -75.32, 0.75 ], [ -75.33, 0.75 ], [ -75.33, 0.76 ], [ -75.34, 0.77 ], [ -75.35, 0.77 ], [ -75.36, 0.75 ], [ -75.38, 0.75 ], [ -75.4, 0.74 ], [ -75.41, 0.74 ], [ -75.42, 0.74 ], [ -75.43, 0.75 ], [ -75.47, 0.76 ], [ -75.47, 0.77 ], [ -75.48, 0.78 ], [ -75.49, 0.78 ], [ -75.5, 0.77 ], [ -75.51, 0.77 ], [ -75.52, 0.78 ], [ -75.53, 0.78 ], [ -75.53, 0.79 ], [ -75.54, 0.79 ], [ -75.54, 0.82 ], [ -75.54, 0.83 ], [ -75.55, 0.83 ], [ -75.57, 0.83 ], [ -75.58, 0.84 ], [ -75.6, 0.84 ], [ -75.61, 0.84 ], [ -75.61, 0.86 ], [ -75.62, 0.87 ], [ -75.64, 0.88 ], [ -75.66, 0.87 ], [ -75.67, 0.86 ], [ -75.68, 0.86 ], [ -75.69, 0.86 ], [ -75.71, 0.86 ], [ -75.73, 0.86 ], [ -75.74, 0.85 ], [ -75.76, 0.84 ], [ -75.77, 0.84 ], [ -75.76, 0.85 ], [ -75.77, 0.86 ], [ -75.8, 0.9 ], [ -75.81, 0.9 ], [ -75.81, 0.89 ], [ -75.82, 0.88 ], [ -75.83, 0.87 ], [ -75.84, 0.88 ], [ -75.86, 0.89 ], [ -75.86, 0.9 ], [ -75.87, 0.92 ], [ -75.87, 0.93 ], [ -75.89, 0.94 ], [ -75.9, 0.94 ], [ -75.9, 0.95 ], [ -75.9, 0.97 ], [ -75.91, 0.97 ], [ -75.92, 0.98 ], [ -75.94, 0.98 ], [ -75.95, 0.98 ], [ -75.95, 0.99 ], [ -75.93, 0.99 ], [ -75.93, 1.01 ], [ -75.92, 1.02 ], [ -75.92, 1.03 ], [ -75.94, 1.03 ], [ -75.95, 1.03 ], [ -75.97, 1.06 ], [ -75.99, 1.07 ], [ -76.0, 1.07 ], [ -76.0, 1.06 ], [ -75.99, 1.06 ], [ -75.99, 1.05 ], [ -75.99, 1.03 ], [ -76.0, 1.03 ], [ -76.0, 1.05 ], [ -76.01, 1.05 ], [ -76.02, 1.05 ], [ -76.04, 1.05 ], [ -76.05, 1.05 ], [ -76.06, 1.05 ], [ -76.08, 1.05 ], [ -76.08, 1.03 ], [ -76.08, 1.02 ], [ -76.09, 1.02 ], [ -76.1, 1.02 ], [ -76.11, 1.01 ], [ -76.13, 1.01 ], [ -76.14, 1.02 ], [ -76.15, 1.02 ], [ -76.17, 1.03 ], [ -76.18, 1.03 ], [ -76.18, 1.02 ], [ -76.18, 1.01 ], [ -76.19, 1.01 ], [ -76.19, 1.0 ], [ -76.19, 0.99 ], [ -76.2, 0.99 ], [ -76.2, 0.98 ], [ -76.22, 0.98 ], [ -76.24, 0.98 ], [ -76.24, 0.97 ], [ -76.25, 0.98 ], [ -76.26, 0.97 ], [ -76.27, 0.97 ], [ -76.27, 0.98 ], [ -76.28, 0.98 ], [ -76.28, 0.97 ], [ -76.3, 0.96 ], [ -76.31, 0.97 ], [ -76.32, 0.96 ], [ -76.33, 0.96 ], [ -76.33, 0.97 ], [ -76.34, 0.98 ], [ -76.35, 0.98 ], [ -76.37, 0.98 ], [ -76.38, 0.98 ], [ -76.4, 0.98 ], [ -76.41, 0.97 ], [ -76.41, 0.96 ], [ -76.42, 0.96 ], [ -76.43, 0.96 ], [ -76.44, 0.97 ], [ -76.45, 0.98 ], [ -76.45, 0.99 ], [ -76.47, 1.0 ], [ -76.48, 1.0 ], [ -76.48, 1.01 ], [ -76.49, 1.02 ], [ -76.49, 1.03 ], [ -76.5, 1.03 ], [ -76.52, 1.03 ], [ -76.53, 1.03 ], [ -76.54, 1.03 ], [ -76.54, 1.04 ], [ -76.55, 1.05 ], [ -76.56, 1.06 ], [ -76.56, 1.07 ], [ -76.56, 1.08 ], [ -76.57, 1.08 ], [ -76.57, 1.09 ], [ -76.56, 1.1 ], [ -76.56, 1.11 ], [ -76.55, 1.11 ], [ -76.55, 1.12 ], [ -76.55, 1.13 ], [ -76.55, 1.14 ], [ -76.55, 1.15 ], [ -76.54, 1.16 ], [ -76.54, 1.18 ], [ -76.54, 1.2 ], [ -76.54, 1.21 ], [ -76.54, 1.22 ], [ -76.56, 1.23 ], [ -76.57, 1.24 ], [ -76.56, 1.25 ], [ -76.57, 1.25 ], [ -76.57, 1.26 ], [ -76.57, 1.27 ], [ -76.57, 1.28 ], [ -76.59, 1.3 ], [ -76.58, 1.31 ], [ -76.58, 1.32 ], [ -76.57, 1.32 ], [ -76.57, 1.33 ], [ -76.58, 1.34 ], [ -76.58, 1.35 ], [ -76.58, 1.36 ], [ -76.58, 1.37 ], [ -76.57, 1.38 ], [ -76.57, 1.39 ], [ -76.58, 1.39 ], [ -76.59, 1.39 ], [ -76.59, 1.4 ], [ -76.6, 1.4 ], [ -76.6, 1.41 ], [ -76.61, 1.42 ], [ -76.62, 1.42 ], [ -76.63, 1.43 ], [ -76.64, 1.43 ], [ -76.64, 1.44 ], [ -76.64, 1.45 ], [ -76.65, 1.45 ], [ -76.65, 1.46 ], [ -76.66, 1.46 ], [ -76.66, 1.47 ], [ -76.67, 1.47 ], [ -76.68, 1.47 ] ] ], [ [ [ -74.49, -0.48 ], [ -74.5, -0.48 ], [ -74.5, -0.49 ], [ -74.49, -0.49 ], [ -74.49, -0.48 ] ] ], [ [ [ -76.08, 1.05 ], [ -76.09, 1.06 ], [ -76.09, 1.05 ], [ -76.08, 1.05 ] ] ], [ [ [ -76.2, 1.01 ], [ -76.2, 1.02 ], [ -76.21, 1.01 ], [ -76.21, 1.0 ], [ -76.2, 1.0 ], [ -76.2, 1.01 ] ] ] ] } },
{ "type": "Feature", "properties": { "coddepto": 91 }, "geometry": { "type": "MultiPolygon", "coordinates": [ [ [ [ -71.15, 0.07 ], [ -71.16, 0.07 ], [ -71.17, 0.09 ], [ -71.18, 0.09 ], [ -71.19, 0.1 ], [ -71.19, 0.09 ], [ -71.19, 0.08 ], [ -71.2, 0.08 ], [ -71.2, 0.07 ], [ -71.22, 0.06 ], [ -71.23, 0.06 ], [ -71.23, 0.07 ], [ -71.24, 0.07 ], [ -71.25, 0.06 ], [ -71.26, 0.06 ], [ -71.26, 0.05 ], [ -71.26, 0.04 ], [ -71.27, 0.04 ], [ -71.29, 0.04 ], [ -71.29, 0.03 ], [ -71.3, 0.03 ], [ -71.32, 0.02 ], [ -71.33, 0.02 ], [ -71.34, 0.02 ], [ -71.35, 0.02 ], [ -71.36, 0.03 ], [ -71.37, 0.03 ], [ -71.39, 0.03 ], [ -71.39, 0.02 ], [ -71.39, 0.01 ], [ -71.4, 0.01 ], [ -71.42, 0.0 ], [ -71.44, 0.01 ], [ -71.45, 0.0 ], [ -71.45, -0.01 ], [ -71.46, -0.01 ], [ -71.47, -0.01 ], [ -71.49, -0.01 ], [ -71.5, 0.0 ], [ -71.51, 0.01 ], [ -71.55, 0.02 ], [ -71.56, 0.02 ], [ -71.58, 0.02 ], [ -71.58, 0.01 ], [ -71.58, 0.0 ], [ -71.59, -0.01 ], [ -71.63, -0.03 ], [ -71.65, -0.04 ], [ -71.67, -0.06 ], [ -71.69, -0.06 ], [ -71.7, -0.06 ], [ -71.7, -0.07 ], [ -71.7, -0.1 ], [ -71.71, -0.11 ], [ -71.72, -0.12 ], [ -71.73, -0.12 ], [ -71.73, -0.14 ], [ -71.74, -0.15 ], [ -71.73, -0.17 ], [ -71.72, -0.18 ], [ -71.72, -0.19 ], [ -71.71, -0.2 ], [ -71.71, -0.23 ], [ -71.72, -0.24 ], [ -71.73, -0.23 ], [ -71.73, -0.24 ], [ -71.74, -0.24 ], [ -71.74, -0.25 ], [ -71.77, -0.26 ], [ -71.78, -0.27 ], [ -71.79, -0.27 ], [ -71.8, -0.27 ], [ -71.81, -0.26 ], [ -71.82, -0.27 ], [ -71.83, -0.28 ], [ -71.84, -0.28 ], [ -71.84, -0.27 ], [ -71.85, -0.28 ], [ -71.86, -0.27 ], [ -71.87, -0.27 ], [ -71.9, -0.27 ], [ -71.91, -0.27 ], [ -71.93, -0.27 ], [ -71.97, -0.27 ], [ -71.98, -0.27 ], [ -71.98, -0.28 ], [ -72.0, -0.28 ], [ -72.02, -0.26 ], [ -72.04, -0.27 ], [ -72.05, -0.27 ], [ -72.05, -0.28 ], [ -72.06, -0.3 ], [ -72.06, -0.31 ], [ -72.06, -0.32 ], [ -72.07, -0.33 ], [ -72.08, -0.33 ], [ -72.08, -0.34 ], [ -72.09, -0.34 ], [ -72.09, -0.33 ], [ -72.11, -0.33 ], [ -72.12, -0.34 ], [ -72.13, -0.34 ], [ -72.14, -0.35 ], [ -72.14, -0.36 ], [ -72.15, -0.36 ], [ -72.16, -0.36 ], [ -72.16, -0.38 ], [ -72.16, -0.39 ], [ -72.15, -0.39 ], [ -72.15, -0.4 ], [ -72.16, -0.41 ], [ -72.17, -0.43 ], [ -72.17, -0.44 ], [ -72.18, -0.46 ], [ -72.19, -0.47 ], [ -72.2, -0.47 ], [ -72.2, -0.48 ], [ -72.23, -0.49 ], [ -72.23, -0.5 ], [ -72.23, -0.51 ], [ -72.23, -0.52 ], [ -72.24, -0.53 ], [ -72.24, -0.56 ], [ -72.25, -0.57 ], [ -72.25, -0.59 ], [ -72.24, -0.61 ], [ -72.25, -0.61 ], [ -72.26, -0.62 ], [ -72.29, -0.63 ], [ -72.29, -0.64 ], [ -72.31, -0.65 ], [ -72.32, -0.65 ], [ -72.33, -0.64 ], [ -72.35, -0.64 ], [ -72.37, -0.62 ], [ -72.39, -0.61 ], [ -72.41, -0.6 ], [ -72.41, -0.59 ], [ -72.4, -0.58 ], [ -72.41, -0.57 ], [ -72.42, -0.56 ], [ -72.43, -0.57 ], [ -72.47, -0.6 ], [ -72.48, -0.61 ], [ -72.5, -0.63 ], [ -72.51, -0.66 ], [ -72.53, -0.67 ], [ -72.54, -0.67 ], [ -72.55, -0.7 ], [ -72.56, -0.71 ], [ -72.6, -0.69 ], [ -72.63, -0.66 ], [ -72.67, -0.64 ], [ -72.68, -0.63 ], [ -72.68, -0.62 ], [ -72.69, -0.61 ], [ -72.7, -0.6 ], [ -72.71, -0.59 ], [ -72.72, -0.59 ], [ -72.73, -0.58 ], [ -72.74, -0.58 ], [ -72.75, -0.56 ], [ -72.76, -0.56 ], [ -72.78, -0.58 ], [ -72.79, -0.58 ], [ -72.8, -0.58 ], [ -72.81, -0.59 ], [ -72.81, -0.6 ], [ -72.82, -0.6 ], [ -72.83, -0.6 ], [ -72.85, -0.61 ], [ -72.87, -0.62 ], [ -72.92, -0.62 ], [ -72.94, -0.61 ], [ -72.94, -0.6 ], [ -72.95, -0.58 ], [ -72.96, -0.56 ], [ -72.99, -0.54 ], [ -73.02, -0.53 ], [ -73.03, -0.53 ], [ -73.04, -0.53 ], [ -73.05, -0.55 ], [ -73.06, -0.56 ], [ -73.06, -0.58 ], [ -73.07, -0.59 ], [ -73.07, -0.62 ], [ -73.08, -0.62 ], [ -73.1, -0.61 ], [ -73.11, -0.6 ], [ -73.12, -0.6 ], [ -73.15, -0.61 ], [ -73.17, -0.62 ], [ -73.2, -0.63 ], [ -73.21, -0.62 ], [ -73.22, -0.61 ], [ -73.24, -0.59 ], [ -73.26, -0.58 ], [ -73.26, -0.56 ], [ -73.27, -0.56 ], [ -73.28, -0.55 ], [ -73.3, -0.54 ], [ -73.32, -0.53 ], [ -73.32, -0.52 ], [ -73.33, -0.51 ], [ -73.36, -0.52 ], [ -73.37, -0.52 ], [ -73.37, -0.53 ], [ -73.38, -0.54 ], [ -73.4, -0.53 ], [ -73.4, -0.52 ], [ -73.41, -0.52 ], [ -73.43, -0.51 ], [ -73.45, -0.51 ], [ -73.49, -0.53 ], [ -73.51, -0.52 ], [ -73.52, -0.52 ], [ -73.53, -0.5 ], [ -73.53, -0.49 ], [ -73.54, -0.49 ], [ -73.55, -0.51 ], [ -73.56, -0.52 ], [ -73.57, -0.52 ], [ -73.57, -0.51 ], [ -73.57, -0.5 ], [ -73.57, -0.49 ], [ -73.58, -0.48 ], [ -73.58, -0.46 ], [ -73.59, -0.45 ], [ -73.6, -0.44 ], [ -73.61, -0.44 ], [ -73.62, -0.44 ], [ -73.63, -0.45 ], [ -73.65, -0.46 ], [ -73.65, -0.45 ], [ -73.64, -0.44 ], [ -73.64, -0.43 ], [ -73.64, -0.42 ], [ -73.65, -0.42 ], [ -73.66, -0.42 ], [ -73.68, -0.42 ], [ -73.69, -0.41 ], [ -73.7, -0.4 ], [ -73.71, -0.39 ], [ -73.72, -0.38 ], [ -73.73, -0.38 ], [ -73.74, -0.38 ], [ -73.75, -0.4 ], [ -73.76, -0.41 ], [ -73.82, -0.41 ], [ -73.83, -0.41 ], [ -73.84, -0.4 ], [ -74.39, -0.55 ], [ -74.39, -0.57 ], [ -74.38, -0.6 ], [ -74.37, -0.61 ], [ -74.36, -0.61 ], [ -74.36, -0.63 ], [ -74.36, -0.64 ], [ -74.37, -0.65 ], [ -74.37, -0.66 ], [ -74.34, -0.67 ], [ -74.34, -0.68 ], [ -74.34, -0.7 ], [ -74.34, -0.71 ], [ -74.35, -0.71 ], [ -74.37, -0.72 ], [ -74.37, -0.74 ], [ -74.35, -0.75 ], [ -74.34, -0.76 ], [ -74.32, -0.75 ], [ -74.31, -0.75 ], [ -74.31, -0.77 ], [ -74.32, -0.78 ], [ -74.32, -0.79 ], [ -74.31, -0.79 ], [ -74.3, -0.78 ], [ -74.29, -0.77 ], [ -74.28, -0.77 ], [ -74.28, -0.78 ], [ -74.28, -0.79 ], [ -74.29, -0.8 ], [ -74.28, -0.81 ], [ -74.29, -0.82 ], [ -74.28, -0.82 ], [ -74.26, -0.82 ], [ -74.25, -0.81 ], [ -74.24, -0.82 ], [ -74.25, -0.83 ], [ -74.26, -0.84 ], [ -74.27, -0.86 ], [ -74.26, -0.87 ], [ -74.27, -0.88 ], [ -74.28, -0.88 ], [ -74.29, -0.87 ], [ -74.3, -0.87 ], [ -74.31, -0.87 ], [ -74.32, -0.88 ], [ -74.32, -0.89 ], [ -74.31, -0.89 ], [ -74.29, -0.89 ], [ -74.28, -0.89 ], [ -74.28, -0.9 ], [ -74.27, -0.91 ], [ -74.27, -0.92 ], [ -74.26, -0.95 ], [ -74.26, -0.96 ], [ -74.27, -0.98 ], [ -74.26, -0.98 ], [ -74.25, -0.99 ], [ -74.23, -1.0 ], [ -74.21, -1.01 ], [ -74.19, -1.0 ], [ -74.17, -1.0 ], [ -74.15, -1.01 ], [ -74.14, -1.02 ], [ -74.13, -1.03 ], [ -74.11, -1.03 ], [ -74.08, -1.05 ], [ -74.06, -1.05 ], [ -74.05, -1.05 ], [ -74.05, -1.04 ], [ -74.04, -1.03 ], [ -74.05, -1.02 ], [ -74.04, -1.0 ], [ -74.03, -1.0 ], [ -74.02, -1.0 ], [ -74.01, -1.01 ], [ -74.01, -1.02 ], [ -74.01, -1.03 ], [ -74.02, -1.04 ], [ -74.02, -1.06 ], [ -74.02, -1.08 ], [ -74.01, -1.09 ], [ -74.0, -1.1 ], [ -73.99, -1.1 ], [ -73.98, -1.09 ], [ -73.97, -1.08 ], [ -73.96, -1.08 ], [ -73.95, -1.08 ], [ -73.95, -1.1 ], [ -73.94, -1.09 ], [ -73.92, -1.09 ], [ -73.92, -1.1 ], [ -73.92, -1.11 ], [ -73.91, -1.11 ], [ -73.91, -1.1 ], [ -73.9, -1.11 ], [ -73.9, -1.12 ], [ -73.9, -1.13 ], [ -73.9, -1.14 ], [ -73.89, -1.14 ], [ -73.89, -1.15 ], [ -73.89, -1.17 ], [ -73.87, -1.2 ], [ -73.86, -1.21 ], [ -73.86, -1.22 ], [ -73.86, -1.23 ], [ -73.85, -1.23 ], [ -73.84, -1.23 ], [ -73.83, -1.23 ], [ -73.82, -1.24 ], [ -73.81, -1.25 ], [ -73.8, -1.25 ], [ -73.79, -1.24 ], [ -73.78, -1.24 ], [ -73.78, -1.25 ], [ -73.78, -1.26 ], [ -73.76, -1.24 ], [ -73.76, -1.23 ], [ -73.75, -1.2 ], [ -73.74, -1.2 ], [ -73.74, -1.21 ], [ -73.74, -1.22 ], [ -73.74, -1.24 ], [ -73.72, -1.25 ], [ -73.69, -1.24 ], [ -73.68, -1.24 ], [ -73.67, -1.24 ], [ -73.65, -1.25 ], [ -73.65, -1.26 ], [ -73.64, -1.27 ], [ -73.63, -1.26 ], [ -73.62, -1.26 ], [ -73.61, -1.28 ], [ -73.61, -1.3 ], [ -73.6, -1.31 ], [ -73.6, -1.32 ], [ -73.59, -1.33 ], [ -73.58, -1.32 ], [ -73.57, -1.32 ], [ -73.56, -1.33 ], [ -73.57, -1.34 ], [ -73.57, -1.35 ], [ -73.58, -1.35 ], [ -73.58, -1.36 ], [ -73.56, -1.37 ], [ -73.55, -1.39 ], [ -73.55, -1.4 ], [ -73.55, -1.41 ], [ -73.55, -1.42 ], [ -73.56, -1.42 ], [ -73.57, -1.42 ], [ -73.58, -1.42 ], [ -73.58, -1.43 ], [ -73.57, -1.43 ], [ -73.54, -1.43 ], [ -73.53, -1.43 ], [ -73.53, -1.44 ], [ -73.53, -1.45 ], [ -73.53, -1.46 ], [ -73.51, -1.48 ], [ -73.5, -1.48 ], [ -73.49, -1.48 ], [ -73.48, -1.49 ], [ -73.48, -1.5 ], [ -73.49, -1.51 ], [ -73.49, -1.52 ], [ -73.48, -1.52 ], [ -73.48, -1.54 ], [ -73.48, -1.56 ], [ -73.48, -1.57 ], [ -73.47, -1.57 ], [ -73.46, -1.57 ], [ -73.46, -1.59 ], [ -73.49, -1.62 ], [ -73.51, -1.63 ], [ -73.51, -1.64 ], [ -73.51, -1.65 ], [ -73.52, -1.67 ], [ -73.53, -1.68 ], [ -73.53, -1.71 ], [ -73.51, -1.72 ], [ -73.5, -1.73 ], [ -73.49, -1.73 ], [ -73.48, -1.73 ], [ -73.47, -1.73 ], [ -73.46, -1.73 ], [ -73.45, -1.74 ], [ -73.44, -1.75 ], [ -73.43, -1.76 ], [ -73.43, -1.77 ], [ -73.43, -1.79 ], [ -73.41, -1.78 ], [ -73.39, -1.77 ], [ -73.38, -1.77 ], [ -73.36, -1.79 ], [ -73.35, -1.79 ], [ -73.34, -1.8 ], [ -73.32, -1.8 ], [ -73.32, -1.81 ], [ -73.32, -1.82 ], [ -73.32, -1.83 ], [ -73.31, -1.82 ], [ -73.3, -1.81 ], [ -73.31, -1.8 ], [ -73.31, -1.79 ], [ -73.31, -1.78 ], [ -73.3, -1.77 ], [ -73.29, -1.77 ], [ -73.27, -1.78 ], [ -73.25, -1.78 ], [ -73.24, -1.78 ], [ -73.24, -1.79 ], [ -73.23, -1.78 ], [ -73.23, -1.77 ], [ -73.23, -1.76 ], [ -73.23, -1.75 ], [ -73.22, -1.74 ], [ -73.21, -1.75 ], [ -73.21, -1.76 ], [ -73.2, -1.76 ], [ -73.19, -1.78 ], [ -73.19, -1.79 ], [ -73.18, -1.8 ], [ -73.15, -1.8 ], [ -73.14, -1.82 ], [ -73.15, -1.84 ], [ -73.15, -1.86 ], [ -73.14, -1.87 ], [ -73.13, -1.86 ], [ -73.12, -1.87 ], [ -73.11, -1.87 ], [ -73.1, -1.9 ], [ -73.11, -1.93 ], [ -73.11, -1.94 ], [ -73.11, -1.95 ], [ -73.11, -1.96 ], [ -73.12, -1.98 ], [ -73.12, -1.99 ], [ -73.12, -2.01 ], [ -73.11, -2.01 ], [ -73.1, -2.02 ], [ -73.09, -2.03 ], [ -73.09, -2.05 ], [ -73.1, -2.05 ], [ -73.1, -2.06 ], [ -73.09, -2.08 ], [ -73.08, -2.08 ], [ -73.07, -2.08 ], [ -73.07, -2.11 ], [ -73.09, -2.12 ], [ -73.11, -2.14 ], [ -73.12, -2.17 ], [ -73.13, -2.18 ], [ -73.14, -2.19 ], [ -73.16, -2.19 ], [ -73.17, -2.2 ], [ -73.16, -2.23 ], [ -73.15, -2.26 ], [ -73.14, -2.27 ], [ -73.12, -2.28 ], [ -73.11, -2.29 ], [ -73.11, -2.3 ], [ -73.12, -2.31 ], [ -73.12, -2.32 ], [ -73.11, -2.33 ], [ -73.1, -2.32 ], [ -73.09, -2.31 ], [ -73.08, -2.31 ], [ -73.07, -2.31 ], [ -73.06, -2.32 ], [ -73.06, -2.33 ], [ -73.07, -2.34 ], [ -73.06, -2.35 ], [ -73.06, -2.36 ], [ -73.05, -2.36 ], [ -73.04, -2.35 ], [ -73.05, -2.33 ], [ -73.04, -2.32 ], [ -73.04, -2.31 ], [ -73.03, -2.31 ], [ -73.02, -2.32 ], [ -73.02, -2.34 ], [ -73.01, -2.35 ], [ -73.0, -2.35 ], [ -72.99, -2.35 ], [ -72.98, -2.34 ], [ -72.97, -2.33 ], [ -72.95, -2.34 ], [ -72.96, -2.35 ], [ -72.95, -2.39 ], [ -72.95, -2.4 ], [ -72.92, -2.42 ], [ -72.92, -2.43 ], [ -72.93, -2.44 ], [ -72.93, -2.45 ], [ -72.91, -2.44 ], [ -72.89, -2.43 ], [ -72.87, -2.43 ], [ -72.85, -2.43 ], [ -72.83, -2.42 ], [ -72.82, -2.41 ], [ -72.8, -2.41 ], [ -72.8, -2.4 ], [ -72.79, -2.39 ], [ -72.79, -2.38 ], [ -72.78, -2.38 ], [ -72.77, -2.38 ], [ -72.76, -2.39 ], [ -72.75, -2.4 ], [ -72.75, -2.42 ], [ -72.75, -2.43 ], [ -72.74, -2.42 ], [ -72.73, -2.42 ], [ -72.73, -2.41 ], [ -72.73, -2.39 ], [ -72.73, -2.38 ], [ -72.72, -2.38 ], [ -72.71, -2.39 ], [ -72.69, -2.41 ], [ -72.68, -2.43 ], [ -72.69, -2.44 ], [ -72.69, -2.45 ], [ -72.68, -2.45 ], [ -72.67, -2.44 ], [ -72.67, -2.42 ], [ -72.66, -2.41 ], [ -72.66, -2.4 ], [ -72.64, -2.39 ], [ -72.64, -2.38 ], [ -72.64, -2.37 ], [ -72.64, -2.36 ], [ -72.63, -2.36 ], [ -72.62, -2.35 ], [ -72.61, -2.36 ], [ -72.59, -2.37 ], [ -72.57, -2.39 ], [ -72.54, -2.4 ], [ -72.51, -2.41 ], [ -72.49, -2.41 ], [ -72.48, -2.41 ], [ -72.47, -2.42 ], [ -72.46, -2.42 ], [ -72.45, -2.43 ], [ -72.43, -2.43 ], [ -72.42, -2.43 ], [ -72.41, -2.42 ], [ -72.4, -2.43 ], [ -72.39, -2.44 ], [ -72.38, -2.45 ], [ -72.37, -2.46 ], [ -72.38, -2.48 ], [ -72.37, -2.49 ], [ -72.35, -2.48 ], [ -72.33, -2.47 ], [ -72.32, -2.47 ], [ -72.31, -2.47 ], [ -72.29, -2.45 ], [ -72.27, -2.45 ], [ -72.26, -2.46 ], [ -72.26, -2.44 ], [ -72.26, -2.43 ], [ -72.24, -2.43 ], [ -72.23, -2.42 ], [ -72.22, -2.42 ], [ -72.21, -2.43 ], [ -72.2, -2.44 ], [ -72.19, -2.43 ], [ -72.18, -2.42 ], [ -72.16, -2.43 ], [ -72.16, -2.44 ], [ -72.16, -2.46 ], [ -72.15, -2.46 ], [ -72.14, -2.46 ], [ -72.14, -2.45 ], [ -72.15, -2.43 ], [ -72.15, -2.42 ], [ -72.15, -2.4 ], [ -72.14, -2.4 ], [ -72.13, -2.4 ], [ -72.11, -2.39 ], [ -72.1, -2.37 ], [ -72.09, -2.37 ], [ -72.08, -2.36 ], [ -72.07, -2.35 ], [ -72.05, -2.33 ], [ -72.04, -2.33 ], [ -72.03, -2.34 ], [ -72.02, -2.35 ], [ -71.99, -2.37 ], [ -71.97, -2.35 ], [ -71.95, -2.35 ], [ -71.94, -2.35 ], [ -71.94, -2.36 ], [ -71.93, -2.36 ], [ -71.94, -2.34 ], [ -71.94, -2.33 ], [ -71.94, -2.32 ], [ -71.94, -2.31 ], [ -71.93, -2.31 ], [ -71.91, -2.31 ], [ -71.91, -2.3 ], [ -71.9, -2.29 ], [ -71.89, -2.3 ], [ -71.88, -2.3 ], [ -71.87, -2.27 ], [ -71.87, -2.25 ], [ -71.86, -2.23 ], [ -71.85, -2.22 ], [ -71.85, -2.21 ], [ -71.83, -2.19 ], [ -71.83, -2.18 ], [ -71.82, -2.19 ], [ -71.81, -2.2 ], [ -71.8, -2.2 ], [ -71.79, -2.18 ], [ -71.78, -2.17 ], [ -71.77, -2.17 ], [ -71.77, -2.16 ], [ -71.77, -2.15 ], [ -71.76, -2.15 ], [ -71.74, -2.14 ], [ -71.73, -2.14 ], [ -71.72, -2.14 ], [ -71.72, -2.15 ], [ -71.72, -2.17 ], [ -71.72, -2.18 ], [ -71.72, -2.2 ], [ -71.72, -2.22 ], [ -71.71, -2.22 ], [ -71.7, -2.22 ], [ -71.69, -2.21 ], [ -71.69, -2.2 ], [ -71.67, -2.2 ], [ -71.66, -2.2 ], [ -71.64, -2.2 ], [ -71.63, -2.2 ], [ -71.61, -2.22 ], [ -71.6, -2.23 ], [ -71.58, -2.24 ], [ -71.56, -2.24 ], [ -71.55, -2.24 ], [ -71.54, -2.24 ], [ -71.52, -2.24 ], [ -71.51, -2.25 ], [ -71.52, -2.27 ], [ -71.51, -2.28 ], [ -71.51, -2.31 ], [ -71.51, -2.34 ], [ -71.5, -2.34 ], [ -71.49, -2.34 ], [ -71.48, -2.34 ], [ -71.48, -2.33 ], [ -71.49, -2.32 ], [ -71.5, -2.29 ], [ -71.5, -2.28 ], [ -71.5, -2.27 ], [ -71.49, -2.27 ], [ -71.47, -2.27 ], [ -71.46, -2.27 ], [ -71.45, -2.28 ], [ -71.43, -2.31 ], [ -71.42, -2.32 ], [ -71.4, -2.34 ], [ -71.39, -2.35 ], [ -71.39, -2.36 ], [ -71.4, -2.39 ], [ -71.38, -2.4 ], [ -71.37, -2.39 ], [ -71.37, -2.38 ], [ -71.37, -2.37 ], [ -71.36, -2.37 ], [ -71.33, -2.38 ], [ -71.33, -2.37 ], [ -71.31, -2.36 ], [ -71.31, -2.35 ], [ -71.31, -2.34 ], [ -71.3, -2.33 ], [ -71.28, -2.34 ], [ -71.27, -2.33 ], [ -71.26, -2.34 ], [ -71.26, -2.35 ], [ -71.25, -2.35 ], [ -71.25, -2.34 ], [ -71.24, -2.33 ], [ -71.23, -2.34 ], [ -71.22, -2.34 ], [ -71.21, -2.34 ], [ -71.2, -2.35 ], [ -71.19, -2.35 ], [ -71.18, -2.35 ], [ -71.17, -2.35 ], [ -71.17, -2.34 ], [ -71.16, -2.33 ], [ -71.14, -2.34 ], [ -71.13, -2.33 ], [ -71.15, -2.31 ], [ -71.15, -2.3 ], [ -71.13, -2.28 ], [ -71.11, -2.27 ], [ -71.09, -2.27 ], [ -71.06, -2.27 ], [ -71.05, -2.26 ], [ -71.04, -2.26 ], [ -71.02, -2.28 ], [ -71.01, -2.3 ], [ -71.0, -2.29 ], [ -71.0, -2.28 ], [ -71.0, -2.27 ], [ -71.01, -2.25 ], [ -71.02, -2.23 ], [ -71.02, -2.22 ], [ -71.02, -2.21 ], [ -71.01, -2.21 ], [ -70.99, -2.21 ], [ -70.98, -2.21 ], [ -70.97, -2.21 ], [ -70.96, -2.22 ], [ -70.96, -2.24 ], [ -70.93, -2.25 ], [ -70.92, -2.25 ], [ -70.91, -2.24 ], [ -70.91, -2.23 ], [ -70.9, -2.22 ], [ -70.87, -2.22 ], [ -70.86, -2.23 ], [ -70.85, -2.23 ], [ -70.84, -2.27 ], [ -70.82, -2.29 ], [ -70.8, -2.29 ], [ -70.78, -2.29 ], [ -70.76, -2.3 ], [ -70.76, -2.32 ], [ -70.75, -2.33 ], [ -70.73, -2.33 ], [ -70.71, -2.33 ], [ -70.69, -2.34 ], [ -70.67, -2.34 ], [ -70.66, -2.35 ], [ -70.66, -2.37 ], [ -70.67, -2.39 ], [ -70.67, -2.4 ], [ -70.65, -2.4 ], [ -70.64, -2.39 ], [ -70.63, -2.39 ], [ -70.62, -2.4 ], [ -70.63, -2.43 ], [ -70.63, -2.45 ], [ -70.63, -2.47 ], [ -70.62, -2.48 ], [ -70.6, -2.48 ], [ -70.57, -2.47 ], [ -70.56, -2.47 ], [ -70.56, -2.46 ], [ -70.57, -2.44 ], [ -70.59, -2.43 ], [ -70.6, -2.43 ], [ -70.6, -2.42 ], [ -70.59, -2.42 ], [ -70.57, -2.42 ], [ -70.54, -2.43 ], [ -70.53, -2.44 ], [ -70.52, -2.44 ], [ -70.51, -2.45 ], [ -70.5, -2.45 ], [ -70.49, -2.45 ], [ -70.48, -2.46 ], [ -70.47, -2.45 ], [ -70.47, -2.46 ], [ -70.46, -2.46 ], [ -70.45, -2.48 ], [ -70.44, -2.49 ], [ -70.44, -2.5 ], [ -70.44, -2.51 ], [ -70.42, -2.51 ], [ -70.41, -2.51 ], [ -70.4, -2.51 ], [ -70.38, -2.49 ], [ -70.36, -2.49 ], [ -70.35, -2.49 ], [ -70.34, -2.49 ], [ -70.33, -2.49 ], [ -70.32, -2.49 ], [ -70.3, -2.5 ], [ -70.29, -2.51 ], [ -70.29, -2.52 ], [ -70.3, -2.53 ], [ -70.32, -2.54 ], [ -70.34, -2.54 ], [ -70.33, -2.55 ], [ -70.34, -2.56 ], [ -70.33, -2.57 ], [ -70.33, -2.58 ], [ -70.31, -2.57 ], [ -70.28, -2.55 ], [ -70.27, -2.54 ], [ -70.24, -2.55 ], [ -70.23, -2.57 ], [ -70.22, -2.59 ], [ -70.22, -2.63 ], [ -70.21, -2.65 ], [ -70.2, -2.65 ], [ -70.19, -2.65 ], [ -70.18, -2.63 ], [ -70.17, -2.63 ], [ -70.16, -2.64 ], [ -70.15, -2.65 ], [ -70.15, -2.67 ], [ -70.16, -2.68 ], [ -70.16, -2.69 ], [ -70.14, -2.7 ], [ -70.12, -2.7 ], [ -70.12, -2.69 ], [ -70.11, -2.68 ], [ -70.11, -2.67 ], [ -70.11, -2.66 ], [ -70.1, -2.65 ], [ -70.09, -2.64 ], [ -70.08, -2.65 ], [ -70.07, -2.67 ], [ -70.06, -2.68 ], [ -70.06, -2.69 ], [ -70.07, -2.71 ], [ -70.07, -2.73 ], [ -70.06, -2.74 ], [ -70.05, -2.75 ], [ -70.06, -2.76 ], [ -70.07, -2.79 ], [ -70.08, -2.79 ], [ -70.71, -3.8 ], [ -70.7, -3.79 ], [ -70.68, -3.79 ], [ -70.67, -3.8 ], [ -70.65, -3.83 ], [ -70.64, -3.83 ], [ -70.63, -3.83 ], [ -70.62, -3.84 ], [ -70.59, -3.81 ], [ -70.58, -3.81 ], [ -70.57, -3.81 ], [ -70.57, -3.82 ], [ -70.56, -3.83 ], [ -70.54, -3.86 ], [ -70.53, -3.87 ], [ -70.51, -3.87 ], [ -70.48, -3.86 ], [ -70.45, -3.85 ], [ -70.41, -3.81 ], [ -70.39, -3.8 ], [ -70.38, -3.79 ], [ -70.37, -3.79 ], [ -70.36, -3.79 ], [ -70.35, -3.8 ], [ -70.31, -3.81 ], [ -70.27, -3.82 ], [ -70.26, -3.82 ], [ -70.24, -3.83 ], [ -70.22, -3.84 ], [ -70.21, -3.86 ], [ -70.19, -3.89 ], [ -70.16, -3.97 ], [ -70.15, -4.0 ], [ -70.11, -4.03 ], [ -70.1, -4.03 ], [ -70.1, -4.04 ], [ -70.08, -4.06 ], [ -70.06, -4.08 ], [ -70.04, -4.12 ], [ -70.03, -4.13 ], [ -70.02, -4.14 ], [ -69.99, -4.14 ], [ -69.97, -4.16 ], [ -69.97, -4.17 ], [ -69.98, -4.18 ], [ -69.98, -4.19 ], [ -69.97, -4.19 ], [ -69.96, -4.2 ], [ -69.95, -4.23 ], [ -69.94, -4.23 ], [ -69.94, -4.22 ], [ -69.93, -4.22 ], [ -69.45, -1.54 ], [ -69.46, -1.53 ], [ -69.46, -1.52 ], [ -69.47, -1.5 ], [ -69.47, -1.48 ], [ -69.47, -1.47 ], [ -69.46, -1.47 ], [ -69.46, -1.46 ], [ -69.46, -1.45 ], [ -69.44, -1.43 ], [ -69.44, -1.39 ], [ -69.43, -1.39 ], [ -69.42, -1.38 ], [ -69.4, -1.37 ], [ -69.4, -1.36 ], [ -69.41, -1.32 ], [ -69.41, -1.29 ], [ -69.41, -1.28 ], [ -69.43, -1.24 ], [ -69.43, -1.23 ], [ -69.43, -1.21 ], [ -69.42, -1.18 ], [ -69.41, -1.15 ], [ -69.4, -1.14 ], [ -69.4, -1.13 ], [ -69.4, -1.12 ], [ -69.4, -1.11 ], [ -69.42, -1.08 ], [ -69.43, -1.07 ], [ -69.45, -1.07 ], [ -69.46, -1.08 ], [ -69.47, -1.09 ], [ -69.47, -1.11 ], [ -69.46, -1.13 ], [ -69.46, -1.14 ], [ -69.47, -1.15 ], [ -69.48, -1.15 ], [ -69.49, -1.15 ], [ -69.49, -1.16 ], [ -69.47, -1.16 ], [ -69.47, -1.17 ], [ -69.47, -1.19 ], [ -69.47, -1.2 ], [ -69.48, -1.21 ], [ -69.49, -1.22 ], [ -69.51, -1.22 ], [ -69.51, -1.21 ], [ -69.53, -1.2 ], [ -69.54, -1.19 ], [ -69.55, -1.19 ], [ -69.56, -1.19 ], [ -69.58, -1.16 ], [ -69.58, -1.15 ], [ -69.59, -1.15 ], [ -69.6, -1.15 ], [ -69.61, -1.16 ], [ -69.63, -1.16 ], [ -69.63, -1.17 ], [ -69.64, -1.17 ], [ -69.63, -1.2 ], [ -69.64, -1.21 ], [ -69.64, -1.22 ], [ -69.65, -1.23 ], [ -69.66, -1.23 ], [ -69.67, -1.22 ], [ -69.68, -1.2 ], [ -69.68, -1.19 ], [ -69.68, -1.15 ], [ -69.68, -1.12 ], [ -69.66, -1.12 ], [ -69.66, -1.13 ], [ -69.65, -1.13 ], [ -69.65, -1.12 ], [ -69.66, -1.1 ], [ -69.68, -1.08 ], [ -69.7, -1.06 ], [ -69.7, -1.05 ], [ -69.73, -1.04 ], [ -69.74, -1.04 ], [ -69.74, -1.03 ], [ -69.75, -1.03 ], [ -69.76, -1.03 ], [ -69.77, -1.04 ], [ -69.77, -1.05 ], [ -69.76, -1.06 ], [ -69.76, -1.07 ], [ -69.75, -1.08 ], [ -69.74, -1.08 ], [ -69.73, -1.08 ], [ -69.73, -1.09 ], [ -69.74, -1.1 ], [ -69.76, -1.1 ], [ -69.77, -1.09 ], [ -69.78, -1.09 ], [ -69.82, -1.03 ], [ -69.83, -1.03 ], [ -69.84, -1.03 ], [ -69.85, -1.04 ], [ -69.87, -1.07 ], [ -69.88, -1.08 ], [ -69.89, -1.08 ], [ -69.91, -1.08 ], [ -69.94, -1.1 ], [ -69.96, -1.1 ], [ -69.97, -1.09 ], [ -69.97, -1.07 ], [ -69.96, -1.05 ], [ -69.95, -1.04 ], [ -69.94, -1.04 ], [ -69.94, -1.03 ], [ -69.94, -1.02 ], [ -69.95, -1.01 ], [ -69.95, -1.0 ], [ -69.92, -0.97 ], [ -69.91, -0.98 ], [ -69.9, -0.98 ], [ -69.9, -0.97 ], [ -69.91, -0.96 ], [ -69.93, -0.95 ], [ -69.94, -0.95 ], [ -69.95, -0.95 ], [ -69.95, -0.96 ], [ -69.96, -0.97 ], [ -69.99, -0.98 ], [ -70.0, -0.98 ], [ -70.01, -0.97 ], [ -70.01, -0.96 ], [ -70.0, -0.95 ], [ -70.01, -0.94 ], [ -70.02, -0.94 ], [ -70.03, -0.95 ], [ -70.02, -0.97 ], [ -70.03, -0.98 ], [ -70.04, -0.98 ], [ -70.05, -0.98 ], [ -70.05, -0.97 ], [ -70.07, -0.95 ], [ -70.08, -0.95 ], [ -70.1, -0.95 ], [ -70.12, -0.97 ], [ -70.14, -1.0 ], [ -70.14, -1.01 ], [ -70.13, -1.02 ], [ -70.12, -1.02 ], [ -70.11, -1.01 ], [ -70.1, -1.01 ], [ -70.09, -1.01 ], [ -70.08, -1.02 ], [ -70.08, -1.04 ], [ -70.09, -1.05 ], [ -70.11, -1.08 ], [ -70.12, -1.1 ], [ -70.13, -1.11 ], [ -70.14, -1.12 ], [ -70.15, -1.12 ], [ -70.17, -1.11 ], [ -70.18, -1.1 ], [ -70.18, -1.08 ], [ -70.18, -1.07 ], [ -70.2, -1.07 ], [ -70.22, -1.07 ], [ -70.22, -1.06 ], [ -70.23, -1.05 ], [ -70.23, -1.04 ], [ -70.22, -1.03 ], [ -70.2, -1.01 ], [ -70.2, -0.99 ], [ -70.2, -0.98 ], [ -70.22, -0.99 ], [ -70.23, -0.99 ], [ -70.23, -1.01 ], [ -70.24, -1.02 ], [ -70.25, -1.02 ], [ -70.27, -1.01 ], [ -70.28, -1.0 ], [ -70.3, -0.98 ], [ -70.31, -0.96 ], [ -70.3, -0.95 ], [ -70.3, -0.94 ], [ -70.29, -0.93 ], [ -70.27, -0.94 ], [ -70.26, -0.94 ], [ -70.26, -0.93 ], [ -70.25, -0.91 ], [ -70.23, -0.9 ], [ -70.22, -0.89 ], [ -70.22, -0.88 ], [ -70.24, -0.87 ], [ -70.25, -0.84 ], [ -70.26, -0.83 ], [ -70.28, -0.82 ], [ -70.29, -0.81 ], [ -70.3, -0.79 ], [ -70.29, -0.76 ], [ -70.29, -0.75 ], [ -70.28, -0.75 ], [ -70.26, -0.75 ], [ -70.25, -0.74 ], [ -70.25, -0.73 ], [ -70.26, -0.72 ], [ -70.26, -0.71 ], [ -70.26, -0.7 ], [ -70.25, -0.67 ], [ -70.26, -0.65 ], [ -70.26, -0.64 ], [ -70.25, -0.63 ], [ -70.26, -0.62 ], [ -70.26, -0.6 ], [ -70.27, -0.58 ], [ -70.28, -0.56 ], [ -70.29, -0.56 ], [ -70.3, -0.56 ], [ -70.3, -0.57 ], [ -70.3, -0.58 ], [ -70.31, -0.59 ], [ -70.32, -0.59 ], [ -70.32, -0.58 ], [ -70.33, -0.57 ], [ -70.33, -0.56 ], [ -70.32, -0.55 ], [ -70.29, -0.51 ], [ -70.28, -0.51 ], [ -70.26, -0.5 ], [ -70.25, -0.49 ], [ -70.24, -0.47 ], [ -70.23, -0.47 ], [ -70.21, -0.48 ], [ -70.2, -0.47 ], [ -70.2, -0.46 ], [ -70.21, -0.44 ], [ -70.22, -0.44 ], [ -70.24, -0.45 ], [ -70.25, -0.45 ], [ -70.27, -0.42 ], [ -70.28, -0.41 ], [ -70.29, -0.41 ], [ -70.3, -0.42 ], [ -70.3, -0.43 ], [ -70.31, -0.44 ], [ -70.32, -0.44 ], [ -70.33, -0.44 ], [ -70.35, -0.45 ], [ -70.36, -0.45 ], [ -70.37, -0.45 ], [ -70.37, -0.46 ], [ -70.36, -0.46 ], [ -70.35, -0.47 ], [ -70.34, -0.47 ], [ -70.33, -0.47 ], [ -70.32, -0.47 ], [ -70.32, -0.48 ], [ -70.32, -0.49 ], [ -70.33, -0.5 ], [ -70.34, -0.5 ], [ -70.36, -0.5 ], [ -70.38, -0.5 ], [ -70.38, -0.49 ], [ -70.39, -0.47 ], [ -70.39, -0.46 ], [ -70.4, -0.46 ], [ -70.41, -0.46 ], [ -70.44, -0.48 ], [ -70.45, -0.49 ], [ -70.46, -0.5 ], [ -70.46, -0.49 ], [ -70.46, -0.48 ], [ -70.46, -0.47 ], [ -70.45, -0.46 ], [ -70.45, -0.45 ], [ -70.45, -0.44 ], [ -70.46, -0.43 ], [ -70.47, -0.42 ], [ -70.48, -0.4 ], [ -70.5, -0.39 ], [ -70.51, -0.37 ], [ -70.52, -0.36 ], [ -70.53, -0.36 ], [ -70.53, -0.37 ], [ -70.55, -0.36 ], [ -70.56, -0.36 ], [ -70.56, -0.37 ], [ -70.57, -0.39 ], [ -70.58, -0.39 ], [ -70.59, -0.38 ], [ -70.6, -0.37 ], [ -70.61, -0.35 ], [ -70.61, -0.34 ], [ -70.62, -0.34 ], [ -70.63, -0.32 ], [ -70.64, -0.32 ], [ -70.66, -0.33 ], [ -70.67, -0.35 ], [ -70.68, -0.35 ], [ -70.69, -0.33 ], [ -70.72, -0.31 ], [ -70.73, -0.29 ], [ -70.74, -0.29 ], [ -70.75, -0.29 ], [ -70.76, -0.29 ], [ -70.77, -0.3 ], [ -70.78, -0.31 ], [ -70.78, -0.32 ], [ -70.76, -0.32 ], [ -70.76, -0.33 ], [ -70.78, -0.34 ], [ -70.81, -0.35 ], [ -70.81, -0.36 ], [ -70.83, -0.37 ], [ -70.83, -0.36 ], [ -70.83, -0.35 ], [ -70.84, -0.34 ], [ -70.84, -0.33 ], [ -70.86, -0.32 ], [ -70.86, -0.31 ], [ -70.87, -0.29 ], [ -70.88, -0.28 ], [ -70.87, -0.26 ], [ -70.87, -0.24 ], [ -70.88, -0.23 ], [ -70.88, -0.21 ], [ -70.89, -0.21 ], [ -70.92, -0.2 ], [ -70.92, -0.18 ], [ -70.93, -0.17 ], [ -70.95, -0.15 ], [ -70.94, -0.14 ], [ -70.93, -0.13 ], [ -70.92, -0.12 ], [ -70.91, -0.12 ], [ -70.91, -0.13 ], [ -70.9, -0.13 ], [ -70.89, -0.12 ], [ -70.89, -0.11 ], [ -70.9, -0.1 ], [ -70.92, -0.1 ], [ -70.93, -0.09 ], [ -70.93, -0.08 ], [ -70.93, -0.07 ], [ -70.93, -0.06 ], [ -70.93, -0.05 ], [ -70.94, -0.04 ], [ -70.96, -0.04 ], [ -70.97, -0.03 ], [ -70.97, -0.01 ], [ -70.99, 0.0 ], [ -71.0, 0.0 ], [ -71.02, -0.01 ], [ -71.02, -0.02 ], [ -71.02, -0.03 ], [ -71.01, -0.04 ], [ -71.02, -0.05 ], [ -71.03, -0.05 ], [ -71.05, -0.03 ], [ -71.05, -0.02 ], [ -71.04, -0.02 ], [ -71.04, -0.01 ], [ -71.04, 0.0 ], [ -71.05, 0.0 ], [ -71.06, -0.01 ], [ -71.08, 0.0 ], [ -71.09, -0.01 ], [ -71.1, -0.01 ], [ -71.1, 0.0 ], [ -71.1, 0.02 ], [ -71.1, 0.03 ], [ -71.11, 0.02 ], [ -71.12, 0.01 ], [ -71.13, 0.0 ], [ -71.14, 0.01 ], [ -71.14, 0.03 ], [ -71.15, 0.04 ], [ -71.14, 0.06 ], [ -71.15, 0.07 ] ] ], [ [ [ -71.93, -2.36 ], [ -71.93, -2.38 ], [ -71.92, -2.37 ], [ -71.92, -2.36 ], [ -71.93, -2.36 ] ] ] ] } },
{ "type": "Feature", "properties": { "coddepto": 94 }, "geometry": { "type": "MultiPolygon", "coordinates": [ [ [ [ -67.71, 4.04 ], [ -67.73, 4.03 ], [ -67.75, 4.02 ], [ -67.81, 3.98 ], [ -67.88, 3.92 ], [ -67.89, 3.91 ], [ -67.91, 3.91 ], [ -67.92, 3.91 ], [ -67.92, 3.95 ], [ -67.93, 3.96 ], [ -67.94, 3.96 ], [ -67.94, 3.97 ], [ -67.97, 3.96 ], [ -67.98, 3.97 ], [ -67.99, 3.98 ], [ -68.0, 3.98 ], [ -68.01, 3.98 ], [ -68.02, 3.97 ], [ -68.02, 3.98 ], [ -68.03, 3.98 ], [ -68.03, 4.0 ], [ -68.03, 4.01 ], [ -68.04, 4.01 ], [ -68.05, 4.0 ], [ -68.06, 3.98 ], [ -68.06, 3.96 ], [ -68.07, 3.96 ], [ -68.07, 3.97 ], [ -68.07, 3.98 ], [ -68.08, 3.98 ], [ -68.09, 3.98 ], [ -68.1, 3.97 ], [ -68.1, 3.95 ], [ -68.11, 3.94 ], [ -68.12, 3.94 ], [ -68.13, 3.95 ], [ -68.14, 3.96 ], [ -68.12, 3.97 ], [ -68.12, 3.98 ], [ -68.12, 3.99 ], [ -68.13, 4.0 ], [ -68.14, 4.0 ], [ -68.17, 3.99 ], [ -68.19, 3.99 ], [ -68.2, 4.0 ], [ -68.21, 4.0 ], [ -68.21, 3.99 ], [ -68.2, 3.98 ], [ -68.2, 3.96 ], [ -68.21, 3.96 ], [ -68.24, 3.98 ], [ -68.26, 3.98 ], [ -68.28, 3.98 ], [ -68.31, 3.98 ], [ -68.33, 3.99 ], [ -68.34, 3.99 ], [ -68.35, 3.99 ], [ -68.35, 3.98 ], [ -68.35, 3.97 ], [ -68.36, 3.95 ], [ -68.35, 3.95 ], [ -68.34, 3.94 ], [ -68.34, 3.93 ], [ -68.35, 3.92 ], [ -68.36, 3.92 ], [ -68.37, 3.91 ], [ -68.38, 3.91 ], [ -68.41, 3.93 ], [ -68.42, 3.93 ], [ -68.43, 3.92 ], [ -68.44, 3.91 ], [ -68.44, 3.9 ], [ -68.43, 3.9 ], [ -68.4, 3.88 ], [ -68.39, 3.87 ], [ -68.39, 3.86 ], [ -68.39, 3.85 ], [ -68.4, 3.85 ], [ -68.41, 3.85 ], [ -68.43, 3.88 ], [ -68.44, 3.89 ], [ -68.45, 3.88 ], [ -68.45, 3.87 ], [ -68.44, 3.86 ], [ -68.44, 3.85 ], [ -68.44, 3.84 ], [ -68.45, 3.84 ], [ -68.47, 3.85 ], [ -68.48, 3.85 ], [ -68.51, 3.83 ], [ -68.52, 3.81 ], [ -68.5, 3.8 ], [ -68.5, 3.79 ], [ -68.5, 3.78 ], [ -68.51, 3.78 ], [ -68.52, 3.78 ], [ -68.53, 3.78 ], [ -68.55, 3.81 ], [ -68.56, 3.82 ], [ -68.57, 3.82 ], [ -68.57, 3.81 ], [ -68.57, 3.8 ], [ -68.57, 3.79 ], [ -68.58, 3.79 ], [ -68.59, 3.78 ], [ -68.61, 3.78 ], [ -68.62, 3.77 ], [ -68.63, 3.77 ], [ -68.64, 3.78 ], [ -68.65, 3.78 ], [ -68.65, 3.76 ], [ -68.66, 3.76 ], [ -68.66, 3.77 ], [ -68.67, 3.78 ], [ -68.68, 3.78 ], [ -68.7, 3.77 ], [ -68.71, 3.77 ], [ -68.73, 3.77 ], [ -68.75, 3.78 ], [ -68.76, 3.78 ], [ -68.77, 3.77 ], [ -68.77, 3.75 ], [ -68.78, 3.73 ], [ -68.79, 3.72 ], [ -68.8, 3.72 ], [ -68.81, 3.72 ], [ -68.82, 3.73 ], [ -68.83, 3.74 ], [ -68.84, 3.74 ], [ -68.85, 3.74 ], [ -68.85, 3.72 ], [ -68.84, 3.7 ], [ -68.84, 3.69 ], [ -68.85, 3.7 ], [ -68.86, 3.71 ], [ -68.88, 3.71 ], [ -68.89, 3.7 ], [ -68.9, 3.69 ], [ -68.91, 3.68 ], [ -68.92, 3.68 ], [ -68.93, 3.69 ], [ -68.93, 3.7 ], [ -68.93, 3.73 ], [ -68.93, 3.74 ], [ -68.94, 3.74 ], [ -68.95, 3.73 ], [ -68.94, 3.71 ], [ -68.94, 3.7 ], [ -68.94, 3.69 ], [ -68.94, 3.68 ], [ -68.95, 3.68 ], [ -68.96, 3.68 ], [ -68.98, 3.69 ], [ -68.99, 3.69 ], [ -69.0, 3.69 ], [ -69.01, 3.68 ], [ -69.04, 3.66 ], [ -69.04, 3.65 ], [ -69.06, 3.64 ], [ -69.07, 3.65 ], [ -69.08, 3.65 ], [ -69.09, 3.64 ], [ -69.1, 3.64 ], [ -69.11, 3.64 ], [ -69.11, 3.65 ], [ -69.11, 3.66 ], [ -69.11, 3.67 ], [ -69.12, 3.68 ], [ -69.13, 3.67 ], [ -69.14, 3.65 ], [ -69.15, 3.64 ], [ -69.17, 3.63 ], [ -69.19, 3.63 ], [ -69.19, 3.64 ], [ -69.17, 3.65 ], [ -69.17, 3.66 ], [ -69.17, 3.67 ], [ -69.17, 3.68 ], [ -69.18, 3.68 ], [ -69.19, 3.67 ], [ -69.2, 3.67 ], [ -69.2, 3.68 ], [ -69.2, 3.69 ], [ -69.2, 3.7 ], [ -69.21, 3.7 ], [ -69.22, 3.68 ], [ -69.23, 3.67 ], [ -69.24, 3.68 ], [ -69.24, 3.7 ], [ -69.25, 3.71 ], [ -69.25, 3.72 ], [ -69.26, 3.72 ], [ -69.28, 3.73 ], [ -69.29, 3.72 ], [ -69.29, 3.71 ], [ -69.3, 3.72 ], [ -69.31, 3.72 ], [ -69.31, 3.71 ], [ -69.32, 3.7 ], [ -69.33, 3.69 ], [ -69.34, 3.68 ], [ -69.36, 3.67 ], [ -69.37, 3.67 ], [ -69.38, 3.67 ], [ -69.38, 3.68 ], [ -69.39, 3.68 ], [ -69.4, 3.68 ], [ -69.4, 3.67 ], [ -69.41, 3.66 ], [ -69.42, 3.67 ], [ -69.44, 3.7 ], [ -69.44, 3.71 ], [ -69.45, 3.71 ], [ -69.46, 3.71 ], [ -69.48, 3.7 ], [ -69.49, 3.67 ], [ -69.49, 3.66 ], [ -69.49, 3.65 ], [ -69.5, 3.65 ], [ -69.5, 3.66 ], [ -69.5, 3.67 ], [ -69.5, 3.68 ], [ -69.54, 3.67 ], [ -69.57, 3.68 ], [ -69.57, 3.67 ], [ -69.58, 3.65 ], [ -69.58, 3.64 ], [ -69.58, 3.63 ], [ -69.58, 3.61 ], [ -69.58, 3.6 ], [ -69.59, 3.57 ], [ -69.6, 3.57 ], [ -69.6, 3.59 ], [ -69.61, 3.6 ], [ -69.62, 3.59 ], [ -69.62, 3.57 ], [ -69.63, 3.57 ], [ -69.64, 3.57 ], [ -69.65, 3.58 ], [ -69.66, 3.59 ], [ -69.67, 3.58 ], [ -69.68, 3.56 ], [ -69.69, 3.54 ], [ -69.7, 3.54 ], [ -69.7, 3.56 ], [ -69.71, 3.58 ], [ -69.72, 3.58 ], [ -69.73, 3.59 ], [ -69.74, 3.59 ], [ -69.74, 3.58 ], [ -69.74, 3.57 ], [ -69.72, 3.57 ], [ -69.71, 3.56 ], [ -69.71, 3.55 ], [ -69.72, 3.54 ], [ -69.73, 3.54 ], [ -69.75, 3.56 ], [ -69.78, 3.56 ], [ -69.79, 3.55 ], [ -69.79, 3.53 ], [ -69.79, 3.52 ], [ -69.8, 3.51 ], [ -69.81, 3.51 ], [ -69.82, 3.52 ], [ -69.81, 3.54 ], [ -69.82, 3.55 ], [ -69.82, 3.56 ], [ -69.83, 3.56 ], [ -69.84, 3.55 ], [ -69.85, 3.54 ], [ -69.84, 3.53 ], [ -69.83, 3.51 ], [ -69.82, 3.49 ], [ -69.81, 3.48 ], [ -69.82, 3.48 ], [ -69.84, 3.48 ], [ -69.85, 3.49 ], [ -69.87, 3.54 ], [ -69.88, 3.54 ], [ -69.89, 3.54 ], [ -69.9, 3.53 ], [ -69.9, 3.52 ], [ -69.88, 3.5 ], [ -69.87, 3.49 ], [ -69.86, 3.48 ], [ -69.87, 3.46 ], [ -69.87, 3.44 ], [ -69.88, 3.43 ], [ -69.89, 3.43 ], [ -69.9, 3.42 ], [ -69.91, 3.45 ], [ -69.95, 3.46 ], [ -69.96, 3.46 ], [ -69.96, 3.45 ], [ -69.96, 3.44 ], [ -69.95, 3.42 ], [ -69.94, 3.41 ], [ -69.94, 3.4 ], [ -69.94, 3.39 ], [ -69.97, 3.39 ], [ -70.0, 3.37 ], [ -70.01, 3.37 ], [ -70.02, 3.38 ], [ -70.02, 3.39 ], [ -70.01, 3.4 ], [ -70.01, 3.41 ], [ -70.03, 3.42 ], [ -70.04, 3.42 ], [ -70.04, 3.41 ], [ -70.05, 3.4 ], [ -70.07, 3.39 ], [ -70.08, 3.39 ], [ -70.11, 3.39 ], [ -70.11, 3.4 ], [ -70.12, 3.4 ], [ -70.13, 3.4 ], [ -70.13, 3.38 ], [ -70.13, 3.37 ], [ -70.14, 3.36 ], [ -70.17, 3.35 ], [ -70.17, 3.34 ], [ -70.15, 3.32 ], [ -70.14, 3.32 ], [ -70.12, 3.3 ], [ -70.11, 3.29 ], [ -70.11, 3.28 ], [ -70.12, 3.28 ], [ -70.13, 3.29 ], [ -70.14, 3.29 ], [ -70.15, 3.29 ], [ -70.16, 3.28 ], [ -70.16, 3.27 ], [ -70.16, 3.26 ], [ -70.15, 3.25 ], [ -70.14, 3.25 ], [ -70.13, 3.24 ], [ -70.13, 3.22 ], [ -70.13, 3.2 ], [ -70.14, 3.19 ], [ -70.15, 3.19 ], [ -70.15, 3.2 ], [ -70.15, 3.22 ], [ -70.16, 3.23 ], [ -70.17, 3.24 ], [ -70.18, 3.23 ], [ -70.18, 3.22 ], [ -70.16, 3.19 ], [ -70.16, 3.18 ], [ -70.18, 3.17 ], [ -70.19, 3.17 ], [ -70.2, 3.18 ], [ -70.2, 3.19 ], [ -70.2, 3.2 ], [ -70.21, 3.21 ], [ -70.22, 3.21 ], [ -70.22, 3.2 ], [ -70.21, 3.19 ], [ -70.21, 3.18 ], [ -70.21, 3.17 ], [ -70.22, 3.17 ], [ -70.23, 3.18 ], [ -70.24, 3.18 ], [ -70.25, 3.17 ], [ -70.25, 3.16 ], [ -70.26, 3.15 ], [ -70.26, 3.14 ], [ -70.27, 3.14 ], [ -70.28, 3.13 ], [ -70.29, 3.12 ], [ -70.28, 3.1 ], [ -70.28, 3.09 ], [ -70.29, 3.09 ], [ -70.31, 3.09 ], [ -70.32, 3.09 ], [ -70.32, 3.08 ], [ -70.32, 3.07 ], [ -70.29, 3.07 ], [ -70.27, 3.07 ], [ -70.26, 3.05 ], [ -70.26, 3.04 ], [ -70.26, 3.03 ], [ -70.27, 3.03 ], [ -70.3, 3.04 ], [ -70.3, 3.03 ], [ -70.29, 3.01 ], [ -70.28, 2.99 ], [ -70.28, 2.95 ], [ -70.28, 2.94 ], [ -70.28, 2.93 ], [ -70.3, 2.93 ], [ -70.31, 2.92 ], [ -70.32, 2.91 ], [ -70.33, 2.91 ], [ -70.34, 2.92 ], [ -70.35, 2.91 ], [ -70.36, 2.9 ], [ -70.35, 2.87 ], [ -70.35, 2.86 ], [ -70.36, 2.85 ], [ -70.37, 2.85 ], [ -70.4, 2.83 ], [ -70.41, 2.83 ], [ -70.49, 2.81 ], [ -70.5, 2.81 ], [ -70.5, 2.8 ], [ -70.5, 2.79 ], [ -70.94, 2.61 ], [ -70.93, 2.59 ], [ -70.93, 2.57 ], [ -70.92, 2.57 ], [ -70.92, 2.56 ], [ -70.91, 2.56 ], [ -70.9, 2.56 ], [ -70.89, 2.56 ], [ -70.88, 2.56 ], [ -70.87, 2.57 ], [ -70.86, 2.57 ], [ -70.85, 2.57 ], [ -70.85, 2.56 ], [ -70.84, 2.56 ], [ -70.83, 2.54 ], [ -70.83, 2.53 ], [ -70.82, 2.53 ], [ -70.81, 2.53 ], [ -70.8, 2.53 ], [ -70.79, 2.52 ], [ -70.78, 2.53 ], [ -70.77, 2.54 ], [ -70.75, 2.54 ], [ -70.76, 2.53 ], [ -70.75, 2.53 ], [ -70.74, 2.52 ], [ -70.75, 2.5 ], [ -70.74, 2.5 ], [ -70.73, 2.49 ], [ -70.73, 2.48 ], [ -70.72, 2.48 ], [ -70.71, 2.47 ], [ -70.7, 2.47 ], [ -70.7, 2.46 ], [ -70.7, 2.45 ], [ -70.69, 2.44 ], [ -70.68, 2.44 ], [ -70.68, 2.43 ], [ -70.68, 2.42 ], [ -70.68, 2.41 ], [ -70.67, 2.41 ], [ -70.67, 2.4 ], [ -70.67, 2.39 ], [ -70.66, 2.39 ], [ -70.66, 2.38 ], [ -70.65, 2.38 ], [ -70.65, 2.37 ], [ -70.65, 2.36 ], [ -70.64, 2.36 ], [ -70.64, 2.35 ], [ -70.64, 2.34 ], [ -70.63, 2.33 ], [ -70.63, 2.32 ], [ -70.63, 2.31 ], [ -70.62, 2.31 ], [ -70.61, 2.31 ], [ -70.61, 2.3 ], [ -70.6, 2.29 ], [ -70.59, 2.29 ], [ -70.58, 2.29 ], [ -70.57, 2.29 ], [ -70.56, 2.29 ], [ -70.55, 2.29 ], [ -70.54, 2.28 ], [ -70.53, 2.27 ], [ -70.52, 2.27 ], [ -70.52, 2.28 ], [ -70.51, 2.28 ], [ -70.51, 2.27 ], [ -70.51, 2.26 ], [ -70.51, 2.25 ], [ -70.5, 2.23 ], [ -70.48, 2.23 ], [ -70.47, 2.24 ], [ -70.46, 2.23 ], [ -70.46, 2.24 ], [ -70.46, 2.25 ], [ -70.46, 2.26 ], [ -70.44, 2.26 ], [ -70.43, 2.27 ], [ -70.42, 2.27 ], [ -70.42, 2.26 ], [ -70.41, 2.26 ], [ -70.4, 2.26 ], [ -70.4, 2.27 ], [ -70.39, 2.27 ], [ -70.39, 2.26 ], [ -70.39, 2.25 ], [ -70.38, 2.25 ], [ -70.37, 2.24 ], [ -70.36, 2.24 ], [ -70.35, 2.25 ], [ -70.34, 2.25 ], [ -70.34, 2.23 ], [ -70.33, 2.23 ], [ -70.32, 2.22 ], [ -70.32, 2.21 ], [ -70.31, 2.21 ], [ -70.3, 2.22 ], [ -70.29, 2.23 ], [ -70.3, 2.24 ], [ -70.3, 2.25 ], [ -70.28, 2.24 ], [ -70.27, 2.24 ], [ -70.27, 2.25 ], [ -70.26, 2.25 ], [ -70.26, 2.26 ], [ -70.25, 2.26 ], [ -70.24, 2.26 ], [ -70.24, 2.25 ], [ -70.25, 2.25 ], [ -70.25, 2.24 ], [ -70.23, 2.24 ], [ -70.23, 2.25 ], [ -70.21, 2.23 ], [ -70.2, 2.24 ], [ -70.2, 2.23 ], [ -70.19, 2.23 ], [ -70.18, 2.24 ], [ -70.17, 2.24 ], [ -70.16, 2.24 ], [ -70.16, 2.26 ], [ -70.15, 2.26 ], [ -70.15, 2.27 ], [ -70.15, 2.28 ], [ -70.14, 2.28 ], [ -70.12, 2.26 ], [ -70.11, 2.27 ], [ -70.1, 2.26 ], [ -70.09, 2.27 ], [ -70.09, 2.26 ], [ -70.08, 2.27 ], [ -70.07, 2.28 ], [ -70.07, 2.29 ], [ -70.06, 2.3 ], [ -70.06, 2.29 ], [ -70.05, 2.29 ], [ -70.05, 2.28 ], [ -70.04, 2.27 ], [ -70.03, 2.27 ], [ -70.03, 2.26 ], [ -70.02, 2.26 ], [ -70.02, 2.25 ], [ -70.03, 2.25 ], [ -70.02, 2.24 ], [ -70.02, 2.23 ], [ -70.01, 2.23 ], [ -70.0, 2.22 ], [ -70.0, 2.21 ], [ -70.0, 2.2 ], [ -70.01, 2.2 ], [ -70.01, 2.19 ], [ -70.01, 2.18 ], [ -70.02, 2.18 ], [ -70.03, 2.18 ], [ -70.03, 2.17 ], [ -70.03, 2.16 ], [ -70.04, 2.16 ], [ -70.05, 2.16 ], [ -70.06, 2.15 ], [ -70.07, 2.14 ], [ -70.08, 2.14 ], [ -70.08, 2.13 ], [ -70.09, 2.13 ], [ -70.1, 2.13 ], [ -70.1, 2.12 ], [ -70.11, 2.12 ], [ -70.11, 2.11 ], [ -70.11, 2.1 ], [ -70.1, 2.09 ], [ -70.11, 2.09 ], [ -70.11, 2.08 ], [ -70.11, 2.07 ], [ -70.12, 2.06 ], [ -70.12, 2.05 ], [ -70.12, 2.03 ], [ -70.11, 2.02 ], [ -70.11, 2.01 ], [ -70.11, 2.0 ], [ -70.13, 1.99 ], [ -70.14, 1.98 ], [ -70.14, 1.97 ], [ -70.14, 1.96 ], [ -70.14, 1.95 ], [ -70.16, 1.94 ], [ -70.16, 1.93 ], [ -70.16, 1.92 ], [ -70.17, 1.91 ], [ -70.17, 1.9 ], [ -70.18, 1.89 ], [ -70.18, 1.88 ], [ -70.17, 1.87 ], [ -70.15, 1.87 ], [ -70.12, 1.84 ], [ -70.11, 1.83 ], [ -70.1, 1.83 ], [ -70.09, 1.81 ], [ -70.08, 1.81 ], [ -70.08, 1.8 ], [ -70.07, 1.8 ], [ -70.05, 1.78 ], [ -70.05, 1.77 ], [ -70.03, 1.77 ], [ -70.02, 1.76 ], [ -70.0, 1.76 ], [ -69.99, 1.75 ], [ -69.98, 1.75 ], [ -69.98, 1.74 ], [ -69.96, 1.75 ], [ -69.95, 1.75 ], [ -69.93, 1.75 ], [ -69.92, 1.75 ], [ -69.91, 1.74 ], [ -69.9, 1.74 ], [ -69.89, 1.74 ], [ -69.89, 1.73 ], [ -69.88, 1.73 ], [ -69.87, 1.72 ], [ -69.87, 1.71 ], [ -69.86, 1.71 ], [ -69.85, 1.71 ], [ -69.84, 1.71 ], [ -69.83, 1.71 ], [ -69.82, 1.71 ], [ -69.82, 1.7 ], [ -69.81, 1.7 ], [ -69.8, 1.7 ], [ -69.79, 1.7 ], [ -69.79, 1.69 ], [ -69.78, 1.69 ], [ -69.78, 1.7 ], [ -69.77, 1.7 ], [ -69.77, 1.71 ], [ -69.76, 1.71 ], [ -69.76, 1.72 ], [ -69.75, 1.72 ], [ -69.75, 1.73 ], [ -69.74, 1.73 ], [ -69.73, 1.73 ], [ -69.72, 1.73 ], [ -69.71, 1.73 ], [ -69.7, 1.73 ], [ -69.69, 1.73 ], [ -69.68, 1.73 ], [ -69.67, 1.73 ], [ -69.66, 1.73 ], [ -69.66, 1.72 ], [ -69.65, 1.72 ], [ -69.64, 1.72 ], [ -69.63, 1.72 ], [ -69.63, 1.73 ], [ -69.62, 1.73 ], [ -69.62, 1.74 ], [ -69.61, 1.74 ], [ -69.6, 1.74 ], [ -69.6, 1.75 ], [ -69.59, 1.75 ], [ -69.58, 1.76 ], [ -69.57, 1.76 ], [ -69.56, 1.76 ], [ -69.56, 1.77 ], [ -69.55, 1.77 ], [ -69.55, 1.78 ], [ -69.54, 1.78 ], [ -69.53, 1.78 ], [ -69.53, 1.77 ], [ -69.52, 1.77 ], [ -69.51, 1.77 ], [ -69.51, 1.76 ], [ -69.5, 1.76 ], [ -69.49, 1.76 ], [ -69.49, 1.75 ], [ -69.48, 1.75 ], [ -69.48, 1.74 ], [ -69.47, 1.75 ], [ -69.47, 1.76 ], [ -69.46, 1.75 ], [ -69.45, 1.75 ], [ -69.45, 1.74 ], [ -69.44, 1.74 ], [ -69.43, 1.74 ], [ -69.42, 1.74 ], [ -69.41, 1.74 ], [ -69.41, 1.73 ], [ -69.39, 1.73 ], [ -68.19, 1.73 ], [ -68.19, 1.74 ], [ -68.19, 1.75 ], [ -68.19, 1.76 ], [ -68.18, 1.76 ], [ -68.18, 1.77 ], [ -68.19, 1.77 ], [ -68.19, 1.78 ], [ -68.2, 1.78 ], [ -68.21, 1.78 ], [ -68.21, 1.77 ], [ -68.22, 1.77 ], [ -68.23, 1.77 ], [ -68.23, 1.78 ], [ -68.24, 1.78 ], [ -68.24, 1.79 ], [ -68.24, 1.81 ], [ -68.23, 1.81 ], [ -68.23, 1.82 ], [ -68.24, 1.82 ], [ -68.25, 1.82 ], [ -68.26, 1.82 ], [ -68.27, 1.82 ], [ -68.27, 1.83 ], [ -68.28, 1.83 ], [ -68.29, 1.83 ], [ -68.28, 1.84 ], [ -68.27, 1.84 ], [ -68.27, 1.85 ], [ -68.27, 1.86 ], [ -68.27, 1.87 ], [ -68.26, 1.87 ], [ -68.25, 1.88 ], [ -68.25, 1.89 ], [ -68.25, 1.9 ], [ -68.25, 1.91 ], [ -68.24, 1.92 ], [ -68.24, 1.93 ], [ -68.23, 1.93 ], [ -68.23, 1.94 ], [ -68.22, 1.95 ], [ -68.22, 1.96 ], [ -68.21, 1.98 ], [ -68.21, 1.99 ], [ -68.2, 2.0 ], [ -68.2, 2.04 ], [ -68.19, 2.04 ], [ -68.19, 1.99 ], [ -68.18, 1.99 ], [ -68.18, 1.98 ], [ -68.17, 1.98 ], [ -68.18, 1.97 ], [ -68.17, 1.96 ], [ -68.15, 1.97 ], [ -68.14, 1.97 ], [ -68.13, 1.96 ], [ -68.13, 1.95 ], [ -68.12, 1.95 ], [ -68.12, 1.94 ], [ -68.11, 1.93 ], [ -68.1, 1.91 ], [ -68.1, 1.9 ], [ -68.09, 1.9 ], [ -68.08, 1.9 ], [ -68.07, 1.89 ], [ -68.06, 1.89 ], [ -68.06, 1.88 ], [ -68.05, 1.88 ], [ -68.05, 1.87 ], [ -68.05, 1.86 ], [ -68.05, 1.85 ], [ -68.05, 1.84 ], [ -68.04, 1.84 ], [ -68.04, 1.83 ], [ -68.04, 1.82 ], [ -68.03, 1.81 ], [ -68.02, 1.82 ], [ -68.02, 1.83 ], [ -68.01, 1.83 ], [ -68.01, 1.84 ], [ -68.0, 1.84 ], [ -67.99, 1.83 ], [ -67.99, 1.82 ], [ -67.98, 1.82 ], [ -67.97, 1.82 ], [ -67.96, 1.82 ], [ -67.94, 1.82 ], [ -67.92, 1.81 ], [ -67.91, 1.81 ], [ -67.92, 1.82 ], [ -67.92, 1.83 ], [ -67.92, 1.84 ], [ -67.92, 1.85 ], [ -67.92, 1.86 ], [ -67.91, 1.86 ], [ -67.92, 1.88 ], [ -67.92, 1.89 ], [ -67.92, 1.9 ], [ -67.91, 1.9 ], [ -67.9, 1.9 ], [ -67.9, 1.89 ], [ -67.89, 1.89 ], [ -67.88, 1.9 ], [ -67.87, 1.9 ], [ -67.87, 1.91 ], [ -67.87, 1.92 ], [ -67.86, 1.92 ], [ -67.86, 1.93 ], [ -67.85, 1.94 ], [ -67.84, 1.94 ], [ -67.83, 1.94 ], [ -67.83, 1.95 ], [ -67.83, 1.96 ], [ -67.82, 1.97 ], [ -67.81, 1.97 ], [ -67.81, 1.98 ], [ -67.81, 1.99 ], [ -67.8, 1.99 ], [ -67.79, 2.0 ], [ -67.78, 2.0 ], [ -67.78, 2.01 ], [ -67.78, 2.02 ], [ -67.78, 2.03 ], [ -67.78, 2.04 ], [ -67.77, 2.04 ], [ -67.77, 2.03 ], [ -67.76, 2.03 ], [ -67.75, 2.03 ], [ -67.74, 2.03 ], [ -67.74, 2.02 ], [ -67.73, 2.02 ], [ -67.73, 2.01 ], [ -67.72, 2.01 ], [ -67.72, 2.02 ], [ -67.71, 2.02 ], [ -67.71, 2.01 ], [ -67.7, 2.01 ], [ -67.7, 2.0 ], [ -67.69, 2.0 ], [ -67.68, 2.0 ], [ -67.68, 2.01 ], [ -67.67, 2.0 ], [ -67.66, 1.99 ], [ -67.65, 2.0 ], [ -67.64, 2.0 ], [ -67.64, 2.01 ], [ -67.63, 2.01 ], [ -67.63, 2.02 ], [ -67.63, 2.03 ], [ -67.63, 2.04 ], [ -67.62, 2.04 ], [ -67.61, 2.04 ], [ -67.6, 2.04 ], [ -67.6, 2.05 ], [ -67.6, 2.06 ], [ -67.59, 2.06 ], [ -67.59, 2.07 ], [ -67.6, 2.07 ], [ -67.6, 2.08 ], [ -67.59, 2.08 ], [ -67.59, 2.09 ], [ -67.58, 2.09 ], [ -67.57, 2.1 ], [ -67.56, 2.11 ], [ -67.56, 2.12 ], [ -67.56, 2.13 ], [ -67.55, 2.14 ], [ -67.55, 2.15 ], [ -67.54, 2.15 ], [ -67.53, 2.15 ], [ -67.53, 2.16 ], [ -67.52, 2.16 ], [ -67.51, 2.16 ], [ -67.51, 2.17 ], [ -67.5, 2.17 ], [ -67.49, 2.17 ], [ -67.49, 2.18 ], [ -67.48, 2.18 ], [ -67.48, 2.17 ], [ -67.47, 2.17 ], [ -67.45, 2.17 ], [ -67.45, 2.18 ], [ -67.45, 2.19 ], [ -67.45, 2.2 ], [ -67.45, 2.21 ], [ -67.44, 2.21 ], [ -67.44, 2.22 ], [ -67.43, 2.23 ], [ -67.42, 2.23 ], [ -67.42, 2.22 ], [ -67.41, 2.23 ], [ -67.4, 2.23 ], [ -67.39, 2.23 ], [ -67.39, 2.22 ], [ -67.38, 2.22 ], [ -67.37, 2.22 ], [ -67.37, 2.21 ], [ -67.37, 2.2 ], [ -67.37, 2.19 ], [ -67.36, 2.19 ], [ -67.36, 2.18 ], [ -67.36, 2.17 ], [ -67.37, 2.17 ], [ -67.37, 2.16 ], [ -67.36, 2.15 ], [ -67.35, 2.15 ], [ -67.35, 2.14 ], [ -67.35, 2.13 ], [ -67.35, 2.12 ], [ -67.36, 2.12 ], [ -67.36, 2.11 ], [ -67.36, 2.1 ], [ -67.36, 2.09 ], [ -67.35, 2.08 ], [ -67.35, 2.07 ], [ -67.35, 2.06 ], [ -67.35, 2.05 ], [ -67.34, 2.04 ], [ -67.35, 2.03 ], [ -67.34, 2.02 ], [ -67.35, 2.01 ], [ -67.35, 2.0 ], [ -67.35, 1.99 ], [ -67.35, 1.98 ], [ -67.34, 1.98 ], [ -67.33, 1.98 ], [ -67.33, 1.97 ], [ -67.33, 1.96 ], [ -67.33, 1.95 ], [ -67.33, 1.94 ], [ -67.32, 1.93 ], [ -67.31, 1.93 ], [ -67.32, 1.92 ], [ -67.32, 1.91 ], [ -67.31, 1.9 ], [ -67.3, 1.89 ], [ -67.29, 1.89 ], [ -67.29, 1.88 ], [ -67.28, 1.88 ], [ -67.28, 1.87 ], [ -67.28, 1.86 ], [ -67.27, 1.86 ], [ -67.26, 1.86 ], [ -67.25, 1.86 ], [ -67.24, 1.86 ], [ -67.23, 1.86 ], [ -67.22, 1.86 ], [ -67.21, 1.86 ], [ -67.2, 1.86 ], [ -67.2, 1.85 ], [ -67.19, 1.85 ], [ -67.18, 1.84 ], [ -67.17, 1.84 ], [ -67.17, 1.83 ], [ -67.16, 1.82 ], [ -67.15, 1.81 ], [ -67.14, 1.8 ], [ -67.13, 1.8 ], [ -67.14, 1.79 ], [ -67.13, 1.78 ], [ -67.13, 1.77 ], [ -67.14, 1.76 ], [ -67.14, 1.75 ], [ -67.14, 1.74 ], [ -67.14, 1.73 ], [ -67.14, 1.72 ], [ -67.14, 1.71 ], [ -67.14, 1.7 ], [ -67.13, 1.69 ], [ -67.14, 1.67 ], [ -67.14, 1.66 ], [ -67.14, 1.65 ], [ -67.13, 1.64 ], [ -67.13, 1.63 ], [ -67.14, 1.62 ], [ -67.14, 1.61 ], [ -67.14, 1.6 ], [ -67.13, 1.6 ], [ -67.12, 1.6 ], [ -67.11, 1.59 ], [ -67.11, 1.58 ], [ -67.1, 1.58 ], [ -67.1, 1.57 ], [ -67.1, 1.56 ], [ -67.1, 1.55 ], [ -67.1, 1.54 ], [ -67.1, 1.53 ], [ -67.1, 1.52 ], [ -67.1, 1.51 ], [ -67.1, 1.5 ], [ -67.09, 1.5 ], [ -67.09, 1.48 ], [ -67.08, 1.47 ], [ -67.08, 1.46 ], [ -67.08, 1.45 ], [ -67.08, 1.44 ], [ -67.09, 1.43 ], [ -67.08, 1.43 ], [ -67.08, 1.42 ], [ -67.09, 1.41 ], [ -67.08, 1.41 ], [ -67.08, 1.4 ], [ -67.08, 1.39 ], [ -67.08, 1.38 ], [ -67.08, 1.37 ], [ -67.08, 1.36 ], [ -67.09, 1.36 ], [ -67.09, 1.35 ], [ -67.1, 1.35 ], [ -67.11, 1.34 ], [ -67.12, 1.34 ], [ -67.13, 1.34 ], [ -67.13, 1.35 ], [ -67.14, 1.35 ], [ -67.14, 1.34 ], [ -67.15, 1.34 ], [ -67.15, 1.33 ], [ -67.16, 1.33 ], [ -67.16, 1.32 ], [ -67.15, 1.32 ], [ -67.15, 1.31 ], [ -67.15, 1.3 ], [ -67.13, 1.29 ], [ -67.13, 1.28 ], [ -67.13, 1.27 ], [ -67.12, 1.27 ], [ -67.1, 1.26 ], [ -67.1, 1.25 ], [ -67.1, 1.24 ], [ -67.1, 1.23 ], [ -67.09, 1.23 ], [ -67.09, 1.22 ], [ -67.09, 1.21 ], [ -67.09, 1.2 ], [ -67.09, 1.19 ], [ -67.09, 1.18 ], [ -67.09, 1.17 ], [ -66.86, 1.23 ], [ -66.86, 1.25 ], [ -66.88, 1.25 ], [ -66.88, 1.26 ], [ -66.89, 1.29 ], [ -66.88, 1.3 ], [ -66.87, 1.31 ], [ -66.86, 1.32 ], [ -66.86, 1.33 ], [ -66.86, 1.36 ], [ -66.86, 1.37 ], [ -66.87, 1.38 ], [ -66.87, 1.39 ], [ -66.88, 1.4 ], [ -66.89, 1.4 ], [ -66.9, 1.4 ], [ -66.91, 1.41 ], [ -66.92, 1.42 ], [ -66.92, 1.43 ], [ -66.91, 1.46 ], [ -66.92, 1.47 ], [ -66.91, 1.49 ], [ -66.92, 1.51 ], [ -66.93, 1.53 ], [ -66.94, 1.57 ], [ -66.95, 1.58 ], [ -66.96, 1.58 ], [ -66.96, 1.59 ], [ -66.97, 1.6 ], [ -66.96, 1.61 ], [ -66.96, 1.63 ], [ -66.97, 1.64 ], [ -66.98, 1.66 ], [ -66.98, 1.67 ], [ -66.99, 1.67 ], [ -66.99, 1.7 ], [ -67.0, 1.7 ], [ -67.01, 1.72 ], [ -67.01, 1.73 ], [ -67.02, 1.74 ], [ -67.02, 1.75 ], [ -67.02, 1.76 ], [ -67.02, 1.77 ], [ -67.03, 1.77 ], [ -67.04, 1.79 ], [ -67.04, 1.8 ], [ -67.04, 1.81 ], [ -67.04, 1.83 ], [ -67.04, 1.84 ], [ -67.04, 1.85 ], [ -67.05, 1.85 ], [ -67.05, 1.86 ], [ -67.06, 1.88 ], [ -67.06, 1.91 ], [ -67.07, 1.92 ], [ -67.08, 1.93 ], [ -67.08, 1.94 ], [ -67.09, 1.94 ], [ -67.09, 1.95 ], [ -67.1, 1.95 ], [ -67.12, 1.97 ], [ -67.13, 1.98 ], [ -67.13, 1.99 ], [ -67.13, 2.0 ], [ -67.12, 2.0 ], [ -67.12, 2.01 ], [ -67.12, 2.02 ], [ -67.11, 2.03 ], [ -67.1, 2.05 ], [ -67.1, 2.07 ], [ -67.11, 2.1 ], [ -67.11, 2.11 ], [ -67.11, 2.12 ], [ -67.12, 2.13 ], [ -67.13, 2.13 ], [ -67.15, 2.12 ], [ -67.16, 2.13 ], [ -67.19, 2.17 ], [ -67.2, 2.18 ], [ -67.2, 2.2 ], [ -67.21, 2.22 ], [ -67.21, 2.23 ], [ -67.22, 2.25 ], [ -67.22, 2.26 ], [ -67.22, 2.27 ], [ -67.22, 2.28 ], [ -67.22, 2.3 ], [ -67.22, 2.31 ], [ -67.2, 2.32 ], [ -67.19, 2.34 ], [ -67.19, 2.35 ], [ -67.2, 2.37 ], [ -67.21, 2.37 ], [ -67.22, 2.38 ], [ -67.22, 2.39 ], [ -67.22, 2.4 ], [ -67.23, 2.4 ], [ -67.24, 2.41 ], [ -67.26, 2.43 ], [ -67.27, 2.43 ], [ -67.28, 2.43 ], [ -67.29, 2.44 ], [ -67.3, 2.44 ], [ -67.3, 2.46 ], [ -67.31, 2.46 ], [ -67.32, 2.48 ], [ -67.33, 2.48 ], [ -67.33, 2.49 ], [ -67.34, 2.5 ], [ -67.34, 2.51 ], [ -67.34, 2.52 ], [ -67.35, 2.53 ], [ -67.37, 2.53 ], [ -67.38, 2.54 ], [ -67.39, 2.54 ], [ -67.39, 2.55 ], [ -67.39, 2.56 ], [ -67.39, 2.57 ], [ -67.41, 2.58 ], [ -67.42, 2.58 ], [ -67.43, 2.59 ], [ -67.44, 2.61 ], [ -67.45, 2.62 ], [ -67.46, 2.62 ], [ -67.47, 2.62 ], [ -67.48, 2.65 ], [ -67.49, 2.66 ], [ -67.5, 2.67 ], [ -67.51, 2.67 ], [ -67.52, 2.67 ], [ -67.54, 2.67 ], [ -67.55, 2.66 ], [ -67.55, 2.65 ], [ -67.56, 2.65 ], [ -67.57, 2.67 ], [ -67.57, 2.68 ], [ -67.57, 2.7 ], [ -67.56, 2.73 ], [ -67.59, 2.74 ], [ -67.59, 2.76 ], [ -67.58, 2.77 ], [ -67.59, 2.78 ], [ -67.6, 2.79 ], [ -67.61, 2.8 ], [ -67.62, 2.81 ], [ -67.64, 2.81 ], [ -67.65, 2.8 ], [ -67.66, 2.8 ], [ -67.72, 2.81 ], [ -67.74, 2.82 ], [ -67.74, 2.83 ], [ -67.74, 2.84 ], [ -67.75, 2.84 ], [ -67.75, 2.83 ], [ -67.77, 2.83 ], [ -67.78, 2.83 ], [ -67.8, 2.83 ], [ -67.81, 2.83 ], [ -67.82, 2.83 ], [ -67.83, 2.82 ], [ -67.83, 2.81 ], [ -67.83, 2.8 ], [ -67.84, 2.79 ], [ -67.85, 2.79 ], [ -67.86, 2.79 ], [ -67.86, 2.87 ], [ -67.43, 3.25 ], [ -67.38, 3.25 ], [ -67.39, 3.26 ], [ -67.38, 3.28 ], [ -67.38, 3.29 ], [ -67.37, 3.3 ], [ -67.36, 3.31 ], [ -67.34, 3.33 ], [ -67.33, 3.34 ], [ -67.33, 3.35 ], [ -67.33, 3.36 ], [ -67.32, 3.37 ], [ -67.31, 3.38 ], [ -67.31, 3.39 ], [ -67.33, 3.42 ], [ -67.33, 3.44 ], [ -67.34, 3.45 ], [ -67.36, 3.46 ], [ -67.37, 3.47 ], [ -67.39, 3.47 ], [ -67.4, 3.48 ], [ -67.41, 3.5 ], [ -67.41, 3.52 ], [ -67.41, 3.54 ], [ -67.43, 3.56 ], [ -67.43, 3.58 ], [ -67.45, 3.59 ], [ -67.45, 3.61 ], [ -67.45, 3.62 ], [ -67.44, 3.63 ], [ -67.44, 3.64 ], [ -67.45, 3.65 ], [ -67.45, 3.66 ], [ -67.45, 3.67 ], [ -67.45, 3.68 ], [ -67.46, 3.68 ], [ -67.47, 3.69 ], [ -67.49, 3.71 ], [ -67.49, 3.74 ], [ -67.5, 3.77 ], [ -67.52, 3.77 ], [ -67.54, 3.76 ], [ -67.55, 3.75 ], [ -67.56, 3.76 ], [ -67.59, 3.75 ], [ -67.61, 3.75 ], [ -67.62, 3.76 ], [ -67.62, 3.77 ], [ -67.63, 3.78 ], [ -67.63, 3.79 ], [ -67.64, 3.79 ], [ -67.65, 3.82 ], [ -67.65, 3.83 ], [ -67.65, 3.84 ], [ -67.65, 3.85 ], [ -67.65, 3.86 ], [ -67.66, 3.86 ], [ -67.66, 3.87 ], [ -67.66, 3.88 ], [ -67.66, 3.89 ], [ -67.68, 3.91 ], [ -67.69, 3.92 ], [ -67.69, 3.93 ], [ -67.69, 3.94 ], [ -67.7, 3.99 ], [ -67.7, 4.02 ], [ -67.71, 4.03 ], [ -67.71, 4.04 ] ], [ [ -68.07, 3.96 ], [ -68.07, 3.94 ], [ -68.08, 3.94 ], [ -68.08, 3.95 ], [ -68.07, 3.96 ] ], [ [ -68.57, 3.79 ], [ -68.55, 3.78 ], [ -68.55, 3.77 ], [ -68.56, 3.77 ], [ -68.57, 3.79 ] ], [ [ -68.84, 3.69 ], [ -68.83, 3.68 ], [ -68.83, 3.67 ], [ -68.84, 3.67 ], [ -68.84, 3.69 ] ], [ [ -69.29, 3.71 ], [ -69.28, 3.71 ], [ -69.27, 3.7 ], [ -69.27, 3.68 ], [ -69.27, 3.67 ], [ -69.28, 3.65 ], [ -69.29, 3.64 ], [ -69.3, 3.64 ], [ -69.3, 3.65 ], [ -69.31, 3.65 ], [ -69.3, 3.67 ], [ -69.29, 3.69 ], [ -69.29, 3.7 ], [ -69.29, 3.71 ] ], [ [ -70.5, 2.26 ], [ -70.49, 2.26 ], [ -70.49, 2.25 ], [ -70.5, 2.25 ], [ -70.5, 2.26 ] ] ], [ [ [ -68.65, 3.78 ], [ -68.65, 3.79 ], [ -68.66, 3.8 ], [ -68.66, 3.81 ], [ -68.67, 3.81 ], [ -68.68, 3.81 ], [ -68.68, 3.8 ], [ -68.67, 3.79 ], [ -68.66, 3.78 ], [ -68.65, 3.78 ] ] ], [ [ [ -69.59, 3.68 ], [ -69.6, 3.68 ], [ -69.59, 3.67 ], [ -69.59, 3.68 ] ] ], [ [ [ -70.15, 2.26 ], [ -70.15, 2.25 ], [ -70.14, 2.25 ], [ -70.14, 2.26 ], [ -70.15, 2.26 ] ] ], [ [ [ -68.18, 1.73 ], [ -68.17, 1.73 ], [ -68.17, 1.74 ], [ -68.18, 1.73 ] ] ] ] } },
{ "type": "Feature", "properties": { "coddepto": 97 }, "geometry": { "type": "MultiPolygon", "coordinates": [ [ [ [ -70.12, 2.08 ], [ -70.13, 2.07 ], [ -70.14, 2.07 ], [ -70.14, 2.06 ], [ -70.15, 2.06 ], [ -70.16, 2.06 ], [ -70.16, 2.05 ], [ -70.17, 2.04 ], [ -70.18, 2.04 ], [ -70.18, 2.03 ], [ -70.19, 2.03 ], [ -70.19, 2.02 ], [ -70.2, 2.02 ], [ -70.21, 2.02 ], [ -70.22, 2.02 ], [ -70.22, 2.03 ], [ -70.23, 2.03 ], [ -70.24, 2.03 ], [ -70.24, 2.02 ], [ -70.25, 2.02 ], [ -70.26, 2.02 ], [ -70.27, 2.02 ], [ -70.28, 2.02 ], [ -70.28, 2.01 ], [ -70.29, 2.01 ], [ -70.3, 2.01 ], [ -70.31, 2.01 ], [ -70.32, 2.01 ], [ -70.32, 2.0 ], [ -70.33, 2.0 ], [ -70.34, 2.0 ], [ -70.34, 1.99 ], [ -70.35, 1.99 ], [ -70.36, 1.99 ], [ -70.36, 2.0 ], [ -70.37, 2.0 ], [ -70.38, 2.0 ], [ -70.38, 1.99 ], [ -70.39, 1.99 ], [ -70.39, 2.0 ], [ -70.4, 2.0 ], [ -70.41, 1.99 ], [ -70.42, 1.99 ], [ -70.43, 1.99 ], [ -70.43, 2.0 ], [ -70.44, 1.99 ], [ -70.45, 1.99 ], [ -70.46, 1.99 ], [ -70.46, 1.98 ], [ -70.46, 1.97 ], [ -70.46, 1.96 ], [ -70.47, 1.97 ], [ -70.48, 1.97 ], [ -70.48, 1.96 ], [ -70.48, 1.95 ], [ -70.49, 1.95 ], [ -70.5, 1.95 ], [ -70.5, 1.94 ], [ -70.51, 1.94 ], [ -70.51, 1.95 ], [ -70.51, 1.96 ], [ -70.52, 1.95 ], [ -70.53, 1.95 ], [ -70.54, 1.95 ], [ -70.55, 1.95 ], [ -70.55, 1.94 ], [ -70.56, 1.94 ], [ -70.57, 1.93 ], [ -70.58, 1.93 ], [ -70.58, 1.94 ], [ -70.59, 1.94 ], [ -70.6, 1.94 ], [ -70.6, 1.93 ], [ -70.61, 1.92 ], [ -70.61, 1.93 ], [ -70.62, 1.93 ], [ -70.62, 1.92 ], [ -70.63, 1.92 ], [ -70.64, 1.91 ], [ -70.65, 1.91 ], [ -70.66, 1.91 ], [ -70.67, 1.9 ], [ -70.68, 1.91 ], [ -70.68, 1.9 ], [ -70.69, 1.9 ], [ -70.69, 1.91 ], [ -70.7, 1.91 ], [ -70.71, 1.91 ], [ -70.71, 1.92 ], [ -70.72, 1.92 ], [ -70.73, 1.92 ], [ -70.74, 1.92 ], [ -70.74, 1.91 ], [ -70.75, 1.91 ], [ -70.76, 1.91 ], [ -70.76, 1.92 ], [ -70.77, 1.92 ], [ -70.78, 1.92 ], [ -70.78, 1.91 ], [ -70.8, 1.92 ], [ -70.8, 1.91 ], [ -70.81, 1.91 ], [ -70.82, 1.91 ], [ -70.83, 1.91 ], [ -70.84, 1.91 ], [ -70.85, 1.92 ], [ -70.85, 1.91 ], [ -70.86, 1.91 ], [ -70.87, 1.91 ], [ -70.87, 1.92 ], [ -70.88, 1.92 ], [ -70.89, 1.92 ], [ -70.89, 1.91 ], [ -70.9, 1.91 ], [ -70.9, 1.9 ], [ -70.91, 1.9 ], [ -70.91, 1.89 ], [ -70.92, 1.89 ], [ -70.92, 1.88 ], [ -70.92, 1.87 ], [ -70.93, 1.87 ], [ -70.94, 1.87 ], [ -70.94, 1.86 ], [ -70.95, 1.86 ], [ -70.96, 1.85 ], [ -70.96, 1.84 ], [ -70.97, 1.84 ], [ -70.98, 1.84 ], [ -70.98, 1.83 ], [ -70.99, 1.83 ], [ -70.99, 1.82 ], [ -71.0, 1.82 ], [ -71.01, 1.82 ], [ -71.02, 1.82 ], [ -71.02, 1.81 ], [ -71.04, 1.81 ], [ -71.05, 1.81 ], [ -71.05, 1.8 ], [ -71.06, 1.8 ], [ -71.07, 1.81 ], [ -71.08, 1.8 ], [ -71.09, 1.8 ], [ -71.09, 1.79 ], [ -71.09, 1.78 ], [ -71.1, 1.78 ], [ -71.11, 1.78 ], [ -71.12, 1.78 ], [ -71.13, 1.78 ], [ -71.13, 1.77 ], [ -71.14, 1.77 ], [ -71.14, 1.76 ], [ -71.15, 1.76 ], [ -71.16, 1.76 ], [ -71.17, 1.76 ], [ -71.17, 1.75 ], [ -71.2, 1.73 ], [ -71.2, 1.72 ], [ -71.21, 1.71 ], [ -71.21, 1.7 ], [ -71.22, 1.7 ], [ -71.23, 1.69 ], [ -71.24, 1.68 ], [ -71.25, 1.67 ], [ -71.26, 1.67 ], [ -71.27, 1.68 ], [ -71.28, 1.68 ], [ -71.29, 1.69 ], [ -71.3, 1.7 ], [ -71.31, 1.7 ], [ -71.31, 1.71 ], [ -71.32, 1.71 ], [ -71.33, 1.71 ], [ -71.34, 1.72 ], [ -71.35, 1.73 ], [ -71.36, 1.73 ], [ -71.37, 1.73 ], [ -71.37, 1.74 ], [ -71.38, 1.73 ], [ -71.39, 1.74 ], [ -71.4, 1.73 ], [ -71.4, 1.72 ], [ -71.4, 1.7 ], [ -71.4, 1.67 ], [ -71.39, 1.66 ], [ -71.39, 1.65 ], [ -71.4, 1.63 ], [ -71.39, 1.62 ], [ -71.39, 1.61 ], [ -71.39, 1.6 ], [ -71.41, 1.57 ], [ -71.42, 1.57 ], [ -71.43, 1.56 ], [ -71.44, 1.55 ], [ -71.44, 1.53 ], [ -71.44, 1.51 ], [ -71.45, 1.5 ], [ -71.45, 1.49 ], [ -71.46, 1.46 ], [ -71.48, 1.45 ], [ -71.48, 1.44 ], [ -71.48, 1.43 ], [ -71.48, 1.42 ], [ -71.48, 1.41 ], [ -71.48, 1.4 ], [ -71.48, 1.39 ], [ -71.49, 1.39 ], [ -71.49, 1.38 ], [ -71.49, 1.37 ], [ -71.49, 1.36 ], [ -71.5, 1.36 ], [ -71.51, 1.35 ], [ -71.5, 1.35 ], [ -71.5, 1.34 ], [ -71.51, 1.34 ], [ -71.51, 1.33 ], [ -71.52, 1.32 ], [ -71.52, 1.31 ], [ -71.52, 1.3 ], [ -71.52, 1.29 ], [ -71.53, 1.29 ], [ -71.53, 1.28 ], [ -71.54, 1.27 ], [ -71.55, 1.28 ], [ -71.55, 1.27 ], [ -71.55, 1.26 ], [ -71.54, 1.26 ], [ -71.54, 1.25 ], [ -71.54, 1.24 ], [ -71.54, 1.23 ], [ -71.54, 1.22 ], [ -71.55, 1.22 ], [ -71.55, 1.21 ], [ -71.54, 1.21 ], [ -71.53, 1.21 ], [ -71.53, 1.2 ], [ -71.53, 1.19 ], [ -71.53, 1.18 ], [ -71.52, 1.18 ], [ -71.52, 1.17 ], [ -71.52, 1.16 ], [ -71.51, 1.16 ], [ -71.51, 1.15 ], [ -71.51, 1.14 ], [ -71.5, 1.13 ], [ -71.49, 1.13 ], [ -71.49, 1.12 ], [ -71.48, 1.11 ], [ -71.49, 1.11 ], [ -71.5, 1.1 ], [ -71.52, 1.11 ], [ -71.54, 1.12 ], [ -71.54, 1.11 ], [ -71.55, 1.11 ], [ -71.56, 1.13 ], [ -71.57, 1.13 ], [ -71.58, 1.13 ], [ -71.58, 1.12 ], [ -71.57, 1.12 ], [ -71.58, 1.11 ], [ -71.58, 1.1 ], [ -71.57, 1.1 ], [ -71.57, 1.09 ], [ -71.58, 1.09 ], [ -71.58, 1.08 ], [ -71.58, 1.07 ], [ -71.58, 1.06 ], [ -71.59, 1.06 ], [ -71.59, 1.05 ], [ -71.6, 1.05 ], [ -71.6, 1.04 ], [ -71.61, 1.04 ], [ -71.62, 1.04 ], [ -71.62, 1.02 ], [ -71.63, 1.02 ], [ -71.63, 1.01 ], [ -71.64, 1.01 ], [ -71.64, 1.0 ], [ -71.64, 0.99 ], [ -71.65, 0.99 ], [ -71.65, 0.98 ], [ -71.66, 0.98 ], [ -71.67, 0.97 ], [ -71.68, 0.97 ], [ -71.69, 0.97 ], [ -71.69, 0.98 ], [ -71.7, 0.98 ], [ -71.71, 0.98 ], [ -71.71, 0.99 ], [ -71.72, 0.98 ], [ -71.74, 0.98 ], [ -71.75, 0.97 ], [ -71.76, 0.96 ], [ -71.77, 0.96 ], [ -71.77, 0.95 ], [ -71.77, 0.94 ], [ -71.77, 0.93 ], [ -71.77, 0.91 ], [ -71.79, 0.9 ], [ -71.8, 0.89 ], [ -72.03, 0.66 ], [ -72.02, 0.66 ], [ -72.02, 0.65 ], [ -72.01, 0.65 ], [ -72.0, 0.66 ], [ -71.99, 0.64 ], [ -71.99, 0.63 ], [ -71.98, 0.63 ], [ -71.98, 0.62 ], [ -71.99, 0.61 ], [ -72.01, 0.6 ], [ -72.01, 0.59 ], [ -71.99, 0.59 ], [ -71.99, 0.58 ], [ -71.99, 0.56 ], [ -71.98, 0.56 ], [ -71.96, 0.56 ], [ -71.95, 0.54 ], [ -71.94, 0.55 ], [ -71.94, 0.56 ], [ -71.93, 0.55 ], [ -71.93, 0.54 ], [ -71.92, 0.53 ], [ -71.91, 0.51 ], [ -71.93, 0.5 ], [ -71.93, 0.49 ], [ -71.92, 0.48 ], [ -71.91, 0.48 ], [ -71.9, 0.47 ], [ -71.92, 0.46 ], [ -71.92, 0.45 ], [ -71.9, 0.44 ], [ -71.89, 0.45 ], [ -71.89, 0.46 ], [ -71.89, 0.47 ], [ -71.87, 0.46 ], [ -71.86, 0.46 ], [ -71.85, 0.44 ], [ -71.85, 0.43 ], [ -71.85, 0.42 ], [ -71.85, 0.41 ], [ -71.84, 0.41 ], [ -71.83, 0.4 ], [ -71.84, 0.4 ], [ -71.83, 0.37 ], [ -71.84, 0.36 ], [ -71.85, 0.36 ], [ -71.85, 0.35 ], [ -71.83, 0.34 ], [ -71.82, 0.34 ], [ -71.81, 0.35 ], [ -71.8, 0.36 ], [ -71.81, 0.37 ], [ -71.79, 0.36 ], [ -71.78, 0.36 ], [ -71.77, 0.37 ], [ -71.77, 0.36 ], [ -71.77, 0.35 ], [ -71.79, 0.35 ], [ -71.79, 0.34 ], [ -71.78, 0.33 ], [ -71.77, 0.33 ], [ -71.75, 0.33 ], [ -71.75, 0.3 ], [ -71.75, 0.29 ], [ -71.74, 0.29 ], [ -71.73, 0.29 ], [ -71.73, 0.28 ], [ -71.7, 0.24 ], [ -71.66, 0.22 ], [ -71.64, 0.21 ], [ -71.62, 0.22 ], [ -71.63, 0.2 ], [ -71.62, 0.2 ], [ -71.62, 0.19 ], [ -71.63, 0.19 ], [ -71.62, 0.18 ], [ -71.61, 0.18 ], [ -71.59, 0.2 ], [ -71.58, 0.2 ], [ -71.58, 0.18 ], [ -71.59, 0.17 ], [ -71.58, 0.16 ], [ -71.57, 0.17 ], [ -71.56, 0.17 ], [ -71.55, 0.17 ], [ -71.53, 0.17 ], [ -71.53, 0.16 ], [ -71.53, 0.15 ], [ -71.53, 0.14 ], [ -71.54, 0.14 ], [ -71.55, 0.13 ], [ -71.54, 0.12 ], [ -71.53, 0.12 ], [ -71.52, 0.13 ], [ -71.51, 0.13 ], [ -71.5, 0.13 ], [ -71.49, 0.15 ], [ -71.48, 0.15 ], [ -71.48, 0.17 ], [ -71.48, 0.18 ], [ -71.47, 0.18 ], [ -71.46, 0.18 ], [ -71.46, 0.17 ], [ -71.46, 0.16 ], [ -71.47, 0.16 ], [ -71.47, 0.15 ], [ -71.46, 0.15 ], [ -71.45, 0.14 ], [ -71.44, 0.14 ], [ -71.43, 0.14 ], [ -71.42, 0.14 ], [ -71.41, 0.15 ], [ -71.4, 0.16 ], [ -71.4, 0.17 ], [ -71.4, 0.18 ], [ -71.39, 0.18 ], [ -71.38, 0.17 ], [ -71.37, 0.17 ], [ -71.37, 0.16 ], [ -71.37, 0.15 ], [ -71.37, 0.14 ], [ -71.35, 0.14 ], [ -71.34, 0.14 ], [ -71.34, 0.15 ], [ -71.33, 0.15 ], [ -71.32, 0.14 ], [ -71.32, 0.13 ], [ -71.33, 0.12 ], [ -71.33, 0.11 ], [ -71.31, 0.1 ], [ -71.29, 0.1 ], [ -71.29, 0.09 ], [ -71.3, 0.07 ], [ -71.29, 0.07 ], [ -71.28, 0.07 ], [ -71.26, 0.07 ], [ -71.25, 0.06 ], [ -71.24, 0.07 ], [ -71.23, 0.07 ], [ -71.23, 0.06 ], [ -71.22, 0.06 ], [ -71.2, 0.07 ], [ -71.2, 0.08 ], [ -71.19, 0.08 ], [ -71.19, 0.09 ], [ -71.19, 0.1 ], [ -71.18, 0.1 ], [ -71.17, 0.09 ], [ -71.16, 0.07 ], [ -71.15, 0.06 ], [ -71.15, 0.05 ], [ -71.15, 0.04 ], [ -71.14, 0.03 ], [ -71.14, 0.01 ], [ -71.13, 0.0 ], [ -71.12, 0.01 ], [ -71.11, 0.02 ], [ -71.1, 0.03 ], [ -71.1, 0.02 ], [ -71.1, 0.0 ], [ -71.1, -0.01 ], [ -71.09, -0.01 ], [ -71.08, 0.0 ], [ -71.06, -0.01 ], [ -71.05, 0.0 ], [ -71.04, 0.0 ], [ -71.04, -0.01 ], [ -71.04, -0.02 ], [ -71.05, -0.02 ], [ -71.05, -0.03 ], [ -71.03, -0.05 ], [ -71.02, -0.05 ], [ -71.01, -0.04 ], [ -71.02, -0.03 ], [ -71.02, -0.02 ], [ -71.02, -0.01 ], [ -71.0, 0.0 ], [ -70.99, 0.0 ], [ -70.97, -0.01 ], [ -70.97, -0.03 ], [ -70.96, -0.04 ], [ -70.94, -0.04 ], [ -70.93, -0.05 ], [ -70.93, -0.06 ], [ -70.93, -0.07 ], [ -70.93, -0.08 ], [ -70.93, -0.09 ], [ -70.92, -0.09 ], [ -70.92, -0.1 ], [ -70.9, -0.1 ], [ -70.89, -0.11 ], [ -70.89, -0.12 ], [ -70.9, -0.13 ], [ -70.91, -0.13 ], [ -70.91, -0.12 ], [ -70.92, -0.12 ], [ -70.93, -0.13 ], [ -70.95, -0.14 ], [ -70.95, -0.15 ], [ -70.94, -0.16 ], [ -70.93, -0.17 ], [ -70.92, -0.18 ], [ -70.92, -0.2 ], [ -70.89, -0.21 ], [ -70.88, -0.21 ], [ -70.88, -0.23 ], [ -70.87, -0.24 ], [ -70.87, -0.26 ], [ -70.88, -0.28 ], [ -70.87, -0.29 ], [ -70.86, -0.31 ], [ -70.86, -0.32 ], [ -70.84, -0.33 ], [ -70.84, -0.34 ], [ -70.83, -0.35 ], [ -70.83, -0.36 ], [ -70.83, -0.37 ], [ -70.81, -0.36 ], [ -70.81, -0.35 ], [ -70.78, -0.34 ], [ -70.76, -0.33 ], [ -70.76, -0.32 ], [ -70.78, -0.32 ], [ -70.78, -0.31 ], [ -70.77, -0.3 ], [ -70.76, -0.29 ], [ -70.75, -0.29 ], [ -70.74, -0.29 ], [ -70.73, -0.29 ], [ -70.72, -0.31 ], [ -70.69, -0.33 ], [ -70.68, -0.35 ], [ -70.67, -0.35 ], [ -70.66, -0.33 ], [ -70.64, -0.32 ], [ -70.63, -0.32 ], [ -70.62, -0.34 ], [ -70.61, -0.34 ], [ -70.61, -0.35 ], [ -70.6, -0.37 ], [ -70.59, -0.38 ], [ -70.58, -0.39 ], [ -70.57, -0.39 ], [ -70.56, -0.37 ], [ -70.56, -0.36 ], [ -70.55, -0.36 ], [ -70.53, -0.37 ], [ -70.53, -0.36 ], [ -70.52, -0.36 ], [ -70.51, -0.37 ], [ -70.5, -0.39 ], [ -70.48, -0.4 ], [ -70.47, -0.42 ], [ -70.46, -0.43 ], [ -70.45, -0.44 ], [ -70.45, -0.45 ], [ -70.45, -0.46 ], [ -70.46, -0.47 ], [ -70.46, -0.48 ], [ -70.46, -0.49 ], [ -70.46, -0.5 ], [ -70.45, -0.49 ], [ -70.44, -0.48 ], [ -70.41, -0.46 ], [ -70.4, -0.46 ], [ -70.39, -0.46 ], [ -70.39, -0.47 ], [ -70.38, -0.49 ], [ -70.38, -0.5 ], [ -70.36, -0.5 ], [ -70.34, -0.5 ], [ -70.33, -0.5 ], [ -70.32, -0.49 ], [ -70.32, -0.48 ], [ -70.32, -0.47 ], [ -70.33, -0.47 ], [ -70.34, -0.47 ], [ -70.35, -0.47 ], [ -70.36, -0.46 ], [ -70.37, -0.46 ], [ -70.37, -0.45 ], [ -70.36, -0.45 ], [ -70.35, -0.45 ], [ -70.33, -0.44 ], [ -70.32, -0.44 ], [ -70.31, -0.44 ], [ -70.3, -0.43 ], [ -70.3, -0.42 ], [ -70.29, -0.41 ], [ -70.28, -0.41 ], [ -70.27, -0.42 ], [ -70.25, -0.45 ], [ -70.24, -0.45 ], [ -70.22, -0.44 ], [ -70.21, -0.44 ], [ -70.2, -0.46 ], [ -70.2, -0.47 ], [ -70.21, -0.48 ], [ -70.23, -0.47 ], [ -70.24, -0.47 ], [ -70.25, -0.49 ], [ -70.26, -0.5 ], [ -70.28, -0.51 ], [ -70.29, -0.51 ], [ -70.32, -0.55 ], [ -70.33, -0.56 ], [ -70.33, -0.57 ], [ -70.32, -0.58 ], [ -70.32, -0.59 ], [ -70.31, -0.59 ], [ -70.3, -0.58 ], [ -70.3, -0.57 ], [ -70.3, -0.56 ], [ -70.29, -0.56 ], [ -70.28, -0.56 ], [ -70.27, -0.58 ], [ -70.26, -0.6 ], [ -70.26, -0.62 ], [ -70.25, -0.63 ], [ -70.26, -0.64 ], [ -70.26, -0.65 ], [ -70.25, -0.67 ], [ -70.26, -0.7 ], [ -70.26, -0.71 ], [ -70.26, -0.72 ], [ -70.25, -0.73 ], [ -70.25, -0.74 ], [ -70.26, -0.75 ], [ -70.28, -0.75 ], [ -70.29, -0.75 ], [ -70.29, -0.76 ], [ -70.3, -0.79 ], [ -70.29, -0.81 ], [ -70.28, -0.82 ], [ -70.26, -0.83 ], [ -70.25, -0.84 ], [ -70.24, -0.87 ], [ -70.22, -0.88 ], [ -70.22, -0.89 ], [ -70.23, -0.9 ], [ -70.25, -0.91 ], [ -70.26, -0.93 ], [ -70.26, -0.94 ], [ -70.27, -0.94 ], [ -70.29, -0.93 ], [ -70.3, -0.94 ], [ -70.3, -0.95 ], [ -70.31, -0.96 ], [ -70.3, -0.98 ], [ -70.28, -1.0 ], [ -70.27, -1.01 ], [ -70.25, -1.02 ], [ -70.24, -1.02 ], [ -70.23, -1.01 ], [ -70.23, -0.99 ], [ -70.22, -0.99 ], [ -70.2, -0.98 ], [ -70.2, -0.99 ], [ -70.2, -1.01 ], [ -70.22, -1.03 ], [ -70.23, -1.04 ], [ -70.23, -1.05 ], [ -70.22, -1.06 ], [ -70.22, -1.07 ], [ -70.2, -1.07 ], [ -70.18, -1.07 ], [ -70.18, -1.08 ], [ -70.18, -1.1 ], [ -70.17, -1.11 ], [ -70.15, -1.12 ], [ -70.14, -1.12 ], [ -70.13, -1.11 ], [ -70.12, -1.1 ], [ -70.11, -1.08 ], [ -70.09, -1.05 ], [ -70.08, -1.04 ], [ -70.08, -1.02 ], [ -70.09, -1.01 ], [ -70.1, -1.01 ], [ -70.11, -1.01 ], [ -70.12, -1.02 ], [ -70.13, -1.02 ], [ -70.14, -1.01 ], [ -70.14, -1.0 ], [ -70.14, -0.99 ], [ -70.12, -0.97 ], [ -70.11, -0.96 ], [ -70.08, -0.95 ], [ -70.07, -0.95 ], [ -70.06, -0.96 ], [ -70.05, -0.97 ], [ -70.04, -0.98 ], [ -70.03, -0.98 ], [ -70.02, -0.97 ], [ -70.03, -0.95 ], [ -70.02, -0.94 ], [ -70.01, -0.94 ], [ -70.0, -0.95 ], [ -70.01, -0.96 ], [ -70.01, -0.97 ], [ -70.0, -0.97 ], [ -70.0, -0.98 ], [ -69.99, -0.98 ], [ -69.96, -0.97 ], [ -69.95, -0.96 ], [ -69.95, -0.95 ], [ -69.94, -0.95 ], [ -69.91, -0.96 ], [ -69.9, -0.97 ], [ -69.91, -0.98 ], [ -69.92, -0.97 ], [ -69.95, -1.0 ], [ -69.95, -1.01 ], [ -69.94, -1.02 ], [ -69.94, -1.03 ], [ -69.94, -1.04 ], [ -69.95, -1.04 ], [ -69.96, -1.05 ], [ -69.97, -1.07 ], [ -69.97, -1.08 ], [ -69.96, -1.09 ], [ -69.95, -1.1 ], [ -69.94, -1.1 ], [ -69.91, -1.08 ], [ -69.89, -1.08 ], [ -69.88, -1.08 ], [ -69.87, -1.07 ], [ -69.85, -1.04 ], [ -69.84, -1.03 ], [ -69.83, -1.03 ], [ -69.82, -1.03 ], [ -69.81, -1.04 ], [ -69.79, -1.07 ], [ -69.78, -1.09 ], [ -69.77, -1.1 ], [ -69.76, -1.1 ], [ -69.75, -1.1 ], [ -69.74, -1.09 ], [ -69.74, -1.08 ], [ -69.75, -1.08 ], [ -69.76, -1.07 ], [ -69.76, -1.06 ], [ -69.77, -1.05 ], [ -69.77, -1.04 ], [ -69.76, -1.03 ], [ -69.75, -1.03 ], [ -69.74, -1.03 ], [ -69.74, -1.04 ], [ -69.73, -1.04 ], [ -69.7, -1.05 ], [ -69.7, -1.06 ], [ -69.68, -1.08 ], [ -69.66, -1.1 ], [ -69.65, -1.12 ], [ -69.65, -1.13 ], [ -69.66, -1.13 ], [ -69.66, -1.12 ], [ -69.68, -1.12 ], [ -69.68, -1.15 ], [ -69.68, -1.19 ], [ -69.68, -1.2 ], [ -69.67, -1.22 ], [ -69.67, -1.23 ], [ -69.66, -1.23 ], [ -69.65, -1.23 ], [ -69.64, -1.22 ], [ -69.64, -1.21 ], [ -69.63, -1.2 ], [ -69.64, -1.17 ], [ -69.63, -1.17 ], [ -69.61, -1.16 ], [ -69.6, -1.15 ], [ -69.59, -1.15 ], [ -69.58, -1.15 ], [ -69.58, -1.16 ], [ -69.56, -1.19 ], [ -69.55, -1.19 ], [ -69.54, -1.19 ], [ -69.51, -1.22 ], [ -69.49, -1.22 ], [ -69.48, -1.21 ], [ -69.47, -1.21 ], [ -69.47, -1.2 ], [ -69.47, -1.19 ], [ -69.47, -1.17 ], [ -69.47, -1.16 ], [ -69.48, -1.16 ], [ -69.49, -1.16 ], [ -69.49, -1.15 ], [ -69.48, -1.15 ], [ -69.47, -1.15 ], [ -69.47, -1.14 ], [ -69.46, -1.14 ], [ -69.46, -1.13 ], [ -69.47, -1.1 ], [ -69.47, -1.09 ], [ -69.46, -1.08 ], [ -69.45, -1.07 ], [ -69.43, -1.07 ], [ -69.43, -1.06 ], [ -69.42, -1.05 ], [ -69.43, -1.04 ], [ -69.44, -1.03 ], [ -69.44, -1.02 ], [ -69.43, -1.02 ], [ -69.43, -1.01 ], [ -69.42, -1.01 ], [ -69.42, -1.0 ], [ -69.43, -1.0 ], [ -69.44, -1.0 ], [ -69.44, -0.99 ], [ -69.45, -0.99 ], [ -69.46, -0.99 ], [ -69.47, -0.98 ], [ -69.46, -0.98 ], [ -69.46, -0.97 ], [ -69.47, -0.97 ], [ -69.47, -0.96 ], [ -69.48, -0.96 ], [ -69.48, -0.95 ], [ -69.49, -0.95 ], [ -69.5, -0.95 ], [ -69.5, -0.94 ], [ -69.51, -0.94 ], [ -69.51, -0.93 ], [ -69.52, -0.93 ], [ -69.53, -0.92 ], [ -69.53, -0.91 ], [ -69.53, -0.9 ], [ -69.53, -0.89 ], [ -69.52, -0.89 ], [ -69.52, -0.88 ], [ -69.52, -0.87 ], [ -69.53, -0.87 ], [ -69.53, -0.86 ], [ -69.54, -0.86 ], [ -69.55, -0.86 ], [ -69.55, -0.85 ], [ -69.56, -0.85 ], [ -69.57, -0.84 ], [ -69.57, -0.83 ], [ -69.56, -0.83 ], [ -69.56, -0.82 ], [ -69.56, -0.81 ], [ -69.57, -0.81 ], [ -69.57, -0.8 ], [ -69.58, -0.8 ], [ -69.58, -0.79 ], [ -69.59, -0.79 ], [ -69.59, -0.78 ], [ -69.6, -0.78 ], [ -69.6, -0.77 ], [ -69.61, -0.77 ], [ -69.61, -0.76 ], [ -69.61, -0.75 ], [ -69.62, -0.75 ], [ -69.62, -0.74 ], [ -69.62, -0.73 ], [ -69.61, -0.73 ], [ -69.61, -0.72 ], [ -69.6, -0.72 ], [ -69.6, -0.71 ], [ -69.6, -0.7 ], [ -69.6, -0.69 ], [ -69.59, -0.69 ], [ -69.59, -0.68 ], [ -69.58, -0.68 ], [ -69.58, -0.67 ], [ -69.58, -0.66 ], [ -69.57, -0.66 ], [ -69.57, -0.65 ], [ -69.57, -0.64 ], [ -69.56, -0.64 ], [ -69.57, -0.63 ], [ -69.57, -0.62 ], [ -69.58, -0.62 ], [ -69.58, -0.61 ], [ -69.59, -0.61 ], [ -69.59, -0.6 ], [ -69.6, -0.6 ], [ -69.6, -0.59 ], [ -69.6, -0.58 ], [ -69.6, -0.57 ], [ -69.59, -0.57 ], [ -69.59, -0.56 ], [ -69.59, -0.55 ], [ -69.6, -0.55 ], [ -69.6, -0.54 ], [ -69.61, -0.54 ], [ -69.61, -0.53 ], [ -69.61, -0.52 ], [ -69.61, -0.51 ], [ -69.61, -0.5 ], [ -69.62, -0.5 ], [ -69.63, -0.5 ], [ -69.63, -0.49 ], [ -69.64, -0.49 ], [ -69.64, -0.48 ], [ -69.65, -0.48 ], [ -69.66, -0.47 ], [ -69.67, -0.47 ], [ -69.68, -0.47 ], [ -69.68, -0.46 ], [ -69.69, -0.46 ], [ -69.69, -0.45 ], [ -69.7, -0.45 ], [ -69.71, -0.45 ], [ -69.72, -0.45 ], [ -69.73, -0.45 ], [ -69.73, -0.44 ], [ -69.74, -0.44 ], [ -69.74, -0.43 ], [ -69.74, -0.42 ], [ -69.75, -0.42 ], [ -69.75, -0.41 ], [ -69.76, -0.4 ], [ -69.77, -0.4 ], [ -69.77, -0.39 ], [ -69.78, -0.39 ], [ -69.79, -0.39 ], [ -69.79, -0.38 ], [ -69.8, -0.38 ], [ -69.81, -0.37 ], [ -69.82, -0.37 ], [ -69.83, -0.37 ], [ -69.83, -0.36 ], [ -69.83, -0.35 ], [ -69.84, -0.35 ], [ -69.84, -0.34 ], [ -69.85, -0.34 ], [ -69.86, -0.34 ], [ -69.87, -0.34 ], [ -69.88, -0.34 ], [ -69.89, -0.34 ], [ -69.9, -0.34 ], [ -69.92, -0.33 ], [ -69.92, -0.32 ], [ -69.93, -0.32 ], [ -69.93, -0.31 ], [ -69.94, -0.3 ], [ -69.94, -0.29 ], [ -69.95, -0.29 ], [ -69.95, -0.28 ], [ -69.96, -0.28 ], [ -69.96, -0.27 ], [ -69.97, -0.27 ], [ -69.98, -0.25 ], [ -69.99, -0.24 ], [ -69.99, -0.23 ], [ -70.0, -0.22 ], [ -70.02, -0.21 ], [ -70.03, -0.21 ], [ -70.04, -0.2 ], [ -70.04, -0.19 ], [ -70.05, -0.19 ], [ -70.06, -0.18 ], [ -70.06, -0.17 ], [ -70.06, -0.16 ], [ -70.05, -0.14 ], [ -70.05, -0.13 ], [ -70.04, -0.12 ], [ -70.05, -0.11 ], [ -70.05, 0.56 ], [ -70.04, 0.57 ], [ -70.03, 0.56 ], [ -70.02, 0.56 ], [ -70.02, 0.55 ], [ -70.01, 0.55 ], [ -70.0, 0.55 ], [ -70.0, 0.56 ], [ -69.99, 0.56 ], [ -69.99, 0.57 ], [ -69.98, 0.57 ], [ -69.98, 0.58 ], [ -69.97, 0.58 ], [ -69.96, 0.57 ], [ -69.96, 0.56 ], [ -69.95, 0.56 ], [ -69.94, 0.56 ], [ -69.94, 0.55 ], [ -69.93, 0.56 ], [ -69.92, 0.57 ], [ -69.92, 0.58 ], [ -69.92, 0.59 ], [ -69.91, 0.59 ], [ -69.91, 0.58 ], [ -69.9, 0.58 ], [ -69.9, 0.59 ], [ -69.89, 0.59 ], [ -69.89, 0.58 ], [ -69.88, 0.58 ], [ -69.87, 0.58 ], [ -69.86, 0.58 ], [ -69.86, 0.59 ], [ -69.85, 0.59 ], [ -69.84, 0.59 ], [ -69.83, 0.59 ], [ -69.82, 0.59 ], [ -69.81, 0.59 ], [ -69.81, 0.58 ], [ -69.8, 0.57 ], [ -69.8, 0.58 ], [ -69.79, 0.58 ], [ -69.79, 0.59 ], [ -69.78, 0.6 ], [ -69.76, 0.6 ], [ -69.76, 0.61 ], [ -69.75, 0.62 ], [ -69.74, 0.61 ], [ -69.73, 0.61 ], [ -69.72, 0.62 ], [ -69.72, 0.63 ], [ -69.72, 0.64 ], [ -69.71, 0.64 ], [ -69.71, 0.65 ], [ -69.7, 0.65 ], [ -69.7, 0.66 ], [ -69.69, 0.66 ], [ -69.67, 0.67 ], [ -69.66, 0.67 ], [ -69.64, 0.66 ], [ -69.64, 0.64 ], [ -69.63, 0.64 ], [ -69.63, 0.63 ], [ -69.62, 0.63 ], [ -69.61, 0.63 ], [ -69.6, 0.64 ], [ -69.59, 0.64 ], [ -69.59, 0.65 ], [ -69.6, 0.65 ], [ -69.59, 0.66 ], [ -69.58, 0.66 ], [ -69.57, 0.67 ], [ -69.57, 0.68 ], [ -69.56, 0.68 ], [ -69.55, 0.68 ], [ -69.54, 0.68 ], [ -69.53, 0.69 ], [ -69.53, 0.7 ], [ -69.51, 0.71 ], [ -69.5, 0.72 ], [ -69.49, 0.73 ], [ -69.48, 0.74 ], [ -69.47, 0.73 ], [ -69.46, 0.74 ], [ -69.46, 0.73 ], [ -69.46, 0.72 ], [ -69.45, 0.72 ], [ -69.44, 0.72 ], [ -69.43, 0.71 ], [ -69.44, 0.7 ], [ -69.43, 0.7 ], [ -69.43, 0.69 ], [ -69.42, 0.69 ], [ -69.41, 0.68 ], [ -69.4, 0.66 ], [ -69.39, 0.66 ], [ -69.37, 0.64 ], [ -69.35, 0.62 ], [ -69.35, 0.63 ], [ -69.34, 0.63 ], [ -69.34, 0.64 ], [ -69.33, 0.64 ], [ -69.32, 0.64 ], [ -69.3, 0.65 ], [ -69.29, 0.65 ], [ -69.29, 0.64 ], [ -69.28, 0.62 ], [ -69.29, 0.61 ], [ -69.28, 0.6 ], [ -69.27, 0.6 ], [ -69.27, 0.61 ], [ -69.26, 0.61 ], [ -69.25, 0.61 ], [ -69.24, 0.61 ], [ -69.24, 0.6 ], [ -69.23, 0.6 ], [ -69.22, 0.61 ], [ -69.21, 0.61 ], [ -69.2, 0.61 ], [ -69.2, 0.62 ], [ -69.2, 0.63 ], [ -69.2, 0.64 ], [ -69.2, 0.65 ], [ -69.19, 0.65 ], [ -69.18, 0.66 ], [ -69.16, 0.65 ], [ -69.15, 0.65 ], [ -69.14, 0.65 ], [ -69.13, 0.65 ], [ -69.13, 0.64 ], [ -69.12, 0.64 ], [ -69.12, 0.65 ], [ -69.13, 0.66 ], [ -69.14, 0.69 ], [ -69.15, 0.71 ], [ -69.17, 0.71 ], [ -69.18, 0.71 ], [ -69.19, 0.74 ], [ -69.19, 0.75 ], [ -69.18, 0.75 ], [ -69.18, 0.76 ], [ -69.17, 0.76 ], [ -69.16, 0.76 ], [ -69.15, 0.77 ], [ -69.15, 0.78 ], [ -69.15, 0.79 ], [ -69.16, 0.8 ], [ -69.16, 0.81 ], [ -69.17, 0.81 ], [ -69.17, 0.82 ], [ -69.17, 0.84 ], [ -69.17, 0.85 ], [ -69.16, 0.85 ], [ -69.15, 0.85 ], [ -69.14, 0.85 ], [ -69.14, 0.87 ], [ -69.14, 0.88 ], [ -69.15, 0.88 ], [ -69.18, 0.9 ], [ -69.19, 0.9 ], [ -69.19, 0.91 ], [ -69.19, 0.92 ], [ -69.19, 0.93 ], [ -69.18, 0.94 ], [ -69.17, 0.94 ], [ -69.17, 0.95 ], [ -69.19, 0.96 ], [ -69.21, 0.96 ], [ -69.21, 0.97 ], [ -69.22, 0.97 ], [ -69.22, 0.98 ], [ -69.2, 0.99 ], [ -69.21, 1.0 ], [ -69.21, 1.01 ], [ -69.21, 1.02 ], [ -69.23, 1.02 ], [ -69.23, 1.04 ], [ -69.24, 1.04 ], [ -69.25, 1.05 ], [ -69.27, 1.05 ], [ -69.28, 1.05 ], [ -69.29, 1.05 ], [ -69.29, 1.06 ], [ -69.3, 1.06 ], [ -69.31, 1.07 ], [ -69.31, 1.08 ], [ -69.32, 1.08 ], [ -69.32, 1.09 ], [ -69.33, 1.09 ], [ -69.33, 1.08 ], [ -69.34, 1.08 ], [ -69.35, 1.08 ], [ -69.36, 1.08 ], [ -69.37, 1.08 ], [ -69.38, 1.08 ], [ -69.38, 1.07 ], [ -69.4, 1.06 ], [ -69.4, 1.05 ], [ -69.41, 1.04 ], [ -69.42, 1.04 ], [ -69.43, 1.04 ], [ -69.44, 1.05 ], [ -69.44, 1.06 ], [ -69.44, 1.07 ], [ -69.45, 1.07 ], [ -69.46, 1.08 ], [ -69.47, 1.07 ], [ -69.48, 1.07 ], [ -69.49, 1.08 ], [ -69.51, 1.07 ], [ -69.52, 1.07 ], [ -69.53, 1.07 ], [ -69.54, 1.07 ], [ -69.56, 1.06 ], [ -69.57, 1.06 ], [ -69.6, 1.09 ], [ -69.61, 1.1 ], [ -69.62, 1.09 ], [ -69.63, 1.08 ], [ -69.64, 1.09 ], [ -69.65, 1.08 ], [ -69.67, 1.08 ], [ -69.67, 1.07 ], [ -69.68, 1.07 ], [ -69.69, 1.07 ], [ -69.7, 1.07 ], [ -69.71, 1.09 ], [ -69.7, 1.12 ], [ -69.71, 1.12 ], [ -69.72, 1.11 ], [ -69.74, 1.11 ], [ -69.75, 1.11 ], [ -69.77, 1.1 ], [ -69.79, 1.09 ], [ -69.8, 1.07 ], [ -69.81, 1.06 ], [ -69.82, 1.06 ], [ -69.84, 1.08 ], [ -69.85, 1.08 ], [ -69.85, 1.71 ], [ -69.86, 1.71 ], [ -69.87, 1.71 ], [ -69.87, 1.72 ], [ -69.88, 1.73 ], [ -69.89, 1.73 ], [ -69.89, 1.74 ], [ -69.9, 1.74 ], [ -69.91, 1.74 ], [ -69.92, 1.75 ], [ -69.93, 1.75 ], [ -69.95, 1.75 ], [ -69.96, 1.75 ], [ -69.98, 1.74 ], [ -69.98, 1.75 ], [ -69.99, 1.75 ], [ -70.0, 1.76 ], [ -70.02, 1.76 ], [ -70.03, 1.77 ], [ -70.05, 1.77 ], [ -70.05, 1.78 ], [ -70.07, 1.8 ], [ -70.08, 1.8 ], [ -70.08, 1.81 ], [ -70.09, 1.81 ], [ -70.1, 1.83 ], [ -70.11, 1.83 ], [ -70.12, 1.84 ], [ -70.15, 1.87 ], [ -70.17, 1.87 ], [ -70.18, 1.87 ], [ -70.18, 1.88 ], [ -70.17, 1.9 ], [ -70.17, 1.91 ], [ -70.16, 1.92 ], [ -70.16, 1.93 ], [ -70.16, 1.94 ], [ -70.14, 1.95 ], [ -70.14, 1.96 ], [ -70.14, 1.97 ], [ -70.14, 1.98 ], [ -70.13, 1.99 ], [ -70.11, 2.0 ], [ -70.11, 2.01 ], [ -70.11, 2.02 ], [ -70.12, 2.03 ], [ -70.12, 2.05 ], [ -70.12, 2.06 ], [ -70.11, 2.07 ], [ -70.11, 2.08 ], [ -70.12, 2.08 ] ], [ [ -71.94, 0.56 ], [ -71.95, 0.56 ], [ -71.94, 0.57 ], [ -71.94, 0.56 ] ], [ [ -71.73, 0.29 ], [ -71.73, 0.3 ], [ -71.73, 0.31 ], [ -71.71, 0.31 ], [ -71.71, 0.32 ], [ -71.7, 0.31 ], [ -71.7, 0.3 ], [ -71.71, 0.29 ], [ -71.72, 0.29 ], [ -71.73, 0.29 ] ], [ [ -71.58, 0.2 ], [ -71.58, 0.21 ], [ -71.57, 0.22 ], [ -71.56, 0.22 ], [ -71.56, 0.21 ], [ -71.57, 0.2 ], [ -71.58, 0.2 ] ], [ [ -69.99, 0.57 ], [ -70.0, 0.57 ], [ -69.99, 0.58 ], [ -69.99, 0.57 ] ] ], [ [ [ -71.54, 1.13 ], [ -71.53, 1.15 ], [ -71.53, 1.16 ], [ -71.54, 1.16 ], [ -71.56, 1.16 ], [ -71.56, 1.14 ], [ -71.54, 1.13 ] ] ], [ [ [ -71.63, 0.19 ], [ -71.64, 0.19 ], [ -71.64, 0.18 ], [ -71.63, 0.19 ] ] ] ] } },
{ "type": "Feature", "properties": { "coddepto": 99 }, "geometry": { "type": "MultiPolygon", "coordinates": [ [ [ [ -67.78, 6.29 ], [ -67.8, 6.32 ], [ -67.81, 6.32 ], [ -67.82, 6.32 ], [ -67.82, 6.31 ], [ -67.83, 6.3 ], [ -67.85, 6.29 ], [ -67.88, 6.28 ], [ -67.9, 6.26 ], [ -67.91, 6.23 ], [ -67.93, 6.23 ], [ -67.94, 6.23 ], [ -67.95, 6.21 ], [ -67.96, 6.21 ], [ -67.98, 6.21 ], [ -67.99, 6.2 ], [ -68.01, 6.2 ], [ -68.02, 6.19 ], [ -68.04, 6.19 ], [ -68.05, 6.2 ], [ -68.06, 6.21 ], [ -68.07, 6.21 ], [ -68.08, 6.22 ], [ -68.09, 6.22 ], [ -68.1, 6.22 ], [ -68.11, 6.22 ], [ -68.12, 6.22 ], [ -68.14, 6.21 ], [ -68.16, 6.21 ], [ -68.17, 6.2 ], [ -68.2, 6.21 ], [ -68.2, 6.2 ], [ -68.22, 6.2 ], [ -68.22, 6.19 ], [ -68.24, 6.19 ], [ -68.24, 6.18 ], [ -68.25, 6.17 ], [ -68.26, 6.17 ], [ -68.27, 6.16 ], [ -68.29, 6.16 ], [ -68.3, 6.16 ], [ -68.31, 6.15 ], [ -68.32, 6.15 ], [ -68.34, 6.16 ], [ -68.35, 6.17 ], [ -68.38, 6.17 ], [ -68.41, 6.18 ], [ -68.43, 6.18 ], [ -68.44, 6.18 ], [ -68.45, 6.18 ], [ -68.46, 6.19 ], [ -68.47, 6.19 ], [ -68.48, 6.18 ], [ -68.5, 6.17 ], [ -68.5, 6.16 ], [ -68.52, 6.16 ], [ -68.54, 6.14 ], [ -68.55, 6.15 ], [ -68.57, 6.16 ], [ -68.59, 6.16 ], [ -68.6, 6.14 ], [ -68.62, 6.13 ], [ -68.63, 6.12 ], [ -68.65, 6.13 ], [ -68.66, 6.12 ], [ -68.66, 6.11 ], [ -68.67, 6.11 ], [ -68.69, 6.13 ], [ -68.7, 6.13 ], [ -68.71, 6.15 ], [ -68.72, 6.15 ], [ -68.74, 6.15 ], [ -68.75, 6.15 ], [ -68.76, 6.15 ], [ -68.78, 6.15 ], [ -68.8, 6.14 ], [ -68.81, 6.16 ], [ -68.82, 6.16 ], [ -68.83, 6.16 ], [ -68.84, 6.16 ], [ -68.84, 6.15 ], [ -68.85, 6.15 ], [ -68.86, 6.15 ], [ -68.89, 6.15 ], [ -68.9, 6.15 ], [ -68.91, 6.15 ], [ -68.92, 6.15 ], [ -68.93, 6.15 ], [ -68.94, 6.15 ], [ -68.94, 6.16 ], [ -68.94, 6.17 ], [ -68.94, 6.18 ], [ -68.96, 6.19 ], [ -68.98, 6.19 ], [ -69.02, 6.18 ], [ -69.03, 6.19 ], [ -69.06, 6.2 ], [ -69.07, 6.21 ], [ -69.08, 6.21 ], [ -69.09, 6.21 ], [ -69.09, 6.2 ], [ -69.09, 6.19 ], [ -69.1, 6.19 ], [ -69.1, 6.18 ], [ -69.11, 6.18 ], [ -69.14, 6.17 ], [ -69.14, 6.16 ], [ -69.15, 6.14 ], [ -69.17, 6.14 ], [ -69.19, 6.13 ], [ -69.2, 6.13 ], [ -69.2, 6.12 ], [ -69.21, 6.11 ], [ -69.22, 6.07 ], [ -69.24, 6.06 ], [ -69.25, 6.06 ], [ -69.29, 6.06 ], [ -69.3, 6.07 ], [ -69.32, 6.1 ], [ -69.33, 6.11 ], [ -69.33, 6.12 ], [ -69.35, 6.13 ], [ -69.36, 6.13 ], [ -69.38, 6.12 ], [ -69.38, 6.11 ], [ -69.38, 6.1 ], [ -69.42, 6.1 ], [ -69.43, 6.11 ], [ -69.44, 6.1 ], [ -69.44, 6.09 ], [ -69.45, 6.08 ], [ -69.49, 6.07 ], [ -69.51, 6.05 ], [ -69.53, 6.05 ], [ -69.54, 6.04 ], [ -69.57, 6.04 ], [ -69.61, 6.04 ], [ -69.64, 6.04 ], [ -69.66, 6.04 ], [ -69.68, 6.04 ], [ -69.7, 6.05 ], [ -69.74, 6.04 ], [ -69.77, 6.05 ], [ -69.78, 6.06 ], [ -69.8, 6.06 ], [ -69.84, 6.04 ], [ -69.84, 6.03 ], [ -69.85, 6.0 ], [ -69.85, 5.98 ], [ -69.87, 5.97 ], [ -69.88, 5.97 ], [ -69.89, 5.95 ], [ -69.9, 5.94 ], [ -69.9, 5.93 ], [ -69.92, 5.91 ], [ -69.93, 5.9 ], [ -69.93, 5.88 ], [ -69.95, 5.87 ], [ -69.96, 5.86 ], [ -69.97, 5.86 ], [ -69.97, 5.85 ], [ -69.97, 5.83 ], [ -69.98, 5.81 ], [ -70.01, 5.77 ], [ -70.02, 5.76 ], [ -70.03, 5.75 ], [ -70.04, 5.75 ], [ -70.05, 5.72 ], [ -70.06, 5.7 ], [ -70.07, 5.7 ], [ -70.07, 5.69 ], [ -70.08, 5.69 ], [ -70.11, 5.65 ], [ -70.11, 5.63 ], [ -70.12, 5.63 ], [ -70.13, 5.62 ], [ -70.14, 5.61 ], [ -70.15, 5.6 ], [ -70.16, 5.6 ], [ -70.17, 5.6 ], [ -70.18, 5.6 ], [ -70.19, 5.6 ], [ -70.2, 5.6 ], [ -70.22, 5.58 ], [ -70.23, 5.58 ], [ -70.24, 5.57 ], [ -70.26, 5.56 ], [ -70.3, 5.58 ], [ -70.31, 5.57 ], [ -70.32, 5.58 ], [ -70.34, 5.57 ], [ -70.36, 5.59 ], [ -70.38, 5.57 ], [ -70.39, 5.56 ], [ -70.4, 5.56 ], [ -70.41, 5.55 ], [ -70.42, 5.55 ], [ -70.42, 5.53 ], [ -70.43, 5.53 ], [ -70.45, 5.53 ], [ -70.46, 5.52 ], [ -70.47, 5.51 ], [ -70.48, 5.51 ], [ -70.49, 5.5 ], [ -70.5, 5.5 ], [ -70.5, 5.49 ], [ -70.51, 5.48 ], [ -70.53, 5.47 ], [ -70.55, 5.45 ], [ -70.56, 5.45 ], [ -70.57, 5.44 ], [ -70.58, 5.43 ], [ -70.59, 5.43 ], [ -70.6, 5.42 ], [ -70.61, 5.41 ], [ -70.62, 5.4 ], [ -70.65, 5.38 ], [ -70.65, 5.37 ], [ -70.67, 5.37 ], [ -70.68, 5.36 ], [ -70.68, 5.35 ], [ -70.67, 5.33 ], [ -70.67, 5.32 ], [ -70.69, 5.3 ], [ -70.69, 5.28 ], [ -70.71, 5.27 ], [ -70.72, 5.27 ], [ -70.73, 5.26 ], [ -70.74, 5.25 ], [ -70.76, 5.23 ], [ -70.81, 5.2 ], [ -70.81, 5.19 ], [ -70.82, 5.19 ], [ -70.82, 5.18 ], [ -70.83, 5.17 ], [ -70.86, 5.15 ], [ -70.87, 5.14 ], [ -70.88, 5.15 ], [ -70.88, 5.14 ], [ -70.91, 5.14 ], [ -70.94, 5.12 ], [ -70.95, 5.11 ], [ -70.96, 5.1 ], [ -70.97, 5.08 ], [ -70.97, 5.07 ], [ -70.97, 5.06 ], [ -70.99, 5.04 ], [ -70.99, 5.03 ], [ -71.0, 5.0 ], [ -71.0, 4.98 ], [ -71.01, 4.98 ], [ -71.02, 4.96 ], [ -71.04, 4.94 ], [ -71.04, 4.92 ], [ -71.06, 4.91 ], [ -71.07, 4.91 ], [ -71.08, 4.9 ], [ -71.08, 2.88 ], [ -71.07, 2.88 ], [ -71.07, 2.87 ], [ -71.06, 2.86 ], [ -71.06, 2.85 ], [ -71.04, 2.85 ], [ -71.03, 2.85 ], [ -71.02, 2.85 ], [ -71.02, 2.86 ], [ -71.01, 2.86 ], [ -71.01, 2.85 ], [ -70.99, 2.83 ], [ -70.98, 2.83 ], [ -70.96, 2.84 ], [ -70.95, 2.84 ], [ -70.95, 2.83 ], [ -70.95, 2.82 ], [ -70.96, 2.8 ], [ -70.95, 2.79 ], [ -70.94, 2.79 ], [ -70.93, 2.79 ], [ -70.93, 2.82 ], [ -70.94, 2.83 ], [ -70.94, 2.84 ], [ -70.94, 2.85 ], [ -70.94, 2.86 ], [ -70.93, 2.86 ], [ -70.91, 2.85 ], [ -70.9, 2.81 ], [ -70.89, 2.8 ], [ -70.88, 2.79 ], [ -70.87, 2.8 ], [ -70.87, 2.79 ], [ -70.87, 2.78 ], [ -70.86, 2.78 ], [ -70.85, 2.8 ], [ -70.84, 2.8 ], [ -70.82, 2.81 ], [ -70.81, 2.81 ], [ -70.8, 2.8 ], [ -70.8, 2.79 ], [ -70.79, 2.78 ], [ -70.8, 2.78 ], [ -70.81, 2.77 ], [ -70.81, 2.76 ], [ -70.8, 2.76 ], [ -70.78, 2.77 ], [ -70.76, 2.77 ], [ -70.75, 2.77 ], [ -70.74, 2.78 ], [ -70.73, 2.79 ], [ -70.72, 2.8 ], [ -70.72, 2.79 ], [ -70.72, 2.78 ], [ -70.72, 2.75 ], [ -70.72, 2.74 ], [ -70.71, 2.74 ], [ -70.7, 2.74 ], [ -70.69, 2.76 ], [ -70.68, 2.78 ], [ -70.66, 2.78 ], [ -70.65, 2.79 ], [ -70.64, 2.8 ], [ -70.64, 2.82 ], [ -70.65, 2.83 ], [ -70.66, 2.84 ], [ -70.66, 2.85 ], [ -70.66, 2.86 ], [ -70.64, 2.85 ], [ -70.63, 2.83 ], [ -70.63, 2.81 ], [ -70.63, 2.8 ], [ -70.62, 2.79 ], [ -70.61, 2.8 ], [ -70.6, 2.84 ], [ -70.59, 2.84 ], [ -70.57, 2.83 ], [ -70.55, 2.82 ], [ -70.54, 2.81 ], [ -70.53, 2.8 ], [ -70.51, 2.79 ], [ -70.5, 2.79 ], [ -70.5, 2.8 ], [ -70.5, 2.81 ], [ -70.49, 2.81 ], [ -70.41, 2.83 ], [ -70.4, 2.83 ], [ -70.37, 2.85 ], [ -70.36, 2.85 ], [ -70.35, 2.86 ], [ -70.35, 2.87 ], [ -70.36, 2.9 ], [ -70.35, 2.91 ], [ -70.34, 2.92 ], [ -70.33, 2.91 ], [ -70.32, 2.91 ], [ -70.31, 2.92 ], [ -70.3, 2.93 ], [ -70.28, 2.93 ], [ -70.28, 2.94 ], [ -70.28, 2.95 ], [ -70.28, 2.99 ], [ -70.29, 3.01 ], [ -70.3, 3.03 ], [ -70.3, 3.04 ], [ -70.27, 3.03 ], [ -70.26, 3.03 ], [ -70.26, 3.04 ], [ -70.26, 3.05 ], [ -70.27, 3.07 ], [ -70.29, 3.07 ], [ -70.32, 3.07 ], [ -70.32, 3.08 ], [ -70.32, 3.09 ], [ -70.31, 3.09 ], [ -70.29, 3.09 ], [ -70.28, 3.09 ], [ -70.28, 3.1 ], [ -70.29, 3.12 ], [ -70.28, 3.13 ], [ -70.27, 3.14 ], [ -70.26, 3.14 ], [ -70.26, 3.15 ], [ -70.25, 3.16 ], [ -70.25, 3.17 ], [ -70.24, 3.18 ], [ -70.23, 3.18 ], [ -70.22, 3.17 ], [ -70.21, 3.17 ], [ -70.21, 3.18 ], [ -70.21, 3.19 ], [ -70.22, 3.2 ], [ -70.22, 3.21 ], [ -70.21, 3.21 ], [ -70.2, 3.2 ], [ -70.2, 3.19 ], [ -70.2, 3.18 ], [ -70.19, 3.17 ], [ -70.18, 3.17 ], [ -70.16, 3.18 ], [ -70.16, 3.19 ], [ -70.18, 3.22 ], [ -70.18, 3.23 ], [ -70.17, 3.24 ], [ -70.16, 3.23 ], [ -70.15, 3.22 ], [ -70.15, 3.2 ], [ -70.15, 3.19 ], [ -70.14, 3.19 ], [ -70.13, 3.2 ], [ -70.13, 3.22 ], [ -70.13, 3.24 ], [ -70.14, 3.25 ], [ -70.15, 3.25 ], [ -70.16, 3.26 ], [ -70.16, 3.27 ], [ -70.16, 3.28 ], [ -70.15, 3.29 ], [ -70.14, 3.29 ], [ -70.13, 3.29 ], [ -70.12, 3.28 ], [ -70.11, 3.28 ], [ -70.11, 3.29 ], [ -70.12, 3.3 ], [ -70.14, 3.32 ], [ -70.15, 3.32 ], [ -70.17, 3.34 ], [ -70.17, 3.35 ], [ -70.14, 3.36 ], [ -70.13, 3.37 ], [ -70.13, 3.38 ], [ -70.13, 3.4 ], [ -70.12, 3.4 ], [ -70.11, 3.4 ], [ -70.11, 3.39 ], [ -70.08, 3.39 ], [ -70.07, 3.39 ], [ -70.05, 3.4 ], [ -70.04, 3.41 ], [ -70.04, 3.42 ], [ -70.03, 3.42 ], [ -70.01, 3.41 ], [ -70.01, 3.4 ], [ -70.02, 3.39 ], [ -70.02, 3.38 ], [ -70.01, 3.37 ], [ -70.0, 3.37 ], [ -69.97, 3.39 ], [ -69.94, 3.39 ], [ -69.94, 3.4 ], [ -69.94, 3.41 ], [ -69.95, 3.42 ], [ -69.96, 3.44 ], [ -69.96, 3.45 ], [ -69.96, 3.46 ], [ -69.95, 3.46 ], [ -69.91, 3.45 ], [ -69.9, 3.42 ], [ -69.89, 3.43 ], [ -69.88, 3.43 ], [ -69.87, 3.44 ], [ -69.87, 3.46 ], [ -69.86, 3.48 ], [ -69.87, 3.49 ], [ -69.88, 3.5 ], [ -69.9, 3.52 ], [ -69.9, 3.53 ], [ -69.89, 3.54 ], [ -69.88, 3.54 ], [ -69.87, 3.54 ], [ -69.85, 3.49 ], [ -69.84, 3.48 ], [ -69.82, 3.48 ], [ -69.81, 3.48 ], [ -69.82, 3.49 ], [ -69.83, 3.51 ], [ -69.84, 3.53 ], [ -69.85, 3.54 ], [ -69.84, 3.55 ], [ -69.83, 3.56 ], [ -69.82, 3.56 ], [ -69.82, 3.55 ], [ -69.81, 3.54 ], [ -69.82, 3.52 ], [ -69.81, 3.51 ], [ -69.8, 3.51 ], [ -69.79, 3.52 ], [ -69.79, 3.53 ], [ -69.79, 3.55 ], [ -69.78, 3.56 ], [ -69.75, 3.56 ], [ -69.73, 3.54 ], [ -69.72, 3.54 ], [ -69.71, 3.55 ], [ -69.71, 3.56 ], [ -69.72, 3.57 ], [ -69.74, 3.57 ], [ -69.74, 3.58 ], [ -69.74, 3.59 ], [ -69.73, 3.59 ], [ -69.72, 3.58 ], [ -69.71, 3.58 ], [ -69.7, 3.56 ], [ -69.7, 3.54 ], [ -69.69, 3.54 ], [ -69.68, 3.56 ], [ -69.67, 3.58 ], [ -69.66, 3.59 ], [ -69.65, 3.58 ], [ -69.64, 3.57 ], [ -69.63, 3.57 ], [ -69.62, 3.57 ], [ -69.62, 3.59 ], [ -69.61, 3.6 ], [ -69.6, 3.59 ], [ -69.6, 3.57 ], [ -69.59, 3.57 ], [ -69.58, 3.6 ], [ -69.58, 3.61 ], [ -69.58, 3.63 ], [ -69.58, 3.64 ], [ -69.58, 3.65 ], [ -69.57, 3.67 ], [ -69.57, 3.68 ], [ -69.54, 3.67 ], [ -69.5, 3.68 ], [ -69.5, 3.67 ], [ -69.5, 3.66 ], [ -69.5, 3.65 ], [ -69.49, 3.65 ], [ -69.49, 3.66 ], [ -69.49, 3.67 ], [ -69.48, 3.7 ], [ -69.46, 3.71 ], [ -69.45, 3.71 ], [ -69.44, 3.71 ], [ -69.44, 3.7 ], [ -69.42, 3.67 ], [ -69.41, 3.66 ], [ -69.4, 3.67 ], [ -69.4, 3.68 ], [ -69.39, 3.68 ], [ -69.38, 3.68 ], [ -69.38, 3.67 ], [ -69.37, 3.67 ], [ -69.36, 3.67 ], [ -69.34, 3.68 ], [ -69.33, 3.69 ], [ -69.32, 3.7 ], [ -69.31, 3.71 ], [ -69.31, 3.72 ], [ -69.3, 3.72 ], [ -69.29, 3.71 ], [ -69.29, 3.72 ], [ -69.28, 3.73 ], [ -69.26, 3.72 ], [ -69.25, 3.72 ], [ -69.25, 3.71 ], [ -69.24, 3.7 ], [ -69.24, 3.68 ], [ -69.23, 3.67 ], [ -69.22, 3.68 ], [ -69.21, 3.7 ], [ -69.2, 3.7 ], [ -69.2, 3.69 ], [ -69.2, 3.68 ], [ -69.2, 3.67 ], [ -69.19, 3.67 ], [ -69.18, 3.68 ], [ -69.17, 3.68 ], [ -69.17, 3.67 ], [ -69.17, 3.66 ], [ -69.17, 3.65 ], [ -69.19, 3.64 ], [ -69.19, 3.63 ], [ -69.17, 3.63 ], [ -69.15, 3.64 ], [ -69.14, 3.65 ], [ -69.13, 3.67 ], [ -69.12, 3.68 ], [ -69.11, 3.67 ], [ -69.11, 3.66 ], [ -69.11, 3.65 ], [ -69.11, 3.64 ], [ -69.1, 3.64 ], [ -69.09, 3.64 ], [ -69.08, 3.65 ], [ -69.07, 3.65 ], [ -69.06, 3.64 ], [ -69.04, 3.65 ], [ -69.04, 3.66 ], [ -69.01, 3.68 ], [ -69.0, 3.69 ], [ -68.99, 3.69 ], [ -68.98, 3.69 ], [ -68.96, 3.68 ], [ -68.95, 3.68 ], [ -68.94, 3.68 ], [ -68.94, 3.69 ], [ -68.94, 3.7 ], [ -68.94, 3.71 ], [ -68.95, 3.73 ], [ -68.94, 3.74 ], [ -68.93, 3.74 ], [ -68.93, 3.73 ], [ -68.93, 3.7 ], [ -68.93, 3.69 ], [ -68.92, 3.68 ], [ -68.91, 3.68 ], [ -68.9, 3.69 ], [ -68.89, 3.7 ], [ -68.88, 3.71 ], [ -68.86, 3.71 ], [ -68.85, 3.7 ], [ -68.84, 3.69 ], [ -68.84, 3.7 ], [ -68.85, 3.72 ], [ -68.85, 3.74 ], [ -68.84, 3.74 ], [ -68.83, 3.74 ], [ -68.82, 3.73 ], [ -68.81, 3.72 ], [ -68.8, 3.72 ], [ -68.79, 3.72 ], [ -68.78, 3.73 ], [ -68.77, 3.75 ], [ -68.77, 3.77 ], [ -68.76, 3.78 ], [ -68.75, 3.78 ], [ -68.73, 3.77 ], [ -68.71, 3.77 ], [ -68.7, 3.77 ], [ -68.68, 3.78 ], [ -68.67, 3.78 ], [ -68.66, 3.77 ], [ -68.66, 3.76 ], [ -68.65, 3.76 ], [ -68.65, 3.78 ], [ -68.64, 3.78 ], [ -68.63, 3.77 ], [ -68.62, 3.77 ], [ -68.61, 3.78 ], [ -68.59, 3.78 ], [ -68.58, 3.79 ], [ -68.57, 3.79 ], [ -68.57, 3.8 ], [ -68.57, 3.81 ], [ -68.57, 3.82 ], [ -68.56, 3.82 ], [ -68.55, 3.81 ], [ -68.53, 3.78 ], [ -68.52, 3.78 ], [ -68.51, 3.78 ], [ -68.5, 3.78 ], [ -68.5, 3.79 ], [ -68.5, 3.8 ], [ -68.52, 3.81 ], [ -68.51, 3.83 ], [ -68.48, 3.85 ], [ -68.47, 3.85 ], [ -68.45, 3.84 ], [ -68.44, 3.84 ], [ -68.44, 3.85 ], [ -68.44, 3.86 ], [ -68.45, 3.87 ], [ -68.45, 3.88 ], [ -68.44, 3.89 ], [ -68.43, 3.88 ], [ -68.41, 3.85 ], [ -68.4, 3.85 ], [ -68.39, 3.85 ], [ -68.39, 3.86 ], [ -68.39, 3.87 ], [ -68.4, 3.88 ], [ -68.43, 3.9 ], [ -68.44, 3.9 ], [ -68.44, 3.91 ], [ -68.43, 3.92 ], [ -68.42, 3.93 ], [ -68.41, 3.93 ], [ -68.38, 3.91 ], [ -68.37, 3.91 ], [ -68.36, 3.92 ], [ -68.35, 3.92 ], [ -68.34, 3.93 ], [ -68.34, 3.94 ], [ -68.35, 3.95 ], [ -68.36, 3.95 ], [ -68.35, 3.97 ], [ -68.35, 3.98 ], [ -68.35, 3.99 ], [ -68.34, 3.99 ], [ -68.33, 3.99 ], [ -68.31, 3.98 ], [ -68.28, 3.98 ], [ -68.26, 3.98 ], [ -68.24, 3.98 ], [ -68.21, 3.96 ], [ -68.2, 3.96 ], [ -68.2, 3.98 ], [ -68.21, 3.99 ], [ -68.21, 4.0 ], [ -68.2, 4.0 ], [ -68.19, 3.99 ], [ -68.17, 3.99 ], [ -68.14, 4.0 ], [ -68.13, 4.0 ], [ -68.12, 3.99 ], [ -68.12, 3.98 ], [ -68.12, 3.97 ], [ -68.14, 3.96 ], [ -68.13, 3.95 ], [ -68.12, 3.94 ], [ -68.11, 3.94 ], [ -68.1, 3.95 ], [ -68.1, 3.97 ], [ -68.09, 3.98 ], [ -68.08, 3.98 ], [ -68.07, 3.98 ], [ -68.07, 3.97 ], [ -68.07, 3.96 ], [ -68.06, 3.96 ], [ -68.06, 3.98 ], [ -68.05, 4.0 ], [ -68.04, 4.01 ], [ -68.03, 4.01 ], [ -68.03, 4.0 ], [ -68.03, 3.98 ], [ -68.02, 3.98 ], [ -68.02, 3.97 ], [ -68.01, 3.98 ], [ -68.0, 3.98 ], [ -67.99, 3.98 ], [ -67.98, 3.97 ], [ -67.97, 3.96 ], [ -67.94, 3.97 ], [ -67.94, 3.96 ], [ -67.93, 3.96 ], [ -67.92, 3.95 ], [ -67.92, 3.91 ], [ -67.91, 3.91 ], [ -67.89, 3.91 ], [ -67.88, 3.92 ], [ -67.81, 3.98 ], [ -67.76, 4.02 ], [ -67.73, 4.03 ], [ -67.71, 4.04 ], [ -67.73, 4.07 ], [ -67.73, 4.08 ], [ -67.74, 4.1 ], [ -67.73, 4.11 ], [ -67.74, 4.12 ], [ -67.75, 4.14 ], [ -67.79, 4.17 ], [ -67.79, 4.18 ], [ -67.79, 4.2 ], [ -67.79, 4.21 ], [ -67.8, 4.23 ], [ -67.81, 4.24 ], [ -67.81, 4.25 ], [ -67.8, 4.27 ], [ -67.8, 4.29 ], [ -67.81, 4.31 ], [ -67.81, 4.33 ], [ -67.8, 4.34 ], [ -67.79, 4.34 ], [ -67.77, 4.34 ], [ -67.77, 4.35 ], [ -67.77, 4.36 ], [ -67.78, 4.38 ], [ -67.79, 4.39 ], [ -67.79, 4.4 ], [ -67.78, 4.41 ], [ -67.78, 4.42 ], [ -67.79, 4.42 ], [ -67.8, 4.44 ], [ -67.8, 4.46 ], [ -67.81, 4.48 ], [ -67.81, 4.49 ], [ -67.84, 4.5 ], [ -67.86, 4.51 ], [ -67.86, 4.53 ], [ -67.86, 4.55 ], [ -67.85, 4.55 ], [ -67.85, 4.56 ], [ -67.85, 4.6 ], [ -67.85, 4.62 ], [ -67.85, 4.64 ], [ -67.85, 4.65 ], [ -67.85, 4.66 ], [ -67.85, 4.69 ], [ -67.83, 4.73 ], [ -67.84, 4.75 ], [ -67.83, 4.77 ], [ -67.83, 4.78 ], [ -67.83, 4.81 ], [ -67.84, 4.86 ], [ -67.85, 4.89 ], [ -67.84, 4.91 ], [ -67.85, 4.94 ], [ -67.84, 4.95 ], [ -67.83, 4.96 ], [ -67.83, 4.97 ], [ -67.83, 4.98 ], [ -67.83, 4.99 ], [ -67.82, 5.0 ], [ -67.83, 5.03 ], [ -67.82, 5.03 ], [ -67.81, 5.05 ], [ -67.81, 5.06 ], [ -67.83, 5.06 ], [ -67.84, 5.07 ], [ -67.83, 5.08 ], [ -67.83, 5.09 ], [ -67.84, 5.1 ], [ -67.85, 5.12 ], [ -67.86, 5.13 ], [ -67.86, 5.14 ], [ -67.85, 5.15 ], [ -67.84, 5.17 ], [ -67.84, 5.18 ], [ -67.83, 5.19 ], [ -67.83, 5.2 ], [ -67.84, 5.22 ], [ -67.84, 5.23 ], [ -67.84, 5.24 ], [ -67.85, 5.25 ], [ -67.86, 5.25 ], [ -67.87, 5.25 ], [ -67.87, 5.26 ], [ -67.87, 5.27 ], [ -67.87, 5.28 ], [ -67.86, 5.28 ], [ -67.85, 5.31 ], [ -67.84, 5.32 ], [ -67.82, 5.35 ], [ -67.81, 5.36 ], [ -67.8, 5.37 ], [ -67.78, 5.37 ], [ -67.78, 5.38 ], [ -67.78, 5.39 ], [ -67.77, 5.39 ], [ -67.76, 5.39 ], [ -67.74, 5.41 ], [ -67.72, 5.41 ], [ -67.71, 5.42 ], [ -67.7, 5.43 ], [ -67.68, 5.44 ], [ -67.66, 5.46 ], [ -67.63, 5.49 ], [ -67.63, 5.5 ], [ -67.63, 5.52 ], [ -67.62, 5.53 ], [ -67.61, 5.53 ], [ -67.61, 5.54 ], [ -67.61, 5.55 ], [ -67.63, 5.57 ], [ -67.63, 5.58 ], [ -67.62, 5.58 ], [ -67.62, 5.59 ], [ -67.63, 5.59 ], [ -67.63, 5.6 ], [ -67.64, 5.61 ], [ -67.63, 5.62 ], [ -67.64, 5.62 ], [ -67.64, 5.63 ], [ -67.64, 5.64 ], [ -67.64, 5.65 ], [ -67.64, 5.67 ], [ -67.64, 5.68 ], [ -67.64, 5.69 ], [ -67.65, 5.7 ], [ -67.65, 5.71 ], [ -67.64, 5.73 ], [ -67.64, 5.74 ], [ -67.63, 5.75 ], [ -67.62, 5.75 ], [ -67.62, 5.76 ], [ -67.63, 5.78 ], [ -67.63, 5.8 ], [ -67.62, 5.81 ], [ -67.61, 5.81 ], [ -67.61, 5.82 ], [ -67.6, 5.84 ], [ -67.59, 5.85 ], [ -67.58, 5.86 ], [ -67.57, 5.87 ], [ -67.55, 5.89 ], [ -67.55, 5.9 ], [ -67.55, 5.91 ], [ -67.54, 5.91 ], [ -67.54, 5.92 ], [ -67.52, 5.93 ], [ -67.5, 5.95 ], [ -67.49, 5.95 ], [ -67.47, 5.98 ], [ -67.45, 5.98 ], [ -67.45, 5.99 ], [ -67.43, 6.0 ], [ -67.42, 6.0 ], [ -67.42, 6.01 ], [ -67.43, 6.02 ], [ -67.43, 6.04 ], [ -67.44, 6.04 ], [ -67.45, 6.05 ], [ -67.46, 6.06 ], [ -67.47, 6.07 ], [ -67.48, 6.07 ], [ -67.49, 6.08 ], [ -67.49, 6.09 ], [ -67.48, 6.09 ], [ -67.48, 6.1 ], [ -67.5, 6.12 ], [ -67.51, 6.14 ], [ -67.5, 6.15 ], [ -67.5, 6.16 ], [ -67.5, 6.17 ], [ -67.48, 6.18 ], [ -67.47, 6.19 ], [ -67.48, 6.2 ], [ -67.49, 6.21 ], [ -67.5, 6.23 ], [ -67.51, 6.23 ], [ -67.52, 6.24 ], [ -67.53, 6.25 ], [ -67.56, 6.26 ], [ -67.57, 6.26 ], [ -67.6, 6.26 ], [ -67.62, 6.29 ], [ -67.63, 6.29 ], [ -67.65, 6.28 ], [ -67.67, 6.29 ], [ -67.68, 6.29 ], [ -67.69, 6.29 ], [ -67.7, 6.29 ], [ -67.71, 6.29 ], [ -67.75, 6.29 ], [ -67.76, 6.29 ], [ -67.78, 6.29 ] ], [ [ -70.87, 2.81 ], [ -70.88, 2.83 ], [ -70.88, 2.84 ], [ -70.88, 2.85 ], [ -70.86, 2.83 ], [ -70.85, 2.82 ], [ -70.86, 2.82 ], [ -70.86, 2.81 ], [ -70.87, 2.81 ] ], [ [ -69.59, 3.68 ], [ -69.59, 3.67 ], [ -69.6, 3.67 ], [ -69.6, 3.68 ], [ -69.59, 3.68 ] ], [ [ -68.65, 3.78 ], [ -68.66, 3.78 ], [ -68.67, 3.79 ], [ -68.68, 3.8 ], [ -68.68, 3.81 ], [ -68.67, 3.81 ], [ -68.66, 3.81 ], [ -68.66, 3.8 ], [ -68.65, 3.79 ], [ -68.65, 3.78 ] ] ], [ [ [ -69.29, 3.71 ], [ -69.29, 3.7 ], [ -69.29, 3.69 ], [ -69.3, 3.67 ], [ -69.31, 3.65 ], [ -69.3, 3.65 ], [ -69.3, 3.64 ], [ -69.29, 3.64 ], [ -69.28, 3.65 ], [ -69.27, 3.67 ], [ -69.27, 3.68 ], [ -69.27, 3.7 ], [ -69.28, 3.71 ], [ -69.29, 3.71 ] ] ], [ [ [ -68.84, 3.69 ], [ -68.84, 3.67 ], [ -68.83, 3.67 ], [ -68.83, 3.68 ], [ -68.84, 3.69 ] ] ], [ [ [ -68.57, 3.79 ], [ -68.56, 3.77 ], [ -68.55, 3.77 ], [ -68.55, 3.78 ], [ -68.57, 3.79 ] ] ], [ [ [ -68.07, 3.96 ], [ -68.08, 3.95 ], [ -68.08, 3.94 ], [ -68.07, 3.94 ], [ -68.07, 3.96 ] ] ] ] } },
{ "type": "Feature", "properties": { "coddepto": 52 }, "geometry": { "type": "MultiPolygon", "coordinates": [ [ [ [ -78.76, 1.82 ], [ -78.77, 1.82 ], [ -78.78, 1.81 ], [ -78.78, 1.8 ], [ -78.76, 1.8 ], [ -78.76, 1.81 ], [ -78.76, 1.82 ] ] ], [ [ [ -78.78, 1.8 ], [ -78.79, 1.8 ], [ -78.79, 1.81 ], [ -78.8, 1.81 ], [ -78.8, 1.82 ], [ -78.79, 1.82 ], [ -78.78, 1.82 ], [ -78.78, 1.83 ], [ -78.79, 1.83 ], [ -78.8, 1.83 ], [ -78.81, 1.83 ], [ -78.83, 1.82 ], [ -78.85, 1.81 ], [ -78.86, 1.81 ], [ -78.86, 1.8 ], [ -78.89, 1.77 ], [ -78.92, 1.75 ], [ -78.93, 1.73 ], [ -78.95, 1.7 ], [ -78.95, 1.69 ], [ -78.95, 1.68 ], [ -78.96, 1.68 ], [ -78.96, 1.69 ], [ -78.97, 1.68 ], [ -78.99, 1.67 ], [ -79.01, 1.66 ], [ -79.01, 1.65 ], [ -79.0, 1.64 ], [ -79.01, 1.63 ], [ -79.0, 1.63 ], [ -79.0, 1.61 ], [ -78.99, 1.6 ], [ -78.98, 1.6 ], [ -78.97, 1.6 ], [ -78.96, 1.59 ], [ -78.94, 1.58 ], [ -78.93, 1.56 ], [ -78.92, 1.56 ], [ -78.91, 1.56 ], [ -78.9, 1.54 ], [ -78.89, 1.54 ], [ -78.89, 1.55 ], [ -78.88, 1.56 ], [ -78.87, 1.56 ], [ -78.87, 1.55 ], [ -78.87, 1.54 ], [ -78.87, 1.53 ], [ -78.87, 1.52 ], [ -78.87, 1.51 ], [ -78.87, 1.5 ], [ -78.86, 1.48 ], [ -78.85, 1.48 ], [ -78.84, 1.48 ], [ -78.82, 1.47 ], [ -78.82, 1.46 ], [ -78.81, 1.46 ], [ -78.82, 1.45 ], [ -78.82, 1.44 ], [ -78.81, 1.44 ], [ -78.81, 1.43 ], [ -78.8, 1.43 ], [ -78.79, 1.41 ], [ -78.78, 1.41 ], [ -78.78, 1.4 ], [ -78.78, 1.39 ], [ -78.77, 1.39 ], [ -78.77, 1.4 ], [ -78.76, 1.39 ], [ -78.75, 1.39 ], [ -78.75, 1.38 ], [ -78.74, 1.38 ], [ -78.73, 1.37 ], [ -78.72, 1.37 ], [ -78.72, 1.36 ], [ -78.71, 1.36 ], [ -78.71, 1.35 ], [ -78.7, 1.35 ], [ -78.7, 1.34 ], [ -78.7, 1.33 ], [ -78.69, 1.33 ], [ -78.68, 1.33 ], [ -78.67, 1.32 ], [ -78.66, 1.32 ], [ -78.66, 1.31 ], [ -78.66, 1.3 ], [ -78.65, 1.29 ], [ -78.65, 1.28 ], [ -78.64, 1.27 ], [ -78.63, 1.27 ], [ -78.63, 1.26 ], [ -78.63, 1.25 ], [ -78.62, 1.25 ], [ -78.61, 1.25 ], [ -78.6, 1.25 ], [ -78.59, 1.24 ], [ -78.54, 1.24 ], [ -78.54, 1.23 ], [ -78.53, 1.22 ], [ -78.52, 1.22 ], [ -78.52, 1.21 ], [ -78.52, 1.2 ], [ -78.51, 1.2 ], [ -78.5, 1.2 ], [ -78.49, 1.2 ], [ -78.49, 1.19 ], [ -78.48, 1.19 ], [ -78.47, 1.19 ], [ -78.47, 1.18 ], [ -78.46, 1.18 ], [ -78.45, 1.18 ], [ -78.44, 1.18 ], [ -78.44, 1.19 ], [ -78.43, 1.19 ], [ -78.43, 1.18 ], [ -78.43, 1.17 ], [ -78.43, 1.16 ], [ -78.44, 1.16 ], [ -78.43, 1.15 ], [ -78.43, 1.14 ], [ -78.42, 1.14 ], [ -78.42, 1.15 ], [ -78.42, 1.16 ], [ -78.41, 1.16 ], [ -78.4, 1.16 ], [ -78.4, 1.15 ], [ -78.39, 1.16 ], [ -78.38, 1.16 ], [ -78.38, 1.17 ], [ -78.37, 1.17 ], [ -78.36, 1.17 ], [ -78.36, 1.18 ], [ -78.35, 1.18 ], [ -78.34, 1.18 ], [ -78.33, 1.19 ], [ -78.33, 1.2 ], [ -78.32, 1.19 ], [ -78.31, 1.19 ], [ -78.31, 1.18 ], [ -78.3, 1.18 ], [ -78.3, 1.17 ], [ -78.3, 1.16 ], [ -78.3, 1.15 ], [ -78.29, 1.14 ], [ -78.29, 1.13 ], [ -78.28, 1.12 ], [ -78.28, 1.11 ], [ -78.27, 1.11 ], [ -78.26, 1.1 ], [ -78.25, 1.1 ], [ -78.25, 1.09 ], [ -78.25, 1.08 ], [ -78.26, 1.08 ], [ -78.28, 1.07 ], [ -78.28, 1.06 ], [ -78.27, 1.05 ], [ -78.26, 1.04 ], [ -78.25, 1.04 ], [ -78.25, 1.03 ], [ -78.24, 1.03 ], [ -78.24, 1.02 ], [ -78.23, 1.02 ], [ -78.21, 1.0 ], [ -78.2, 1.0 ], [ -78.2, 0.99 ], [ -78.2, 0.98 ], [ -78.19, 0.97 ], [ -78.19, 0.96 ], [ -78.2, 0.95 ], [ -78.19, 0.95 ], [ -78.19, 0.94 ], [ -78.18, 0.94 ], [ -78.16, 0.93 ], [ -78.15, 0.92 ], [ -78.15, 0.93 ], [ -78.14, 0.93 ], [ -78.14, 0.94 ], [ -78.12, 0.94 ], [ -78.11, 0.93 ], [ -78.11, 0.91 ], [ -78.09, 0.9 ], [ -78.07, 0.9 ], [ -78.07, 0.89 ], [ -78.06, 0.89 ], [ -78.05, 0.89 ], [ -78.05, 0.88 ], [ -78.03, 0.88 ], [ -78.02, 0.87 ], [ -78.01, 0.87 ], [ -78.01, 0.86 ], [ -78.0, 0.86 ], [ -77.99, 0.85 ], [ -77.98, 0.84 ], [ -77.98, 0.83 ], [ -77.97, 0.83 ], [ -77.97, 0.82 ], [ -77.94, 0.82 ], [ -77.92, 0.82 ], [ -77.91, 0.81 ], [ -77.89, 0.81 ], [ -77.87, 0.8 ], [ -77.84, 0.8 ], [ -77.83, 0.81 ], [ -77.82, 0.81 ], [ -77.82, 0.82 ], [ -77.81, 0.82 ], [ -77.8, 0.83 ], [ -77.79, 0.84 ], [ -77.78, 0.83 ], [ -77.78, 0.84 ], [ -77.77, 0.84 ], [ -77.76, 0.84 ], [ -77.75, 0.83 ], [ -77.73, 0.84 ], [ -77.73, 0.85 ], [ -77.72, 0.85 ], [ -77.71, 0.85 ], [ -77.7, 0.84 ], [ -77.69, 0.84 ], [ -77.69, 0.83 ], [ -77.68, 0.83 ], [ -77.68, 0.82 ], [ -77.67, 0.82 ], [ -77.66, 0.81 ], [ -77.67, 0.8 ], [ -77.68, 0.8 ], [ -77.68, 0.79 ], [ -77.66, 0.79 ], [ -77.67, 0.78 ], [ -77.68, 0.78 ], [ -77.68, 0.77 ], [ -77.69, 0.77 ], [ -77.69, 0.76 ], [ -77.7, 0.75 ], [ -77.7, 0.74 ], [ -77.68, 0.74 ], [ -77.67, 0.73 ], [ -77.66, 0.72 ], [ -77.67, 0.71 ], [ -77.66, 0.71 ], [ -77.64, 0.7 ], [ -77.63, 0.7 ], [ -77.62, 0.69 ], [ -77.61, 0.69 ], [ -77.6, 0.68 ], [ -77.59, 0.67 ], [ -77.58, 0.67 ], [ -77.58, 0.66 ], [ -77.57, 0.66 ], [ -77.56, 0.65 ], [ -77.54, 0.65 ], [ -77.52, 0.66 ], [ -77.51, 0.66 ], [ -77.5, 0.66 ], [ -77.49, 0.66 ], [ -77.48, 0.66 ], [ -77.48, 0.65 ], [ -77.48, 0.64 ], [ -77.48, 0.63 ], [ -77.48, 0.61 ], [ -77.49, 0.6 ], [ -77.49, 0.59 ], [ -77.5, 0.58 ], [ -77.5, 0.57 ], [ -77.51, 0.57 ], [ -77.51, 0.55 ], [ -77.52, 0.54 ], [ -77.52, 0.53 ], [ -77.52, 0.52 ], [ -77.52, 0.51 ], [ -77.52, 0.5 ], [ -77.52, 0.49 ], [ -77.53, 0.48 ], [ -77.52, 0.47 ], [ -77.52, 0.45 ], [ -77.52, 0.44 ], [ -77.52, 0.43 ], [ -77.52, 0.42 ], [ -77.53, 0.41 ], [ -77.53, 0.4 ], [ -77.46, 0.43 ], [ -77.46, 0.42 ], [ -77.45, 0.42 ], [ -77.44, 0.42 ], [ -77.43, 0.42 ], [ -77.42, 0.42 ], [ -77.41, 0.41 ], [ -77.39, 0.4 ], [ -77.39, 0.39 ], [ -77.38, 0.39 ], [ -77.38, 0.4 ], [ -77.37, 0.4 ], [ -77.36, 0.4 ], [ -77.36, 0.39 ], [ -77.35, 0.39 ], [ -77.34, 0.39 ], [ -77.33, 0.39 ], [ -77.32, 0.38 ], [ -77.31, 0.38 ], [ -77.31, 0.37 ], [ -77.3, 0.37 ], [ -77.29, 0.37 ], [ -77.29, 0.36 ], [ -77.28, 0.37 ], [ -77.27, 0.36 ], [ -77.27, 0.37 ], [ -77.26, 0.37 ], [ -77.26, 0.36 ], [ -77.24, 0.37 ], [ -77.23, 0.36 ], [ -77.22, 0.37 ], [ -77.21, 0.37 ], [ -77.2, 0.37 ], [ -77.2, 0.38 ], [ -77.19, 0.38 ], [ -77.19, 0.39 ], [ -77.18, 0.39 ], [ -77.17, 0.39 ], [ -77.16, 0.38 ], [ -77.15, 0.38 ], [ -77.14, 0.38 ], [ -77.12, 0.38 ], [ -77.11, 0.37 ], [ -77.11, 0.38 ], [ -77.1, 0.38 ], [ -77.1, 0.39 ], [ -77.09, 0.39 ], [ -77.09, 0.4 ], [ -77.09, 0.41 ], [ -77.09, 0.42 ], [ -77.1, 0.43 ], [ -77.11, 0.43 ], [ -77.11, 0.44 ], [ -77.11, 0.45 ], [ -77.1, 0.46 ], [ -77.1, 0.47 ], [ -77.1, 0.48 ], [ -77.12, 0.48 ], [ -77.12, 0.5 ], [ -77.12, 0.51 ], [ -77.13, 0.52 ], [ -77.13, 0.56 ], [ -77.12, 0.56 ], [ -77.12, 0.57 ], [ -77.12, 0.58 ], [ -77.12, 0.59 ], [ -77.13, 0.6 ], [ -77.14, 0.6 ], [ -77.16, 0.61 ], [ -77.17, 0.61 ], [ -77.18, 0.62 ], [ -77.19, 0.63 ], [ -77.14, 0.82 ], [ -77.13, 0.82 ], [ -77.1, 0.83 ], [ -77.11, 0.84 ], [ -77.11, 0.85 ], [ -77.12, 0.86 ], [ -77.12, 0.87 ], [ -77.12, 0.88 ], [ -77.12, 0.89 ], [ -77.12, 0.9 ], [ -77.11, 0.9 ], [ -77.1, 0.91 ], [ -77.09, 0.92 ], [ -77.08, 0.94 ], [ -77.07, 0.94 ], [ -77.07, 0.95 ], [ -77.08, 0.96 ], [ -77.07, 0.97 ], [ -77.06, 0.98 ], [ -77.05, 0.98 ], [ -77.04, 0.99 ], [ -77.03, 0.99 ], [ -77.03, 1.0 ], [ -77.03, 1.01 ], [ -77.03, 1.02 ], [ -77.04, 1.04 ], [ -77.05, 1.04 ], [ -77.05, 1.03 ], [ -77.06, 1.03 ], [ -77.06, 1.04 ], [ -77.07, 1.04 ], [ -77.07, 1.05 ], [ -77.07, 1.06 ], [ -77.08, 1.06 ], [ -77.09, 1.08 ], [ -77.09, 1.1 ], [ -77.1, 1.1 ], [ -77.09, 1.11 ], [ -77.09, 1.12 ], [ -77.1, 1.13 ], [ -77.1, 1.14 ], [ -77.1, 1.15 ], [ -77.1, 1.16 ], [ -77.09, 1.17 ], [ -77.09, 1.18 ], [ -77.07, 1.18 ], [ -77.06, 1.19 ], [ -77.04, 1.2 ], [ -77.02, 1.2 ], [ -77.01, 1.21 ], [ -77.0, 1.21 ], [ -76.98, 1.22 ], [ -76.98, 1.23 ], [ -76.97, 1.25 ], [ -76.98, 1.27 ], [ -76.98, 1.28 ], [ -76.98, 1.29 ], [ -76.97, 1.29 ], [ -76.96, 1.28 ], [ -76.95, 1.28 ], [ -76.94, 1.27 ], [ -76.94, 1.28 ], [ -76.93, 1.28 ], [ -76.93, 1.29 ], [ -76.93, 1.3 ], [ -76.91, 1.32 ], [ -76.91, 1.33 ], [ -76.92, 1.33 ], [ -76.92, 1.34 ], [ -76.92, 1.35 ], [ -76.93, 1.36 ], [ -76.93, 1.37 ], [ -76.93, 1.38 ], [ -76.93, 1.39 ], [ -76.93, 1.4 ], [ -76.92, 1.41 ], [ -76.92, 1.43 ], [ -76.92, 1.44 ], [ -76.92, 1.45 ], [ -76.93, 1.47 ], [ -76.93, 1.48 ], [ -76.93, 1.49 ], [ -76.93, 1.5 ], [ -76.91, 1.5 ], [ -76.91, 1.51 ], [ -76.9, 1.52 ], [ -76.89, 1.52 ], [ -76.87, 1.52 ], [ -76.86, 1.52 ], [ -76.85, 1.53 ], [ -76.85, 1.54 ], [ -76.86, 1.54 ], [ -76.86, 1.56 ], [ -76.84, 1.58 ], [ -76.84, 1.6 ], [ -76.83, 1.61 ], [ -76.83, 1.62 ], [ -76.84, 1.62 ], [ -76.84, 1.63 ], [ -76.85, 1.63 ], [ -76.85, 1.64 ], [ -76.86, 1.64 ], [ -76.89, 1.66 ], [ -76.9, 1.66 ], [ -76.91, 1.68 ], [ -76.92, 1.7 ], [ -76.93, 1.71 ], [ -76.93, 1.72 ], [ -76.94, 1.73 ], [ -76.95, 1.73 ], [ -76.95, 1.72 ], [ -76.96, 1.72 ], [ -76.97, 1.71 ], [ -76.99, 1.71 ], [ -77.0, 1.71 ], [ -77.01, 1.71 ], [ -77.02, 1.71 ], [ -77.03, 1.71 ], [ -77.04, 1.71 ], [ -77.05, 1.7 ], [ -77.06, 1.7 ], [ -77.06, 1.69 ], [ -77.07, 1.67 ], [ -77.09, 1.67 ], [ -77.09, 1.66 ], [ -77.13, 1.66 ], [ -77.14, 1.65 ], [ -77.14, 1.67 ], [ -77.14, 1.68 ], [ -77.15, 1.68 ], [ -77.16, 1.68 ], [ -77.17, 1.68 ], [ -77.18, 1.67 ], [ -77.19, 1.68 ], [ -77.2, 1.67 ], [ -77.21, 1.67 ], [ -77.22, 1.67 ], [ -77.23, 1.66 ], [ -77.24, 1.66 ], [ -77.25, 1.66 ], [ -77.25, 1.67 ], [ -77.26, 1.67 ], [ -77.27, 1.67 ], [ -77.27, 1.66 ], [ -77.28, 1.66 ], [ -77.28, 1.67 ], [ -77.29, 1.67 ], [ -77.3, 1.67 ], [ -77.31, 1.68 ], [ -77.32, 1.68 ], [ -77.33, 1.68 ], [ -77.32, 1.7 ], [ -77.32, 1.71 ], [ -77.32, 1.72 ], [ -77.31, 1.73 ], [ -77.31, 1.74 ], [ -77.3, 1.75 ], [ -77.3, 1.76 ], [ -77.29, 1.77 ], [ -77.3, 1.79 ], [ -77.3, 1.8 ], [ -77.31, 1.8 ], [ -77.3, 1.81 ], [ -77.3, 1.82 ], [ -77.29, 1.83 ], [ -77.29, 1.85 ], [ -77.28, 1.85 ], [ -77.28, 1.86 ], [ -77.26, 1.87 ], [ -77.25, 1.88 ], [ -77.24, 1.89 ], [ -77.24, 1.9 ], [ -77.25, 1.91 ], [ -77.24, 1.92 ], [ -77.23, 1.92 ], [ -77.22, 1.92 ], [ -77.22, 1.93 ], [ -77.22, 1.94 ], [ -77.21, 1.94 ], [ -77.2, 1.95 ], [ -77.21, 1.97 ], [ -77.21, 1.98 ], [ -77.22, 1.98 ], [ -77.22, 1.99 ], [ -77.24, 1.99 ], [ -77.25, 1.99 ], [ -77.26, 1.99 ], [ -77.27, 2.01 ], [ -77.28, 2.02 ], [ -77.3, 2.03 ], [ -77.31, 2.04 ], [ -77.33, 2.05 ], [ -77.33, 2.06 ], [ -77.32, 2.07 ], [ -77.32, 2.08 ], [ -77.32, 2.09 ], [ -77.31, 2.1 ], [ -77.31, 2.11 ], [ -77.31, 2.12 ], [ -77.31, 2.13 ], [ -77.31, 2.14 ], [ -77.31, 2.15 ], [ -77.31, 2.17 ], [ -77.32, 2.18 ], [ -77.31, 2.19 ], [ -77.31, 2.2 ], [ -77.32, 2.2 ], [ -77.32, 2.21 ], [ -77.32, 2.22 ], [ -77.34, 2.24 ], [ -77.35, 2.25 ], [ -77.35, 2.26 ], [ -77.36, 2.26 ], [ -77.37, 2.26 ], [ -77.38, 2.26 ], [ -77.39, 2.26 ], [ -77.4, 2.26 ], [ -77.41, 2.27 ], [ -77.42, 2.27 ], [ -77.43, 2.28 ], [ -77.44, 2.29 ], [ -77.46, 2.29 ], [ -77.47, 2.27 ], [ -77.48, 2.27 ], [ -77.47, 2.26 ], [ -77.47, 2.24 ], [ -77.48, 2.24 ], [ -77.48, 2.23 ], [ -77.49, 2.22 ], [ -77.48, 2.21 ], [ -77.48, 2.2 ], [ -77.49, 2.2 ], [ -77.5, 2.19 ], [ -77.51, 2.2 ], [ -77.52, 2.2 ], [ -77.53, 2.2 ], [ -77.54, 2.2 ], [ -77.56, 2.2 ], [ -77.56, 2.19 ], [ -77.57, 2.18 ], [ -77.59, 2.17 ], [ -77.6, 2.16 ], [ -77.65, 2.17 ], [ -77.66, 2.16 ], [ -77.68, 2.16 ], [ -77.69, 2.15 ], [ -77.7, 2.15 ], [ -77.73, 2.14 ], [ -77.74, 2.13 ], [ -77.75, 2.14 ], [ -77.78, 2.15 ], [ -77.79, 2.16 ], [ -77.8, 2.16 ], [ -77.8, 2.17 ], [ -77.81, 2.17 ], [ -77.82, 2.18 ], [ -77.83, 2.18 ], [ -77.84, 2.18 ], [ -77.85, 2.19 ], [ -77.85, 2.21 ], [ -77.85, 2.23 ], [ -77.85, 2.24 ], [ -77.85, 2.26 ], [ -77.86, 2.27 ], [ -77.87, 2.28 ], [ -77.87, 2.29 ], [ -77.87, 2.3 ], [ -77.88, 2.3 ], [ -77.88, 2.31 ], [ -77.88, 2.32 ], [ -77.88, 2.33 ], [ -77.88, 2.35 ], [ -77.89, 2.37 ], [ -77.9, 2.39 ], [ -77.91, 2.41 ], [ -77.92, 2.42 ], [ -77.92, 2.45 ], [ -77.92, 2.47 ], [ -77.93, 2.48 ], [ -77.93, 2.51 ], [ -77.92, 2.52 ], [ -77.92, 2.53 ], [ -77.91, 2.54 ], [ -77.92, 2.59 ], [ -77.92, 2.61 ], [ -77.92, 2.62 ], [ -77.93, 2.63 ], [ -77.95, 2.63 ], [ -77.96, 2.64 ], [ -77.96, 2.65 ], [ -77.97, 2.65 ], [ -77.97, 2.66 ], [ -77.98, 2.66 ], [ -77.99, 2.66 ], [ -77.99, 2.65 ], [ -78.0, 2.65 ], [ -78.01, 2.65 ], [ -78.02, 2.64 ], [ -78.03, 2.65 ], [ -78.04, 2.64 ], [ -78.06, 2.62 ], [ -78.06, 2.61 ], [ -78.07, 2.61 ], [ -78.08, 2.63 ], [ -78.08, 2.64 ], [ -78.1, 2.65 ], [ -78.13, 2.64 ], [ -78.14, 2.64 ], [ -78.14, 2.66 ], [ -78.14, 2.67 ], [ -78.14, 2.68 ], [ -78.15, 2.68 ], [ -78.16, 2.68 ], [ -78.17, 2.67 ], [ -78.17, 2.68 ], [ -78.18, 2.68 ], [ -78.2, 2.67 ], [ -78.21, 2.67 ], [ -78.26, 2.66 ], [ -78.27, 2.66 ], [ -78.29, 2.66 ], [ -78.31, 2.66 ], [ -78.33, 2.66 ], [ -78.37, 2.64 ], [ -78.38, 2.63 ], [ -78.4, 2.6 ], [ -78.41, 2.6 ], [ -78.41, 2.61 ], [ -78.42, 2.6 ], [ -78.44, 2.6 ], [ -78.46, 2.6 ], [ -78.45, 2.59 ], [ -78.45, 2.58 ], [ -78.46, 2.57 ], [ -78.47, 2.56 ], [ -78.49, 2.55 ], [ -78.5, 2.53 ], [ -78.51, 2.52 ], [ -78.51, 2.51 ], [ -78.52, 2.51 ], [ -78.53, 2.51 ], [ -78.53, 2.5 ], [ -78.54, 2.49 ], [ -78.55, 2.49 ], [ -78.56, 2.46 ], [ -78.55, 2.45 ], [ -78.56, 2.45 ], [ -78.56, 2.44 ], [ -78.57, 2.44 ], [ -78.6, 2.4 ], [ -78.62, 2.38 ], [ -78.63, 2.37 ], [ -78.63, 2.34 ], [ -78.63, 2.33 ], [ -78.63, 2.32 ], [ -78.63, 2.31 ], [ -78.64, 2.31 ], [ -78.65, 2.3 ], [ -78.66, 2.29 ], [ -78.67, 2.27 ], [ -78.66, 2.26 ], [ -78.67, 2.24 ], [ -78.68, 2.25 ], [ -78.69, 2.23 ], [ -78.69, 2.22 ], [ -78.7, 2.21 ], [ -78.71, 2.17 ], [ -78.7, 2.12 ], [ -78.7, 2.11 ], [ -78.69, 2.11 ], [ -78.69, 2.09 ], [ -78.68, 2.06 ], [ -78.67, 2.05 ], [ -78.67, 2.03 ], [ -78.67, 2.01 ], [ -78.67, 1.99 ], [ -78.67, 1.98 ], [ -78.67, 1.97 ], [ -78.66, 1.98 ], [ -78.65, 1.98 ], [ -78.65, 1.99 ], [ -78.64, 2.0 ], [ -78.63, 2.01 ], [ -78.62, 2.0 ], [ -78.61, 2.0 ], [ -78.6, 1.99 ], [ -78.6, 1.98 ], [ -78.59, 1.97 ], [ -78.59, 1.96 ], [ -78.59, 1.95 ], [ -78.6, 1.95 ], [ -78.6, 1.93 ], [ -78.6, 1.9 ], [ -78.6, 1.89 ], [ -78.59, 1.89 ], [ -78.57, 1.9 ], [ -78.56, 1.9 ], [ -78.55, 1.9 ], [ -78.55, 1.88 ], [ -78.54, 1.86 ], [ -78.54, 1.85 ], [ -78.55, 1.85 ], [ -78.55, 1.84 ], [ -78.55, 1.82 ], [ -78.55, 1.81 ], [ -78.54, 1.81 ], [ -78.54, 1.8 ], [ -78.55, 1.8 ], [ -78.56, 1.8 ], [ -78.56, 1.79 ], [ -78.56, 1.78 ], [ -78.56, 1.76 ], [ -78.56, 1.75 ], [ -78.57, 1.75 ], [ -78.58, 1.77 ], [ -78.58, 1.78 ], [ -78.59, 1.78 ], [ -78.59, 1.77 ], [ -78.6, 1.77 ], [ -78.6, 1.78 ], [ -78.6, 1.79 ], [ -78.61, 1.79 ], [ -78.64, 1.79 ], [ -78.65, 1.79 ], [ -78.66, 1.79 ], [ -78.68, 1.79 ], [ -78.69, 1.78 ], [ -78.69, 1.77 ], [ -78.7, 1.77 ], [ -78.7, 1.78 ], [ -78.71, 1.78 ], [ -78.71, 1.79 ], [ -78.72, 1.79 ], [ -78.72, 1.77 ], [ -78.72, 1.75 ], [ -78.73, 1.74 ], [ -78.74, 1.75 ], [ -78.73, 1.75 ], [ -78.73, 1.76 ], [ -78.73, 1.78 ], [ -78.74, 1.79 ], [ -78.75, 1.79 ], [ -78.75, 1.78 ], [ -78.76, 1.78 ], [ -78.76, 1.79 ], [ -78.77, 1.79 ], [ -78.78, 1.79 ], [ -78.78, 1.8 ] ], [ [ -78.8, 1.81 ], [ -78.8, 1.8 ], [ -78.8, 1.79 ], [ -78.81, 1.79 ], [ -78.8, 1.81 ] ], [ [ -78.82, 1.47 ], [ -78.8, 1.48 ], [ -78.81, 1.47 ], [ -78.82, 1.47 ] ], [ [ -78.66, 2.05 ], [ -78.65, 2.05 ], [ -78.66, 2.04 ], [ -78.66, 2.05 ] ], [ [ -78.74, 1.75 ], [ -78.75, 1.74 ], [ -78.75, 1.75 ], [ -78.74, 1.75 ] ] ], [ [ [ -78.82, 1.46 ], [ -78.83, 1.46 ], [ -78.83, 1.45 ], [ -78.82, 1.45 ], [ -78.82, 1.46 ] ] ], [ [ [ -78.57, 2.45 ], [ -78.56, 2.45 ], [ -78.56, 2.46 ], [ -78.57, 2.45 ] ] ], [ [ [ -78.69, 1.78 ], [ -78.69, 1.79 ], [ -78.7, 1.78 ], [ -78.69, 1.78 ] ] ], [ [ [ -78.75, 1.79 ], [ -78.75, 1.8 ], [ -78.76, 1.8 ], [ -78.76, 1.79 ], [ -78.75, 1.79 ] ] ], [ [ [ -78.75, 1.82 ], [ -78.75, 1.81 ], [ -78.74, 1.81 ], [ -78.73, 1.82 ], [ -78.73, 1.83 ], [ -78.74, 1.83 ], [ -78.74, 1.82 ], [ -78.75, 1.82 ] ] ] ] } },
{ "type": "Feature", "properties": { "coddepto": 13 }, "geometry": { "type": "MultiPolygon", "coordinates": [ [ [ [ -75.26, 10.78 ], [ -75.27, 10.78 ], [ -75.27, 10.76 ], [ -75.27, 10.75 ], [ -75.27, 10.74 ], [ -75.27, 10.73 ], [ -75.28, 10.72 ], [ -75.28, 10.71 ], [ -75.3, 10.7 ], [ -75.32, 10.69 ], [ -75.36, 10.69 ], [ -75.37, 10.69 ], [ -75.39, 10.68 ], [ -75.4, 10.66 ], [ -75.42, 10.65 ], [ -75.42, 10.64 ], [ -75.45, 10.63 ], [ -75.46, 10.6 ], [ -75.46, 10.59 ], [ -75.48, 10.58 ], [ -75.5, 10.58 ], [ -75.51, 10.57 ], [ -75.52, 10.56 ], [ -75.5, 10.55 ], [ -75.5, 10.54 ], [ -75.49, 10.53 ], [ -75.5, 10.51 ], [ -75.5, 10.5 ], [ -75.49, 10.49 ], [ -75.49, 10.48 ], [ -75.5, 10.48 ], [ -75.51, 10.45 ], [ -75.53, 10.44 ], [ -75.55, 10.43 ], [ -75.55, 10.42 ], [ -75.54, 10.42 ], [ -75.54, 10.41 ], [ -75.53, 10.41 ], [ -75.53, 10.4 ], [ -75.53, 10.39 ], [ -75.52, 10.39 ], [ -75.51, 10.38 ], [ -75.51, 10.37 ], [ -75.51, 10.35 ], [ -75.51, 10.34 ], [ -75.51, 10.33 ], [ -75.51, 10.32 ], [ -75.51, 10.31 ], [ -75.5, 10.31 ], [ -75.5, 10.3 ], [ -75.51, 10.3 ], [ -75.52, 10.3 ], [ -75.53, 10.3 ], [ -75.53, 10.29 ], [ -75.53, 10.28 ], [ -75.54, 10.28 ], [ -75.55, 10.28 ], [ -75.56, 10.27 ], [ -75.57, 10.27 ], [ -75.58, 10.28 ], [ -75.58, 10.29 ], [ -75.58, 10.3 ], [ -75.59, 10.3 ], [ -75.6, 10.28 ], [ -75.59, 10.27 ], [ -75.59, 10.26 ], [ -75.6, 10.26 ], [ -75.61, 10.26 ], [ -75.62, 10.25 ], [ -75.61, 10.24 ], [ -75.6, 10.24 ], [ -75.59, 10.24 ], [ -75.59, 10.23 ], [ -75.6, 10.23 ], [ -75.61, 10.22 ], [ -75.62, 10.21 ], [ -75.62, 10.2 ], [ -75.6, 10.2 ], [ -75.59, 10.22 ], [ -75.58, 10.22 ], [ -75.56, 10.23 ], [ -75.55, 10.23 ], [ -75.54, 10.24 ], [ -75.53, 10.24 ], [ -75.53, 10.23 ], [ -75.53, 10.22 ], [ -75.52, 10.22 ], [ -75.53, 10.21 ], [ -75.52, 10.19 ], [ -75.52, 10.17 ], [ -75.53, 10.17 ], [ -75.54, 10.17 ], [ -75.54, 10.16 ], [ -75.55, 10.15 ], [ -75.56, 10.14 ], [ -75.56, 10.13 ], [ -75.56, 10.12 ], [ -75.57, 10.12 ], [ -75.58, 10.13 ], [ -75.58, 10.12 ], [ -75.57, 10.09 ], [ -75.5, 10.15 ], [ -75.54, 10.05 ], [ -75.54, 10.04 ], [ -75.53, 10.04 ], [ -75.53, 10.03 ], [ -75.52, 10.03 ], [ -75.51, 10.03 ], [ -75.5, 10.04 ], [ -75.49, 10.04 ], [ -75.49, 10.03 ], [ -75.48, 10.02 ], [ -75.48, 10.01 ], [ -75.47, 10.0 ], [ -75.48, 9.99 ], [ -75.48, 9.98 ], [ -75.48, 9.97 ], [ -75.47, 9.97 ], [ -75.47, 9.96 ], [ -75.47, 9.95 ], [ -75.47, 9.94 ], [ -75.48, 9.94 ], [ -75.48, 9.93 ], [ -75.48, 9.92 ], [ -75.47, 9.92 ], [ -75.46, 9.91 ], [ -75.47, 9.9 ], [ -75.47, 9.89 ], [ -75.46, 9.89 ], [ -75.45, 9.89 ], [ -75.45, 9.9 ], [ -75.45, 9.91 ], [ -75.43, 9.91 ], [ -75.43, 9.9 ], [ -75.43, 9.89 ], [ -75.42, 9.89 ], [ -75.42, 9.88 ], [ -75.41, 9.88 ], [ -75.39, 9.88 ], [ -75.39, 9.87 ], [ -75.38, 9.87 ], [ -75.38, 9.86 ], [ -75.38, 9.85 ], [ -75.37, 9.85 ], [ -75.36, 9.85 ], [ -75.36, 9.84 ], [ -75.35, 9.84 ], [ -75.34, 9.83 ], [ -75.34, 9.82 ], [ -75.34, 9.81 ], [ -75.35, 9.78 ], [ -75.35, 9.76 ], [ -75.36, 9.75 ], [ -75.36, 9.74 ], [ -75.37, 9.73 ], [ -75.37, 9.72 ], [ -75.37, 9.71 ], [ -75.38, 9.7 ], [ -75.37, 9.7 ], [ -75.37, 9.69 ], [ -75.38, 9.69 ], [ -75.38, 9.68 ], [ -75.37, 9.67 ], [ -75.38, 9.67 ], [ -75.38, 9.66 ], [ -75.38, 9.65 ], [ -75.37, 9.65 ], [ -75.37, 9.64 ], [ -75.37, 9.63 ], [ -75.36, 9.63 ], [ -75.36, 9.64 ], [ -75.36, 9.65 ], [ -75.35, 9.64 ], [ -75.34, 9.64 ], [ -75.34, 9.63 ], [ -75.33, 9.63 ], [ -75.31, 9.65 ], [ -75.3, 9.66 ], [ -75.3, 9.67 ], [ -75.28, 9.69 ], [ -75.27, 9.68 ], [ -75.27, 9.67 ], [ -75.26, 9.67 ], [ -75.26, 9.66 ], [ -75.25, 9.66 ], [ -75.24, 9.66 ], [ -75.23, 9.65 ], [ -75.22, 9.65 ], [ -75.21, 9.65 ], [ -75.2, 9.65 ], [ -75.19, 9.64 ], [ -75.18, 9.64 ], [ -75.17, 9.64 ], [ -75.18, 9.63 ], [ -75.19, 9.63 ], [ -75.19, 9.62 ], [ -75.18, 9.62 ], [ -75.19, 9.61 ], [ -75.18, 9.6 ], [ -75.17, 9.61 ], [ -75.16, 9.61 ], [ -75.15, 9.6 ], [ -75.13, 9.6 ], [ -75.13, 9.58 ], [ -75.12, 9.58 ], [ -75.12, 9.57 ], [ -75.11, 9.57 ], [ -75.1, 9.57 ], [ -75.1, 9.56 ], [ -75.09, 9.56 ], [ -75.09, 9.55 ], [ -75.08, 9.55 ], [ -75.08, 9.54 ], [ -75.08, 9.53 ], [ -75.07, 9.54 ], [ -75.06, 9.53 ], [ -75.04, 9.54 ], [ -75.03, 9.53 ], [ -75.02, 9.53 ], [ -75.02, 9.52 ], [ -75.03, 9.51 ], [ -75.03, 9.5 ], [ -75.04, 9.48 ], [ -75.03, 9.47 ], [ -75.02, 9.46 ], [ -75.01, 9.46 ], [ -75.0, 9.45 ], [ -74.99, 9.45 ], [ -74.99, 9.44 ], [ -74.98, 9.44 ], [ -74.97, 9.44 ], [ -74.97, 9.43 ], [ -74.95, 9.43 ], [ -74.95, 9.44 ], [ -74.94, 9.45 ], [ -74.93, 9.45 ], [ -74.93, 9.44 ], [ -74.91, 9.44 ], [ -74.91, 9.43 ], [ -74.9, 9.43 ], [ -74.89, 9.43 ], [ -74.89, 9.42 ], [ -74.92, 9.41 ], [ -74.92, 9.4 ], [ -74.92, 9.39 ], [ -74.93, 9.38 ], [ -74.93, 9.37 ], [ -74.94, 9.36 ], [ -74.94, 9.35 ], [ -74.95, 9.35 ], [ -74.94, 9.34 ], [ -74.93, 9.33 ], [ -74.93, 9.32 ], [ -74.94, 9.31 ], [ -74.94, 9.3 ], [ -74.94, 9.29 ], [ -74.93, 9.29 ], [ -74.93, 9.28 ], [ -74.93, 9.27 ], [ -74.93, 9.26 ], [ -74.93, 9.25 ], [ -74.92, 9.25 ], [ -74.91, 9.24 ], [ -74.91, 9.23 ], [ -74.9, 9.23 ], [ -74.91, 9.22 ], [ -74.91, 9.21 ], [ -74.91, 9.2 ], [ -74.9, 9.19 ], [ -74.91, 9.18 ], [ -74.9, 9.16 ], [ -74.89, 9.16 ], [ -74.88, 9.16 ], [ -74.87, 9.16 ], [ -74.87, 9.15 ], [ -74.86, 9.15 ], [ -74.86, 9.14 ], [ -74.86, 9.13 ], [ -74.85, 9.13 ], [ -74.85, 9.12 ], [ -74.85, 9.11 ], [ -74.84, 9.1 ], [ -74.84, 9.09 ], [ -74.83, 9.09 ], [ -74.83, 9.08 ], [ -74.83, 9.07 ], [ -74.83, 9.06 ], [ -74.82, 9.06 ], [ -74.81, 9.05 ], [ -74.8, 9.05 ], [ -74.79, 9.05 ], [ -74.78, 9.04 ], [ -74.77, 9.04 ], [ -74.76, 9.04 ], [ -74.75, 9.04 ], [ -74.75, 9.03 ], [ -74.74, 9.03 ], [ -74.74, 9.02 ], [ -74.73, 9.02 ], [ -74.72, 9.01 ], [ -74.7, 9.01 ], [ -74.68, 9.01 ], [ -74.67, 9.01 ], [ -74.67, 9.0 ], [ -74.67, 8.99 ], [ -74.66, 8.99 ], [ -74.65, 8.99 ], [ -74.64, 8.98 ], [ -74.64, 8.97 ], [ -74.63, 8.97 ], [ -74.63, 8.95 ], [ -74.62, 8.94 ], [ -74.62, 8.93 ], [ -74.61, 8.93 ], [ -74.61, 8.92 ], [ -74.6, 8.9 ], [ -74.6, 8.89 ], [ -74.59, 8.89 ], [ -74.59, 8.87 ], [ -74.58, 8.87 ], [ -74.58, 8.86 ], [ -74.58, 8.85 ], [ -74.59, 8.84 ], [ -74.56, 8.84 ], [ -74.56, 8.83 ], [ -74.56, 8.82 ], [ -74.55, 8.81 ], [ -74.54, 8.81 ], [ -74.54, 8.8 ], [ -74.55, 8.8 ], [ -74.56, 8.8 ], [ -74.58, 8.79 ], [ -74.58, 8.78 ], [ -74.57, 8.78 ], [ -74.57, 8.77 ], [ -74.58, 8.77 ], [ -74.59, 8.77 ], [ -74.59, 8.76 ], [ -74.6, 8.76 ], [ -74.61, 8.76 ], [ -74.6, 8.74 ], [ -74.61, 8.73 ], [ -74.61, 8.72 ], [ -74.6, 8.71 ], [ -74.59, 8.69 ], [ -74.6, 8.68 ], [ -74.59, 8.67 ], [ -74.6, 8.66 ], [ -74.6, 8.65 ], [ -74.59, 8.64 ], [ -74.59, 8.63 ], [ -74.59, 8.62 ], [ -74.59, 8.61 ], [ -74.6, 8.6 ], [ -74.59, 8.59 ], [ -74.58, 8.58 ], [ -74.56, 8.57 ], [ -74.56, 8.56 ], [ -74.56, 8.55 ], [ -74.57, 8.55 ], [ -74.58, 8.54 ], [ -74.57, 8.54 ], [ -74.57, 8.53 ], [ -74.57, 8.51 ], [ -74.56, 8.51 ], [ -74.55, 8.5 ], [ -74.54, 8.48 ], [ -74.53, 8.47 ], [ -74.53, 8.45 ], [ -74.54, 8.45 ], [ -74.54, 8.43 ], [ -74.56, 8.41 ], [ -74.56, 8.4 ], [ -74.56, 8.39 ], [ -74.58, 8.39 ], [ -74.59, 8.38 ], [ -74.59, 8.39 ], [ -74.59, 8.4 ], [ -74.6, 8.4 ], [ -74.61, 8.41 ], [ -74.61, 8.4 ], [ -74.61, 8.39 ], [ -74.62, 8.39 ], [ -74.61, 8.38 ], [ -74.62, 8.36 ], [ -74.61, 8.35 ], [ -74.62, 8.34 ], [ -74.63, 8.33 ], [ -74.64, 8.32 ], [ -74.65, 8.31 ], [ -74.65, 8.3 ], [ -74.65, 8.28 ], [ -74.66, 8.28 ], [ -74.66, 8.29 ], [ -74.67, 8.3 ], [ -74.68, 8.29 ], [ -74.69, 8.3 ], [ -74.7, 8.3 ], [ -74.71, 8.3 ], [ -74.72, 8.3 ], [ -74.73, 8.3 ], [ -74.72, 8.29 ], [ -74.73, 8.28 ], [ -74.74, 8.29 ], [ -74.75, 8.3 ], [ -74.76, 8.29 ], [ -74.77, 8.29 ], [ -74.77, 8.28 ], [ -74.78, 8.28 ], [ -74.8, 8.27 ], [ -74.81, 8.27 ], [ -74.81, 8.26 ], [ -74.8, 8.25 ], [ -74.8, 8.24 ], [ -74.81, 8.24 ], [ -74.81, 8.23 ], [ -74.82, 8.23 ], [ -74.83, 8.23 ], [ -74.83, 8.22 ], [ -74.83, 8.21 ], [ -74.83, 8.2 ], [ -74.82, 8.2 ], [ -74.82, 8.19 ], [ -74.81, 8.18 ], [ -74.81, 8.17 ], [ -74.8, 8.16 ], [ -74.8, 8.15 ], [ -74.79, 8.14 ], [ -74.78, 8.13 ], [ -74.77, 8.12 ], [ -74.76, 8.12 ], [ -74.76, 8.13 ], [ -74.75, 8.13 ], [ -74.74, 8.12 ], [ -74.73, 8.12 ], [ -74.72, 8.1 ], [ -74.71, 8.1 ], [ -74.71, 8.09 ], [ -74.7, 8.09 ], [ -74.69, 8.09 ], [ -74.68, 8.08 ], [ -74.67, 8.08 ], [ -74.67, 8.07 ], [ -74.67, 8.06 ], [ -74.66, 8.06 ], [ -74.65, 8.05 ], [ -74.64, 8.06 ], [ -74.63, 8.05 ], [ -74.63, 8.04 ], [ -74.61, 8.03 ], [ -74.6, 8.04 ], [ -74.6, 8.03 ], [ -74.6, 8.02 ], [ -74.59, 8.01 ], [ -74.59, 8.0 ], [ -74.58, 8.0 ], [ -74.58, 7.99 ], [ -74.58, 7.98 ], [ -74.57, 7.98 ], [ -74.56, 7.97 ], [ -74.56, 7.96 ], [ -74.55, 7.96 ], [ -74.55, 7.95 ], [ -74.54, 7.95 ], [ -74.54, 7.92 ], [ -74.53, 7.91 ], [ -74.52, 7.9 ], [ -74.52, 7.88 ], [ -74.52, 7.86 ], [ -74.53, 7.85 ], [ -74.53, 7.84 ], [ -74.52, 7.82 ], [ -74.52, 7.81 ], [ -74.52, 7.8 ], [ -74.52, 7.79 ], [ -74.53, 7.78 ], [ -74.52, 7.78 ], [ -74.51, 7.78 ], [ -74.51, 7.74 ], [ -74.51, 7.72 ], [ -74.5, 7.72 ], [ -74.5, 7.71 ], [ -74.49, 7.71 ], [ -74.48, 7.71 ], [ -74.48, 7.7 ], [ -74.48, 7.68 ], [ -74.49, 7.68 ], [ -74.5, 7.68 ], [ -74.51, 7.68 ], [ -74.52, 7.68 ], [ -74.52, 7.67 ], [ -74.53, 7.67 ], [ -74.54, 7.66 ], [ -74.55, 7.65 ], [ -74.56, 7.65 ], [ -74.56, 7.64 ], [ -74.57, 7.62 ], [ -74.56, 7.61 ], [ -74.57, 7.6 ], [ -74.57, 7.58 ], [ -74.57, 7.55 ], [ -74.57, 7.54 ], [ -74.57, 7.53 ], [ -74.57, 7.52 ], [ -74.57, 7.51 ], [ -74.59, 7.51 ], [ -74.59, 7.49 ], [ -74.59, 7.48 ], [ -74.6, 7.47 ], [ -74.6, 7.46 ], [ -74.59, 7.45 ], [ -74.58, 7.45 ], [ -74.58, 7.44 ], [ -74.58, 7.43 ], [ -74.57, 7.43 ], [ -74.56, 7.43 ], [ -74.56, 7.41 ], [ -74.55, 7.41 ], [ -74.54, 7.41 ], [ -74.53, 7.4 ], [ -74.53, 7.39 ], [ -74.52, 7.38 ], [ -74.51, 7.37 ], [ -74.51, 7.36 ], [ -74.5, 7.35 ], [ -74.49, 7.34 ], [ -74.48, 7.34 ], [ -74.47, 7.35 ], [ -74.47, 7.36 ], [ -74.45, 7.37 ], [ -74.45, 7.38 ], [ -74.44, 7.38 ], [ -74.43, 7.38 ], [ -74.42, 7.39 ], [ -74.41, 7.4 ], [ -74.42, 7.42 ], [ -74.41, 7.44 ], [ -74.42, 7.44 ], [ -74.41, 7.46 ], [ -74.4, 7.46 ], [ -74.38, 7.47 ], [ -74.37, 7.47 ], [ -74.37, 7.48 ], [ -74.36, 7.48 ], [ -74.35, 7.46 ], [ -74.34, 7.46 ], [ -74.32, 7.45 ], [ -74.32, 7.44 ], [ -74.32, 7.43 ], [ -74.33, 7.43 ], [ -74.34, 7.42 ], [ -74.34, 7.41 ], [ -74.35, 7.4 ], [ -74.36, 7.39 ], [ -74.37, 7.37 ], [ -74.37, 7.36 ], [ -74.39, 7.36 ], [ -74.39, 7.35 ], [ -74.4, 7.35 ], [ -74.4, 7.34 ], [ -74.4, 7.33 ], [ -74.4, 7.32 ], [ -74.4, 7.31 ], [ -74.39, 7.31 ], [ -74.39, 7.3 ], [ -74.39, 7.29 ], [ -74.39, 7.28 ], [ -74.39, 7.27 ], [ -74.39, 7.26 ], [ -74.4, 7.26 ], [ -74.4, 7.25 ], [ -74.4, 7.24 ], [ -74.4, 7.23 ], [ -74.4, 7.22 ], [ -74.41, 7.22 ], [ -74.4, 7.21 ], [ -74.41, 7.2 ], [ -74.41, 7.19 ], [ -74.4, 7.19 ], [ -74.4, 7.17 ], [ -74.39, 7.17 ], [ -74.39, 7.16 ], [ -74.38, 7.15 ], [ -74.38, 7.14 ], [ -74.38, 7.13 ], [ -74.37, 7.13 ], [ -74.37, 7.12 ], [ -74.37, 7.11 ], [ -74.37, 7.1 ], [ -74.37, 7.09 ], [ -74.36, 7.09 ], [ -74.35, 7.09 ], [ -74.35, 7.08 ], [ -74.35, 7.06 ], [ -74.35, 7.03 ], [ -74.35, 7.02 ], [ -74.35, 7.01 ], [ -74.33, 7.01 ], [ -74.32, 7.02 ], [ -74.31, 7.01 ], [ -74.31, 7.0 ], [ -74.3, 7.0 ], [ -74.29, 7.01 ], [ -74.28, 7.01 ], [ -74.26, 7.01 ], [ -74.26, 7.0 ], [ -74.25, 7.0 ], [ -73.92, 7.3 ], [ -73.91, 7.33 ], [ -73.91, 7.34 ], [ -73.91, 7.35 ], [ -73.9, 7.36 ], [ -73.9, 7.37 ], [ -73.91, 7.38 ], [ -73.9, 7.39 ], [ -73.9, 7.4 ], [ -73.9, 7.41 ], [ -73.9, 7.43 ], [ -73.9, 7.44 ], [ -73.9, 7.45 ], [ -73.91, 7.45 ], [ -73.91, 7.46 ], [ -73.92, 7.47 ], [ -73.91, 7.49 ], [ -73.91, 7.5 ], [ -73.9, 7.5 ], [ -73.88, 7.51 ], [ -73.88, 7.52 ], [ -73.87, 7.52 ], [ -73.87, 7.53 ], [ -73.85, 7.53 ], [ -73.84, 7.57 ], [ -73.83, 7.58 ], [ -73.83, 7.6 ], [ -73.81, 7.61 ], [ -73.81, 7.62 ], [ -73.81, 7.63 ], [ -73.82, 7.64 ], [ -73.81, 7.65 ], [ -73.8, 7.64 ], [ -73.8, 7.65 ], [ -73.8, 7.66 ], [ -73.81, 7.67 ], [ -73.82, 7.69 ], [ -73.81, 7.71 ], [ -73.82, 7.72 ], [ -73.83, 7.73 ], [ -73.83, 7.74 ], [ -73.82, 7.74 ], [ -73.81, 7.76 ], [ -73.8, 7.77 ], [ -73.81, 7.79 ], [ -73.81, 7.81 ], [ -73.82, 7.82 ], [ -73.82, 7.85 ], [ -73.82, 7.86 ], [ -73.83, 7.89 ], [ -73.84, 7.9 ], [ -73.83, 7.91 ], [ -73.83, 7.93 ], [ -73.83, 7.94 ], [ -73.84, 7.95 ], [ -73.87, 7.98 ], [ -73.87, 7.99 ], [ -73.87, 8.02 ], [ -73.87, 8.05 ], [ -73.87, 8.07 ], [ -73.86, 8.08 ], [ -73.83, 8.1 ], [ -73.82, 8.11 ], [ -73.81, 8.12 ], [ -73.81, 8.13 ], [ -73.8, 8.13 ], [ -73.78, 8.14 ], [ -73.77, 8.15 ], [ -73.77, 8.17 ], [ -73.78, 8.19 ], [ -73.78, 8.2 ], [ -73.78, 8.21 ], [ -73.77, 8.23 ], [ -73.76, 8.24 ], [ -73.76, 8.26 ], [ -73.75, 8.27 ], [ -73.76, 8.29 ], [ -73.76, 8.3 ], [ -73.76, 8.31 ], [ -73.75, 8.31 ], [ -73.75, 8.32 ], [ -73.76, 8.33 ], [ -73.75, 8.36 ], [ -73.75, 8.38 ], [ -73.75, 8.43 ], [ -73.75, 8.44 ], [ -73.75, 8.45 ], [ -73.75, 8.46 ], [ -73.75, 8.48 ], [ -73.76, 8.48 ], [ -73.77, 8.5 ], [ -73.78, 8.51 ], [ -73.78, 8.55 ], [ -73.77, 8.56 ], [ -73.78, 8.57 ], [ -73.79, 8.58 ], [ -73.8, 8.61 ], [ -73.81, 8.63 ], [ -73.82, 8.65 ], [ -73.82, 8.66 ], [ -73.82, 8.67 ], [ -73.82, 8.68 ], [ -73.81, 8.7 ], [ -73.82, 8.72 ], [ -73.81, 8.73 ], [ -73.79, 8.74 ], [ -73.79, 8.75 ], [ -73.79, 8.76 ], [ -73.79, 8.77 ], [ -73.79, 8.79 ], [ -73.8, 8.82 ], [ -73.81, 8.83 ], [ -73.82, 8.84 ], [ -73.87, 8.89 ], [ -73.87, 8.9 ], [ -73.87, 8.91 ], [ -73.87, 8.93 ], [ -73.87, 8.95 ], [ -73.87, 8.96 ], [ -73.88, 8.97 ], [ -73.89, 8.98 ], [ -73.9, 8.98 ], [ -73.91, 8.98 ], [ -73.92, 8.98 ], [ -73.94, 8.98 ], [ -73.95, 8.99 ], [ -73.96, 9.0 ], [ -73.97, 8.99 ], [ -73.98, 8.98 ], [ -73.99, 9.0 ], [ -74.0, 9.0 ], [ -74.0, 9.01 ], [ -73.98, 9.01 ], [ -74.0, 9.02 ], [ -74.0, 9.03 ], [ -74.01, 9.03 ], [ -74.02, 9.03 ], [ -74.03, 9.03 ], [ -74.04, 9.04 ], [ -74.05, 9.02 ], [ -74.06, 9.02 ], [ -74.07, 9.02 ], [ -74.08, 9.02 ], [ -74.09, 9.02 ], [ -74.1, 9.02 ], [ -74.11, 9.04 ], [ -74.12, 9.04 ], [ -74.12, 9.05 ], [ -74.13, 9.06 ], [ -74.15, 9.06 ], [ -74.16, 9.06 ], [ -74.16, 9.07 ], [ -74.17, 9.07 ], [ -74.18, 9.08 ], [ -74.18, 9.09 ], [ -74.2, 9.1 ], [ -74.21, 9.12 ], [ -74.22, 9.12 ], [ -74.23, 9.12 ], [ -74.23, 9.13 ], [ -74.22, 9.13 ], [ -74.22, 9.14 ], [ -74.24, 9.15 ], [ -74.25, 9.16 ], [ -74.27, 9.17 ], [ -74.28, 9.16 ], [ -74.3, 9.16 ], [ -74.3, 9.17 ], [ -74.29, 9.19 ], [ -74.3, 9.2 ], [ -74.32, 9.21 ], [ -74.34, 9.22 ], [ -74.34, 9.23 ], [ -74.35, 9.23 ], [ -74.36, 9.23 ], [ -74.39, 9.21 ], [ -74.4, 9.21 ], [ -74.42, 9.24 ], [ -74.43, 9.26 ], [ -74.43, 9.27 ], [ -74.44, 9.27 ], [ -74.45, 9.27 ], [ -74.46, 9.27 ], [ -74.47, 9.27 ], [ -74.49, 9.25 ], [ -74.5, 9.24 ], [ -74.51, 9.23 ], [ -74.52, 9.23 ], [ -74.52, 9.24 ], [ -74.53, 9.24 ], [ -74.53, 9.26 ], [ -74.55, 9.27 ], [ -74.56, 9.29 ], [ -74.56, 9.31 ], [ -74.57, 9.31 ], [ -74.58, 9.32 ], [ -74.59, 9.32 ], [ -74.62, 9.34 ], [ -74.61, 9.36 ], [ -74.62, 9.37 ], [ -74.63, 9.38 ], [ -74.65, 9.38 ], [ -74.66, 9.39 ], [ -74.67, 9.4 ], [ -74.67, 9.41 ], [ -74.69, 9.42 ], [ -74.7, 9.43 ], [ -74.72, 9.42 ], [ -74.73, 9.42 ], [ -74.74, 9.43 ], [ -74.74, 9.44 ], [ -74.74, 9.45 ], [ -74.75, 9.46 ], [ -74.76, 9.46 ], [ -74.77, 9.46 ], [ -74.78, 9.46 ], [ -74.8, 9.44 ], [ -74.81, 9.45 ], [ -74.81, 9.46 ], [ -74.81, 9.47 ], [ -74.79, 9.48 ], [ -74.78, 9.5 ], [ -74.78, 9.51 ], [ -74.79, 9.53 ], [ -74.81, 9.54 ], [ -74.81, 9.55 ], [ -74.78, 9.57 ], [ -74.77, 9.59 ], [ -74.77, 9.6 ], [ -74.78, 9.63 ], [ -74.79, 9.65 ], [ -74.8, 9.66 ], [ -74.81, 9.68 ], [ -74.8, 9.68 ], [ -74.79, 9.69 ], [ -74.79, 9.7 ], [ -74.8, 9.71 ], [ -74.81, 9.72 ], [ -74.81, 9.73 ], [ -74.81, 9.74 ], [ -74.81, 9.76 ], [ -74.82, 9.79 ], [ -74.82, 9.8 ], [ -74.85, 9.82 ], [ -74.86, 9.85 ], [ -74.87, 9.85 ], [ -74.88, 9.86 ], [ -74.88, 9.87 ], [ -74.88, 9.89 ], [ -74.87, 9.9 ], [ -74.87, 9.91 ], [ -74.87, 9.93 ], [ -74.87, 9.94 ], [ -74.85, 9.95 ], [ -74.85, 9.96 ], [ -74.84, 9.96 ], [ -74.82, 9.97 ], [ -74.81, 9.98 ], [ -74.8, 9.99 ], [ -74.79, 10.01 ], [ -74.8, 10.03 ], [ -74.82, 10.04 ], [ -74.83, 10.06 ], [ -74.84, 10.08 ], [ -74.85, 10.09 ], [ -74.86, 10.09 ], [ -74.88, 10.1 ], [ -74.89, 10.11 ], [ -74.93, 10.11 ], [ -74.94, 10.11 ], [ -74.94, 10.12 ], [ -74.95, 10.13 ], [ -74.95, 10.14 ], [ -74.93, 10.18 ], [ -74.93, 10.2 ], [ -74.93, 10.22 ], [ -74.92, 10.24 ], [ -74.91, 10.25 ], [ -74.96, 10.33 ], [ -75.0, 10.36 ], [ -75.03, 10.36 ], [ -75.04, 10.37 ], [ -75.05, 10.38 ], [ -75.07, 10.41 ], [ -75.09, 10.41 ], [ -75.13, 10.4 ], [ -75.13, 10.41 ], [ -75.14, 10.41 ], [ -75.14, 10.42 ], [ -75.15, 10.42 ], [ -75.15, 10.43 ], [ -75.16, 10.44 ], [ -75.17, 10.45 ], [ -75.18, 10.45 ], [ -75.2, 10.45 ], [ -75.21, 10.46 ], [ -75.2, 10.47 ], [ -75.21, 10.47 ], [ -75.21, 10.48 ], [ -75.22, 10.48 ], [ -75.23, 10.48 ], [ -75.23, 10.49 ], [ -75.24, 10.5 ], [ -75.24, 10.51 ], [ -75.24, 10.52 ], [ -75.24, 10.53 ], [ -75.23, 10.54 ], [ -75.23, 10.55 ], [ -75.22, 10.55 ], [ -75.23, 10.56 ], [ -75.24, 10.57 ], [ -75.23, 10.57 ], [ -75.23, 10.58 ], [ -75.23, 10.59 ], [ -75.23, 10.6 ], [ -75.23, 10.61 ], [ -75.22, 10.62 ], [ -75.22, 10.63 ], [ -75.23, 10.64 ], [ -75.24, 10.65 ], [ -75.24, 10.66 ], [ -75.24, 10.67 ], [ -75.25, 10.68 ], [ -75.24, 10.68 ], [ -75.24, 10.69 ], [ -75.25, 10.7 ], [ -75.25, 10.72 ], [ -75.25, 10.73 ], [ -75.24, 10.73 ], [ -75.24, 10.74 ], [ -75.24, 10.75 ], [ -75.23, 10.76 ], [ -75.23, 10.77 ], [ -75.23, 10.78 ], [ -75.24, 10.78 ], [ -75.25, 10.78 ], [ -75.26, 10.78 ] ], [ [ -74.12, 9.04 ], [ -74.12, 9.03 ], [ -74.13, 9.03 ], [ -74.14, 9.03 ], [ -74.14, 9.04 ], [ -74.13, 9.04 ], [ -74.12, 9.04 ] ] ], [ [ [ -75.55, 10.41 ], [ -75.56, 10.4 ], [ -75.56, 10.39 ], [ -75.55, 10.4 ], [ -75.55, 10.41 ] ] ], [ [ [ -75.63, 10.19 ], [ -75.64, 10.19 ], [ -75.64, 10.18 ], [ -75.63, 10.18 ], [ -75.63, 10.19 ] ] ], [ [ [ -75.64, 10.18 ], [ -75.65, 10.18 ], [ -75.65, 10.17 ], [ -75.64, 10.18 ] ] ], [ [ [ -75.65, 10.16 ], [ -75.66, 10.16 ], [ -75.67, 10.16 ], [ -75.68, 10.16 ], [ -75.69, 10.16 ], [ -75.69, 10.15 ], [ -75.69, 10.14 ], [ -75.7, 10.14 ], [ -75.69, 10.13 ], [ -75.68, 10.13 ], [ -75.68, 10.14 ], [ -75.67, 10.14 ], [ -75.65, 10.15 ], [ -75.65, 10.16 ] ] ], [ [ [ -75.54, 10.23 ], [ -75.55, 10.23 ], [ -75.55, 10.22 ], [ -75.54, 10.22 ], [ -75.54, 10.23 ] ] ], [ [ [ -75.54, 10.17 ], [ -75.54, 10.18 ], [ -75.55, 10.18 ], [ -75.55, 10.17 ], [ -75.54, 10.17 ] ] ] ] } },
{ "type": "Feature", "properties": { "coddepto": 8 }, "geometry": { "type": "MultiPolygon", "coordinates": [ [ [ [ -74.84, 11.06 ], [ -74.85, 11.06 ], [ -74.86, 11.05 ], [ -74.88, 11.04 ], [ -74.9, 11.04 ], [ -74.92, 11.05 ], [ -74.92, 11.03 ], [ -74.93, 11.02 ], [ -74.94, 11.02 ], [ -74.95, 11.01 ], [ -74.95, 11.0 ], [ -74.96, 10.99 ], [ -74.98, 10.98 ], [ -75.01, 10.98 ], [ -75.02, 10.97 ], [ -75.03, 10.96 ], [ -75.04, 10.95 ], [ -75.03, 10.95 ], [ -75.03, 10.94 ], [ -75.04, 10.91 ], [ -75.04, 10.9 ], [ -75.06, 10.89 ], [ -75.08, 10.89 ], [ -75.08, 10.88 ], [ -75.1, 10.87 ], [ -75.12, 10.86 ], [ -75.13, 10.86 ], [ -75.14, 10.85 ], [ -75.15, 10.84 ], [ -75.16, 10.83 ], [ -75.18, 10.83 ], [ -75.19, 10.82 ], [ -75.21, 10.82 ], [ -75.22, 10.8 ], [ -75.23, 10.8 ], [ -75.26, 10.8 ], [ -75.26, 10.79 ], [ -75.27, 10.78 ], [ -75.26, 10.78 ], [ -75.25, 10.78 ], [ -75.24, 10.78 ], [ -75.23, 10.78 ], [ -75.23, 10.77 ], [ -75.23, 10.76 ], [ -75.24, 10.75 ], [ -75.24, 10.74 ], [ -75.24, 10.73 ], [ -75.25, 10.73 ], [ -75.25, 10.72 ], [ -75.25, 10.7 ], [ -75.24, 10.69 ], [ -75.24, 10.68 ], [ -75.25, 10.68 ], [ -75.24, 10.67 ], [ -75.24, 10.66 ], [ -75.24, 10.65 ], [ -75.23, 10.64 ], [ -75.22, 10.63 ], [ -75.22, 10.62 ], [ -75.23, 10.61 ], [ -75.23, 10.6 ], [ -75.23, 10.59 ], [ -75.23, 10.58 ], [ -75.23, 10.57 ], [ -75.24, 10.57 ], [ -75.23, 10.56 ], [ -75.22, 10.55 ], [ -75.23, 10.55 ], [ -75.23, 10.54 ], [ -75.24, 10.53 ], [ -75.24, 10.52 ], [ -75.24, 10.51 ], [ -75.24, 10.5 ], [ -75.23, 10.49 ], [ -75.23, 10.48 ], [ -75.22, 10.48 ], [ -75.21, 10.48 ], [ -75.21, 10.47 ], [ -75.2, 10.47 ], [ -75.21, 10.46 ], [ -75.2, 10.45 ], [ -75.18, 10.45 ], [ -75.17, 10.45 ], [ -75.16, 10.44 ], [ -75.15, 10.43 ], [ -75.15, 10.42 ], [ -75.14, 10.42 ], [ -75.14, 10.41 ], [ -75.13, 10.41 ], [ -75.13, 10.4 ], [ -75.09, 10.41 ], [ -75.07, 10.41 ], [ -75.05, 10.38 ], [ -75.04, 10.37 ], [ -75.03, 10.36 ], [ -75.0, 10.36 ], [ -74.98, 10.34 ], [ -74.96, 10.32 ], [ -74.91, 10.25 ], [ -74.9, 10.28 ], [ -74.9, 10.3 ], [ -74.86, 10.35 ], [ -74.87, 10.37 ], [ -74.86, 10.39 ], [ -74.85, 10.4 ], [ -74.84, 10.41 ], [ -74.83, 10.41 ], [ -74.82, 10.42 ], [ -74.81, 10.44 ], [ -74.81, 10.48 ], [ -74.79, 10.51 ], [ -74.77, 10.53 ], [ -74.74, 10.54 ], [ -74.74, 10.55 ], [ -74.74, 10.58 ], [ -74.73, 10.59 ], [ -74.73, 10.6 ], [ -74.72, 10.61 ], [ -74.73, 10.62 ], [ -74.73, 10.63 ], [ -74.74, 10.63 ], [ -74.75, 10.64 ], [ -74.75, 10.65 ], [ -74.74, 10.66 ], [ -74.72, 10.67 ], [ -74.73, 10.74 ], [ -74.73, 10.76 ], [ -74.73, 10.77 ], [ -74.74, 10.8 ], [ -74.74, 10.84 ], [ -74.74, 10.86 ], [ -74.74, 10.89 ], [ -74.73, 10.9 ], [ -74.72, 10.9 ], [ -74.72, 10.91 ], [ -74.74, 10.92 ], [ -74.75, 10.93 ], [ -74.76, 10.95 ], [ -74.76, 10.97 ], [ -74.76, 10.99 ], [ -74.77, 11.01 ], [ -74.78, 11.02 ], [ -74.8, 11.03 ], [ -74.83, 11.05 ], [ -74.84, 11.06 ] ] ], [ [ [ -75.04, 10.95 ], [ -75.05, 10.94 ], [ -75.04, 10.94 ], [ -75.04, 10.95 ] ] ] ] } },
{ "type": "Feature", "properties": { "coddepto": 20 }, "geometry": { "type": "MultiPolygon", "coordinates": [ [ [ [ -73.48, 10.87 ], [ -73.49, 10.86 ], [ -73.5, 10.86 ], [ -73.51, 10.86 ], [ -73.51, 10.85 ], [ -73.52, 10.85 ], [ -73.53, 10.85 ], [ -73.54, 10.85 ], [ -73.56, 10.85 ], [ -73.57, 10.84 ], [ -73.58, 10.84 ], [ -73.6, 10.84 ], [ -73.62, 10.82 ], [ -73.64, 10.8 ], [ -73.64, 10.79 ], [ -73.63, 10.79 ], [ -73.62, 10.79 ], [ -73.61, 10.79 ], [ -73.6, 10.78 ], [ -73.59, 10.78 ], [ -73.57, 10.77 ], [ -73.56, 10.76 ], [ -73.55, 10.76 ], [ -73.54, 10.75 ], [ -73.55, 10.75 ], [ -73.56, 10.74 ], [ -73.56, 10.73 ], [ -73.56, 10.72 ], [ -73.57, 10.71 ], [ -73.58, 10.71 ], [ -73.58, 10.72 ], [ -73.59, 10.71 ], [ -73.59, 10.7 ], [ -73.6, 10.69 ], [ -73.6, 10.68 ], [ -73.61, 10.67 ], [ -73.61, 10.65 ], [ -73.6, 10.64 ], [ -73.6, 10.63 ], [ -73.6, 10.61 ], [ -73.59, 10.6 ], [ -73.6, 10.59 ], [ -73.6, 10.57 ], [ -73.61, 10.57 ], [ -73.61, 10.56 ], [ -73.6, 10.56 ], [ -73.6, 10.55 ], [ -73.59, 10.55 ], [ -73.58, 10.55 ], [ -73.58, 10.54 ], [ -73.57, 10.54 ], [ -73.57, 10.53 ], [ -73.57, 10.52 ], [ -73.56, 10.51 ], [ -73.56, 10.5 ], [ -73.57, 10.5 ], [ -73.58, 10.5 ], [ -73.59, 10.5 ], [ -73.6, 10.5 ], [ -73.61, 10.5 ], [ -73.62, 10.5 ], [ -73.63, 10.5 ], [ -73.64, 10.5 ], [ -73.65, 10.49 ], [ -73.65, 10.48 ], [ -73.65, 10.47 ], [ -73.65, 10.46 ], [ -73.66, 10.45 ], [ -73.67, 10.46 ], [ -73.68, 10.46 ], [ -73.69, 10.46 ], [ -73.7, 10.46 ], [ -73.7, 10.45 ], [ -73.7, 10.44 ], [ -73.7, 10.43 ], [ -73.71, 10.43 ], [ -73.72, 10.43 ], [ -73.72, 10.44 ], [ -73.73, 10.44 ], [ -73.74, 10.44 ], [ -73.74, 10.43 ], [ -73.75, 10.43 ], [ -73.75, 10.42 ], [ -73.76, 10.42 ], [ -73.76, 10.41 ], [ -73.77, 10.41 ], [ -73.77, 10.4 ], [ -73.78, 10.4 ], [ -73.79, 10.4 ], [ -73.79, 10.39 ], [ -73.8, 10.39 ], [ -73.8, 10.4 ], [ -73.81, 10.4 ], [ -73.82, 10.39 ], [ -73.82, 10.4 ], [ -73.83, 10.4 ], [ -73.84, 10.4 ], [ -73.86, 10.39 ], [ -73.87, 10.39 ], [ -73.88, 10.39 ], [ -73.89, 10.39 ], [ -73.9, 10.39 ], [ -73.9, 10.38 ], [ -73.91, 10.38 ], [ -73.92, 10.38 ], [ -73.92, 10.37 ], [ -73.93, 10.37 ], [ -73.93, 10.36 ], [ -73.94, 10.35 ], [ -73.95, 10.35 ], [ -73.95, 10.34 ], [ -73.96, 10.34 ], [ -73.96, 10.33 ], [ -73.96, 10.32 ], [ -73.96, 10.31 ], [ -73.96, 10.3 ], [ -73.96, 10.29 ], [ -73.97, 10.29 ], [ -73.97, 10.28 ], [ -73.99, 10.27 ], [ -74.0, 10.27 ], [ -74.0, 10.26 ], [ -74.01, 10.26 ], [ -74.01, 10.25 ], [ -74.01, 10.24 ], [ -74.02, 10.24 ], [ -74.02, 10.23 ], [ -74.03, 10.23 ], [ -74.04, 10.22 ], [ -74.04, 10.21 ], [ -74.04, 10.2 ], [ -74.05, 10.2 ], [ -74.05, 10.19 ], [ -74.05, 10.18 ], [ -74.06, 10.18 ], [ -74.06, 10.17 ], [ -74.06, 10.16 ], [ -74.06, 10.15 ], [ -74.06, 10.14 ], [ -74.06, 10.13 ], [ -74.07, 10.13 ], [ -74.07, 10.12 ], [ -74.07, 10.11 ], [ -74.07, 10.1 ], [ -74.08, 10.09 ], [ -74.08, 10.07 ], [ -74.08, 10.06 ], [ -74.07, 10.06 ], [ -74.07, 10.05 ], [ -74.07, 10.04 ], [ -74.06, 10.04 ], [ -74.06, 10.02 ], [ -74.05, 10.01 ], [ -74.04, 10.01 ], [ -74.03, 10.0 ], [ -74.03, 9.99 ], [ -74.02, 9.98 ], [ -74.01, 9.98 ], [ -74.01, 9.96 ], [ -74.0, 9.94 ], [ -73.99, 9.94 ], [ -73.99, 9.93 ], [ -73.98, 9.93 ], [ -73.98, 9.94 ], [ -73.97, 9.94 ], [ -73.97, 9.93 ], [ -73.96, 9.93 ], [ -73.95, 9.93 ], [ -73.95, 9.91 ], [ -73.94, 9.91 ], [ -73.94, 9.9 ], [ -73.93, 9.9 ], [ -73.93, 9.89 ], [ -73.92, 9.89 ], [ -73.92, 9.88 ], [ -73.92, 9.87 ], [ -73.91, 9.87 ], [ -73.91, 9.86 ], [ -73.91, 9.85 ], [ -73.9, 9.85 ], [ -73.9, 9.84 ], [ -73.89, 9.84 ], [ -73.89, 9.83 ], [ -73.88, 9.83 ], [ -73.88, 9.82 ], [ -73.87, 9.81 ], [ -73.86, 9.81 ], [ -73.85, 9.81 ], [ -73.85, 9.8 ], [ -73.84, 9.8 ], [ -73.84, 9.79 ], [ -73.84, 9.78 ], [ -73.84, 9.77 ], [ -73.83, 9.77 ], [ -73.83, 9.76 ], [ -73.83, 9.75 ], [ -73.83, 9.74 ], [ -73.84, 9.74 ], [ -73.84, 9.73 ], [ -73.83, 9.73 ], [ -73.83, 9.72 ], [ -73.82, 9.72 ], [ -73.82, 9.71 ], [ -73.82, 9.7 ], [ -73.81, 9.7 ], [ -73.81, 9.69 ], [ -73.81, 9.68 ], [ -73.81, 9.67 ], [ -73.81, 9.66 ], [ -73.81, 9.65 ], [ -73.8, 9.65 ], [ -73.8, 9.64 ], [ -73.81, 9.64 ], [ -73.87, 9.6 ], [ -73.88, 9.6 ], [ -73.88, 9.61 ], [ -73.89, 9.62 ], [ -73.91, 9.6 ], [ -73.92, 9.61 ], [ -73.93, 9.6 ], [ -73.94, 9.6 ], [ -73.95, 9.59 ], [ -73.98, 9.59 ], [ -73.99, 9.59 ], [ -74.0, 9.6 ], [ -74.01, 9.6 ], [ -74.01, 9.59 ], [ -74.04, 9.59 ], [ -74.05, 9.58 ], [ -74.05, 9.57 ], [ -74.06, 9.57 ], [ -74.07, 9.57 ], [ -74.07, 9.56 ], [ -74.08, 9.56 ], [ -74.08, 9.55 ], [ -74.1, 9.54 ], [ -74.1, 9.52 ], [ -74.11, 9.52 ], [ -74.11, 9.51 ], [ -74.12, 9.51 ], [ -74.12, 9.5 ], [ -74.14, 9.5 ], [ -74.14, 9.49 ], [ -74.13, 9.49 ], [ -74.12, 9.49 ], [ -74.12, 9.48 ], [ -74.11, 9.48 ], [ -74.1, 9.48 ], [ -74.09, 9.47 ], [ -74.07, 9.45 ], [ -74.06, 9.44 ], [ -74.05, 9.42 ], [ -74.04, 9.42 ], [ -74.03, 9.42 ], [ -74.02, 9.42 ], [ -74.02, 9.41 ], [ -74.01, 9.4 ], [ -74.0, 9.4 ], [ -73.99, 9.4 ], [ -73.98, 9.39 ], [ -73.98, 9.38 ], [ -73.98, 9.37 ], [ -73.99, 9.35 ], [ -73.99, 9.33 ], [ -73.99, 9.32 ], [ -73.98, 9.31 ], [ -73.97, 9.3 ], [ -73.96, 9.3 ], [ -73.95, 9.3 ], [ -73.94, 9.29 ], [ -73.95, 9.28 ], [ -73.94, 9.27 ], [ -73.95, 9.26 ], [ -73.95, 9.25 ], [ -73.95, 9.24 ], [ -73.95, 9.23 ], [ -73.96, 9.22 ], [ -73.97, 9.22 ], [ -73.96, 9.21 ], [ -73.96, 9.2 ], [ -73.96, 9.19 ], [ -73.9, 9.18 ], [ -73.89, 9.17 ], [ -73.88, 9.19 ], [ -73.87, 9.18 ], [ -73.86, 9.18 ], [ -73.86, 9.17 ], [ -73.86, 9.16 ], [ -73.88, 9.15 ], [ -73.88, 9.13 ], [ -73.86, 9.11 ], [ -73.81, 9.07 ], [ -73.8, 9.06 ], [ -73.8, 9.05 ], [ -73.81, 9.04 ], [ -73.8, 9.04 ], [ -73.8, 9.03 ], [ -73.81, 9.03 ], [ -73.82, 9.03 ], [ -73.83, 9.02 ], [ -73.82, 9.01 ], [ -73.83, 9.0 ], [ -73.83, 8.99 ], [ -73.84, 8.98 ], [ -73.84, 8.97 ], [ -73.85, 8.96 ], [ -73.85, 8.95 ], [ -73.86, 8.95 ], [ -73.87, 8.94 ], [ -73.87, 8.93 ], [ -73.87, 8.91 ], [ -73.87, 8.9 ], [ -73.86, 8.88 ], [ -73.85, 8.87 ], [ -73.82, 8.84 ], [ -73.81, 8.83 ], [ -73.8, 8.82 ], [ -73.79, 8.79 ], [ -73.79, 8.77 ], [ -73.79, 8.76 ], [ -73.79, 8.75 ], [ -73.79, 8.74 ], [ -73.81, 8.73 ], [ -73.82, 8.72 ], [ -73.81, 8.7 ], [ -73.82, 8.68 ], [ -73.82, 8.67 ], [ -73.82, 8.66 ], [ -73.82, 8.64 ], [ -73.81, 8.62 ], [ -73.8, 8.61 ], [ -73.79, 8.59 ], [ -73.78, 8.57 ], [ -73.77, 8.56 ], [ -73.78, 8.55 ], [ -73.78, 8.51 ], [ -73.77, 8.5 ], [ -73.76, 8.48 ], [ -73.75, 8.48 ], [ -73.75, 8.46 ], [ -73.75, 8.45 ], [ -73.75, 8.44 ], [ -73.75, 8.43 ], [ -73.75, 8.38 ], [ -73.75, 8.36 ], [ -73.76, 8.33 ], [ -73.75, 8.32 ], [ -73.75, 8.31 ], [ -73.76, 8.31 ], [ -73.76, 8.3 ], [ -73.76, 8.29 ], [ -73.75, 8.27 ], [ -73.76, 8.26 ], [ -73.76, 8.24 ], [ -73.77, 8.23 ], [ -73.78, 8.21 ], [ -73.78, 8.2 ], [ -73.78, 8.19 ], [ -73.77, 8.16 ], [ -73.78, 8.14 ], [ -73.77, 8.13 ], [ -73.77, 8.12 ], [ -73.77, 8.11 ], [ -73.78, 8.1 ], [ -73.78, 8.09 ], [ -73.77, 8.09 ], [ -73.77, 8.08 ], [ -73.77, 8.07 ], [ -73.76, 8.07 ], [ -73.76, 8.06 ], [ -73.75, 8.06 ], [ -73.75, 8.05 ], [ -73.75, 8.04 ], [ -73.74, 8.04 ], [ -73.73, 8.04 ], [ -73.73, 8.03 ], [ -73.74, 8.03 ], [ -73.74, 8.02 ], [ -73.73, 8.02 ], [ -73.73, 8.01 ], [ -73.72, 8.01 ], [ -73.72, 8.0 ], [ -73.72, 7.99 ], [ -73.72, 7.98 ], [ -73.72, 7.97 ], [ -73.71, 7.97 ], [ -73.7, 7.97 ], [ -73.7, 7.96 ], [ -73.7, 7.95 ], [ -73.69, 7.95 ], [ -73.68, 7.94 ], [ -73.67, 7.93 ], [ -73.68, 7.92 ], [ -73.68, 7.91 ], [ -73.67, 7.9 ], [ -73.67, 7.89 ], [ -73.69, 7.88 ], [ -73.69, 7.87 ], [ -73.7, 7.87 ], [ -73.71, 7.86 ], [ -73.72, 7.85 ], [ -73.72, 7.84 ], [ -73.72, 7.83 ], [ -73.73, 7.83 ], [ -73.74, 7.83 ], [ -73.75, 7.82 ], [ -73.75, 7.81 ], [ -73.75, 7.8 ], [ -73.74, 7.8 ], [ -73.74, 7.79 ], [ -73.74, 7.78 ], [ -73.75, 7.77 ], [ -73.76, 7.77 ], [ -73.76, 7.76 ], [ -73.76, 7.75 ], [ -73.63, 7.75 ], [ -73.61, 7.74 ], [ -73.6, 7.74 ], [ -73.59, 7.74 ], [ -73.56, 7.73 ], [ -73.56, 7.72 ], [ -73.55, 7.71 ], [ -73.54, 7.71 ], [ -73.53, 7.71 ], [ -73.52, 7.71 ], [ -73.52, 7.69 ], [ -73.51, 7.68 ], [ -73.5, 7.68 ], [ -73.49, 7.68 ], [ -73.48, 7.68 ], [ -73.47, 7.68 ], [ -73.46, 7.69 ], [ -73.44, 7.7 ], [ -73.43, 7.71 ], [ -73.41, 7.71 ], [ -73.41, 7.72 ], [ -73.4, 7.72 ], [ -73.41, 7.73 ], [ -73.39, 7.75 ], [ -73.38, 7.76 ], [ -73.38, 7.77 ], [ -73.37, 7.78 ], [ -73.36, 7.79 ], [ -73.35, 7.79 ], [ -73.35, 7.8 ], [ -73.35, 7.81 ], [ -73.34, 7.81 ], [ -73.35, 7.83 ], [ -73.35, 7.84 ], [ -73.35, 7.85 ], [ -73.35, 7.86 ], [ -73.35, 7.87 ], [ -73.35, 7.88 ], [ -73.35, 7.89 ], [ -73.35, 7.9 ], [ -73.34, 7.9 ], [ -73.33, 7.9 ], [ -73.33, 7.91 ], [ -73.32, 7.91 ], [ -73.31, 7.91 ], [ -73.3, 7.91 ], [ -73.3, 7.92 ], [ -73.29, 7.93 ], [ -73.28, 7.94 ], [ -73.28, 7.95 ], [ -73.27, 7.96 ], [ -73.28, 7.99 ], [ -73.29, 7.99 ], [ -73.3, 7.99 ], [ -73.3, 8.0 ], [ -73.3, 8.01 ], [ -73.31, 8.02 ], [ -73.32, 8.01 ], [ -73.33, 8.02 ], [ -73.34, 8.02 ], [ -73.36, 8.02 ], [ -73.37, 8.03 ], [ -73.37, 8.04 ], [ -73.37, 8.06 ], [ -73.36, 8.07 ], [ -73.37, 8.07 ], [ -73.37, 8.08 ], [ -73.37, 8.09 ], [ -73.38, 8.1 ], [ -73.38, 8.11 ], [ -73.39, 8.11 ], [ -73.4, 8.11 ], [ -73.41, 8.11 ], [ -73.42, 8.11 ], [ -73.42, 8.12 ], [ -73.43, 8.12 ], [ -73.43, 8.13 ], [ -73.43, 8.14 ], [ -73.44, 8.15 ], [ -73.43, 8.16 ], [ -73.43, 8.17 ], [ -73.43, 8.18 ], [ -73.44, 8.19 ], [ -73.45, 8.19 ], [ -73.44, 8.2 ], [ -73.44, 8.21 ], [ -73.43, 8.21 ], [ -73.43, 8.22 ], [ -73.43, 8.23 ], [ -73.43, 8.24 ], [ -73.43, 8.25 ], [ -73.44, 8.25 ], [ -73.44, 8.26 ], [ -73.43, 8.26 ], [ -73.42, 8.27 ], [ -73.41, 8.26 ], [ -73.4, 8.26 ], [ -73.39, 8.26 ], [ -73.39, 8.27 ], [ -73.37, 8.27 ], [ -73.37, 8.28 ], [ -73.37, 8.29 ], [ -73.38, 8.29 ], [ -73.38, 8.31 ], [ -73.37, 8.32 ], [ -73.36, 8.32 ], [ -73.36, 8.33 ], [ -73.35, 8.33 ], [ -73.35, 8.37 ], [ -73.35, 8.38 ], [ -73.35, 8.41 ], [ -73.34, 8.42 ], [ -73.34, 8.43 ], [ -73.34, 8.44 ], [ -73.36, 8.45 ], [ -73.37, 8.46 ], [ -73.38, 8.46 ], [ -73.39, 8.46 ], [ -73.4, 8.46 ], [ -73.41, 8.46 ], [ -73.42, 8.45 ], [ -73.41, 8.44 ], [ -73.41, 8.43 ], [ -73.4, 8.42 ], [ -73.4, 8.41 ], [ -73.4, 8.39 ], [ -73.4, 8.38 ], [ -73.41, 8.37 ], [ -73.42, 8.37 ], [ -73.42, 8.36 ], [ -73.43, 8.36 ], [ -73.44, 8.34 ], [ -73.46, 8.35 ], [ -73.46, 8.36 ], [ -73.47, 8.37 ], [ -73.49, 8.38 ], [ -73.51, 8.39 ], [ -73.52, 8.39 ], [ -73.51, 8.4 ], [ -73.5, 8.41 ], [ -73.49, 8.43 ], [ -73.49, 8.44 ], [ -73.47, 8.45 ], [ -73.47, 8.46 ], [ -73.48, 8.47 ], [ -73.49, 8.47 ], [ -73.5, 8.48 ], [ -73.52, 8.48 ], [ -73.53, 8.48 ], [ -73.55, 8.47 ], [ -73.55, 8.48 ], [ -73.56, 8.48 ], [ -73.56, 8.49 ], [ -73.57, 8.49 ], [ -73.58, 8.49 ], [ -73.58, 8.5 ], [ -73.57, 8.5 ], [ -73.57, 8.51 ], [ -73.56, 8.51 ], [ -73.55, 8.51 ], [ -73.55, 8.52 ], [ -73.54, 8.52 ], [ -73.53, 8.53 ], [ -73.52, 8.53 ], [ -73.52, 8.54 ], [ -73.53, 8.55 ], [ -73.54, 8.55 ], [ -73.54, 8.56 ], [ -73.55, 8.56 ], [ -73.55, 8.58 ], [ -73.54, 8.59 ], [ -73.55, 8.6 ], [ -73.55, 8.61 ], [ -73.54, 8.62 ], [ -73.53, 8.62 ], [ -73.53, 8.63 ], [ -73.52, 8.64 ], [ -73.52, 8.65 ], [ -73.52, 8.66 ], [ -73.51, 8.67 ], [ -73.51, 8.68 ], [ -73.51, 8.69 ], [ -73.5, 8.69 ], [ -73.49, 8.69 ], [ -73.49, 8.7 ], [ -73.48, 8.7 ], [ -73.47, 8.71 ], [ -73.47, 8.72 ], [ -73.47, 8.73 ], [ -73.46, 8.75 ], [ -73.45, 8.75 ], [ -73.44, 8.76 ], [ -73.42, 8.76 ], [ -73.42, 8.77 ], [ -73.41, 8.78 ], [ -73.42, 8.79 ], [ -73.42, 8.8 ], [ -73.42, 8.81 ], [ -73.43, 8.81 ], [ -73.43, 8.82 ], [ -73.43, 8.83 ], [ -73.45, 8.85 ], [ -73.45, 8.86 ], [ -73.45, 8.87 ], [ -73.44, 8.87 ], [ -73.43, 8.87 ], [ -73.43, 8.9 ], [ -73.44, 8.91 ], [ -73.43, 8.92 ], [ -73.43, 8.96 ], [ -73.44, 8.97 ], [ -73.44, 8.98 ], [ -73.44, 8.99 ], [ -73.44, 9.0 ], [ -73.42, 9.01 ], [ -73.42, 9.03 ], [ -73.42, 9.04 ], [ -73.41, 9.05 ], [ -73.42, 9.06 ], [ -73.42, 9.07 ], [ -73.42, 9.09 ], [ -73.42, 9.1 ], [ -73.43, 9.1 ], [ -73.42, 9.12 ], [ -73.42, 9.13 ], [ -73.42, 9.14 ], [ -73.41, 9.15 ], [ -73.4, 9.16 ], [ -73.39, 9.16 ], [ -73.38, 9.15 ], [ -73.37, 9.16 ], [ -73.37, 9.19 ], [ -73.36, 9.19 ], [ -73.36, 9.2 ], [ -73.36, 9.21 ], [ -73.36, 9.22 ], [ -73.35, 9.22 ], [ -73.33, 9.21 ], [ -73.33, 9.23 ], [ -73.32, 9.23 ], [ -73.32, 9.25 ], [ -73.31, 9.25 ], [ -73.3, 9.27 ], [ -73.3, 9.28 ], [ -73.29, 9.29 ], [ -73.29, 9.3 ], [ -73.29, 9.31 ], [ -73.28, 9.32 ], [ -73.27, 9.32 ], [ -73.27, 9.33 ], [ -73.26, 9.34 ], [ -73.26, 9.36 ], [ -73.26, 9.37 ], [ -73.26, 9.38 ], [ -73.25, 9.38 ], [ -73.24, 9.39 ], [ -73.24, 9.4 ], [ -73.22, 9.42 ], [ -73.21, 9.42 ], [ -73.21, 9.43 ], [ -73.2, 9.43 ], [ -73.2, 9.44 ], [ -73.19, 9.44 ], [ -73.19, 9.45 ], [ -73.19, 9.46 ], [ -73.2, 9.46 ], [ -73.2, 9.47 ], [ -73.2, 9.48 ], [ -73.19, 9.47 ], [ -73.18, 9.48 ], [ -73.17, 9.48 ], [ -73.17, 9.49 ], [ -73.18, 9.5 ], [ -73.17, 9.51 ], [ -73.16, 9.52 ], [ -73.15, 9.53 ], [ -73.15, 9.54 ], [ -73.14, 9.54 ], [ -73.14, 9.55 ], [ -73.13, 9.55 ], [ -73.13, 9.56 ], [ -73.11, 9.55 ], [ -73.1, 9.56 ], [ -73.09, 9.56 ], [ -73.09, 9.57 ], [ -73.08, 9.58 ], [ -73.08, 9.59 ], [ -73.07, 9.6 ], [ -73.08, 9.61 ], [ -73.08, 9.62 ], [ -73.07, 9.63 ], [ -73.07, 9.64 ], [ -73.06, 9.65 ], [ -73.06, 9.66 ], [ -73.06, 9.67 ], [ -73.05, 9.68 ], [ -73.05, 9.69 ], [ -73.04, 9.69 ], [ -73.04, 9.7 ], [ -73.03, 9.7 ], [ -73.03, 9.71 ], [ -73.03, 9.72 ], [ -73.02, 9.73 ], [ -73.01, 9.74 ], [ -73.0, 9.74 ], [ -73.01, 9.75 ], [ -73.0, 9.76 ], [ -73.0, 9.77 ], [ -72.99, 9.78 ], [ -72.99, 9.79 ], [ -72.97, 9.8 ], [ -72.97, 9.82 ], [ -72.96, 9.82 ], [ -72.96, 9.83 ], [ -72.95, 9.83 ], [ -72.95, 9.84 ], [ -72.95, 9.85 ], [ -72.96, 9.85 ], [ -72.97, 9.86 ], [ -72.97, 9.87 ], [ -72.98, 9.87 ], [ -72.99, 9.88 ], [ -72.98, 9.89 ], [ -72.99, 9.9 ], [ -72.98, 9.91 ], [ -72.98, 9.92 ], [ -72.99, 9.92 ], [ -73.0, 9.92 ], [ -72.99, 9.94 ], [ -72.99, 9.95 ], [ -72.98, 9.96 ], [ -72.98, 9.97 ], [ -72.98, 9.98 ], [ -72.97, 9.99 ], [ -72.97, 10.0 ], [ -72.96, 10.01 ], [ -72.96, 10.02 ], [ -72.95, 10.03 ], [ -72.95, 10.04 ], [ -72.96, 10.05 ], [ -72.95, 10.06 ], [ -72.95, 10.07 ], [ -72.94, 10.07 ], [ -72.94, 10.08 ], [ -72.93, 10.08 ], [ -72.93, 10.09 ], [ -72.93, 10.1 ], [ -72.92, 10.1 ], [ -72.92, 10.11 ], [ -72.91, 10.11 ], [ -72.92, 10.14 ], [ -72.92, 10.16 ], [ -72.91, 10.18 ], [ -72.91, 10.21 ], [ -72.9, 10.21 ], [ -72.9, 10.22 ], [ -72.9, 10.23 ], [ -72.9, 10.24 ], [ -72.9, 10.25 ], [ -72.91, 10.27 ], [ -72.9, 10.28 ], [ -72.91, 10.29 ], [ -72.9, 10.29 ], [ -72.9, 10.31 ], [ -72.91, 10.32 ], [ -72.9, 10.34 ], [ -72.91, 10.34 ], [ -72.91, 10.35 ], [ -72.9, 10.36 ], [ -72.89, 10.36 ], [ -72.89, 10.37 ], [ -72.89, 10.38 ], [ -72.89, 10.39 ], [ -72.9, 10.4 ], [ -72.9, 10.41 ], [ -72.9, 10.42 ], [ -72.9, 10.43 ], [ -72.9, 10.44 ], [ -72.92, 10.43 ], [ -72.93, 10.43 ], [ -72.94, 10.43 ], [ -72.96, 10.41 ], [ -72.97, 10.41 ], [ -72.98, 10.4 ], [ -72.99, 10.4 ], [ -73.0, 10.4 ], [ -73.01, 10.4 ], [ -73.01, 10.41 ], [ -73.02, 10.41 ], [ -73.04, 10.4 ], [ -73.05, 10.41 ], [ -73.06, 10.42 ], [ -73.07, 10.42 ], [ -73.08, 10.43 ], [ -73.1, 10.42 ], [ -73.11, 10.41 ], [ -73.12, 10.41 ], [ -73.12, 10.4 ], [ -73.13, 10.4 ], [ -73.14, 10.4 ], [ -73.15, 10.4 ], [ -73.14, 10.41 ], [ -73.15, 10.42 ], [ -73.14, 10.44 ], [ -73.15, 10.44 ], [ -73.15, 10.45 ], [ -73.16, 10.46 ], [ -73.17, 10.46 ], [ -73.18, 10.46 ], [ -73.18, 10.47 ], [ -73.17, 10.47 ], [ -73.17, 10.48 ], [ -73.16, 10.48 ], [ -73.16, 10.49 ], [ -73.16, 10.5 ], [ -73.15, 10.5 ], [ -73.15, 10.51 ], [ -73.14, 10.51 ], [ -73.14, 10.53 ], [ -73.13, 10.53 ], [ -73.12, 10.53 ], [ -73.11, 10.54 ], [ -73.1, 10.55 ], [ -73.1, 10.56 ], [ -73.1, 10.57 ], [ -73.1, 10.58 ], [ -73.09, 10.58 ], [ -73.09, 10.59 ], [ -73.09, 10.6 ], [ -73.09, 10.61 ], [ -73.09, 10.62 ], [ -73.08, 10.62 ], [ -73.08, 10.63 ], [ -73.09, 10.64 ], [ -73.09, 10.65 ], [ -73.1, 10.65 ], [ -73.1, 10.66 ], [ -73.1, 10.67 ], [ -73.11, 10.68 ], [ -73.13, 10.68 ], [ -73.15, 10.69 ], [ -73.16, 10.7 ], [ -73.16, 10.71 ], [ -73.2, 10.71 ], [ -73.21, 10.71 ], [ -73.21, 10.72 ], [ -73.22, 10.73 ], [ -73.23, 10.73 ], [ -73.24, 10.74 ], [ -73.25, 10.73 ], [ -73.26, 10.73 ], [ -73.27, 10.73 ], [ -73.27, 10.74 ], [ -73.27, 10.75 ], [ -73.26, 10.76 ], [ -73.25, 10.77 ], [ -73.25, 10.78 ], [ -73.26, 10.78 ], [ -73.26, 10.79 ], [ -73.26, 10.8 ], [ -73.25, 10.8 ], [ -73.25, 10.81 ], [ -73.26, 10.83 ], [ -73.27, 10.84 ], [ -73.28, 10.85 ], [ -73.28, 10.86 ], [ -73.29, 10.86 ], [ -73.3, 10.86 ], [ -73.31, 10.85 ], [ -73.33, 10.86 ], [ -73.34, 10.86 ], [ -73.35, 10.86 ], [ -73.36, 10.86 ], [ -73.37, 10.86 ], [ -73.38, 10.86 ], [ -73.39, 10.87 ], [ -73.4, 10.87 ], [ -73.42, 10.87 ], [ -73.44, 10.87 ], [ -73.45, 10.87 ], [ -73.48, 10.87 ] ], [ [ -73.99, 9.59 ], [ -73.99, 9.58 ], [ -74.0, 9.58 ], [ -73.99, 9.59 ] ] ], [ [ [ -73.78, 8.1 ], [ -73.79, 8.11 ], [ -73.79, 8.1 ], [ -73.78, 8.1 ] ] ] ] } },
{ "type": "Feature", "properties": { "coddepto": 54 }, "geometry": { "type": "MultiPolygon", "coordinates": [ [ [ [ -73.01, 9.29 ], [ -73.02, 9.29 ], [ -73.03, 9.29 ], [ -73.03, 9.28 ], [ -73.04, 9.28 ], [ -73.04, 9.27 ], [ -73.04, 9.26 ], [ -73.05, 9.26 ], [ -73.06, 9.26 ], [ -73.07, 9.26 ], [ -73.08, 9.25 ], [ -73.08, 9.24 ], [ -73.09, 9.24 ], [ -73.09, 9.23 ], [ -73.1, 9.23 ], [ -73.11, 9.23 ], [ -73.12, 9.23 ], [ -73.13, 9.23 ], [ -73.13, 9.22 ], [ -73.14, 9.22 ], [ -73.14, 9.21 ], [ -73.15, 9.21 ], [ -73.15, 9.2 ], [ -73.16, 9.19 ], [ -73.17, 9.19 ], [ -73.17, 9.18 ], [ -73.18, 9.18 ], [ -73.19, 9.17 ], [ -73.2, 9.18 ], [ -73.21, 9.18 ], [ -73.22, 9.18 ], [ -73.23, 9.18 ], [ -73.23, 9.17 ], [ -73.24, 9.17 ], [ -73.25, 9.16 ], [ -73.26, 9.16 ], [ -73.27, 9.16 ], [ -73.28, 9.16 ], [ -73.29, 9.17 ], [ -73.3, 9.17 ], [ -73.32, 9.17 ], [ -73.33, 9.17 ], [ -73.34, 9.17 ], [ -73.35, 9.18 ], [ -73.35, 9.19 ], [ -73.35, 9.2 ], [ -73.35, 9.21 ], [ -73.35, 9.22 ], [ -73.36, 9.22 ], [ -73.36, 9.21 ], [ -73.36, 9.2 ], [ -73.36, 9.19 ], [ -73.37, 9.19 ], [ -73.37, 9.16 ], [ -73.38, 9.15 ], [ -73.39, 9.16 ], [ -73.4, 9.16 ], [ -73.41, 9.15 ], [ -73.42, 9.14 ], [ -73.42, 9.13 ], [ -73.42, 9.12 ], [ -73.43, 9.1 ], [ -73.42, 9.1 ], [ -73.42, 9.09 ], [ -73.42, 9.07 ], [ -73.42, 9.06 ], [ -73.41, 9.05 ], [ -73.42, 9.04 ], [ -73.42, 9.03 ], [ -73.42, 9.01 ], [ -73.44, 9.0 ], [ -73.44, 8.99 ], [ -73.44, 8.98 ], [ -73.44, 8.97 ], [ -73.43, 8.96 ], [ -73.43, 8.92 ], [ -73.44, 8.91 ], [ -73.43, 8.9 ], [ -73.43, 8.87 ], [ -73.44, 8.87 ], [ -73.45, 8.87 ], [ -73.45, 8.86 ], [ -73.45, 8.85 ], [ -73.44, 8.85 ], [ -73.43, 8.83 ], [ -73.43, 8.82 ], [ -73.43, 8.81 ], [ -73.42, 8.81 ], [ -73.42, 8.8 ], [ -73.42, 8.79 ], [ -73.41, 8.78 ], [ -73.42, 8.77 ], [ -73.42, 8.76 ], [ -73.44, 8.76 ], [ -73.45, 8.75 ], [ -73.46, 8.75 ], [ -73.47, 8.73 ], [ -73.47, 8.72 ], [ -73.47, 8.71 ], [ -73.48, 8.7 ], [ -73.49, 8.7 ], [ -73.49, 8.69 ], [ -73.5, 8.69 ], [ -73.51, 8.68 ], [ -73.51, 8.67 ], [ -73.52, 8.66 ], [ -73.52, 8.65 ], [ -73.52, 8.64 ], [ -73.53, 8.63 ], [ -73.53, 8.62 ], [ -73.54, 8.62 ], [ -73.55, 8.61 ], [ -73.55, 8.6 ], [ -73.54, 8.59 ], [ -73.55, 8.58 ], [ -73.55, 8.56 ], [ -73.54, 8.56 ], [ -73.54, 8.55 ], [ -73.53, 8.55 ], [ -73.52, 8.54 ], [ -73.52, 8.53 ], [ -73.53, 8.53 ], [ -73.54, 8.52 ], [ -73.55, 8.52 ], [ -73.55, 8.51 ], [ -73.57, 8.5 ], [ -73.58, 8.5 ], [ -73.57, 8.49 ], [ -73.56, 8.49 ], [ -73.56, 8.48 ], [ -73.55, 8.48 ], [ -73.55, 8.47 ], [ -73.53, 8.48 ], [ -73.52, 8.48 ], [ -73.5, 8.48 ], [ -73.49, 8.47 ], [ -73.48, 8.47 ], [ -73.47, 8.46 ], [ -73.47, 8.45 ], [ -73.49, 8.44 ], [ -73.49, 8.43 ], [ -73.5, 8.41 ], [ -73.51, 8.4 ], [ -73.52, 8.39 ], [ -73.51, 8.39 ], [ -73.49, 8.38 ], [ -73.47, 8.37 ], [ -73.46, 8.36 ], [ -73.46, 8.35 ], [ -73.44, 8.34 ], [ -73.43, 8.36 ], [ -73.42, 8.36 ], [ -73.42, 8.37 ], [ -73.41, 8.37 ], [ -73.4, 8.38 ], [ -73.4, 8.39 ], [ -73.4, 8.41 ], [ -73.4, 8.42 ], [ -73.41, 8.43 ], [ -73.41, 8.44 ], [ -73.42, 8.45 ], [ -73.41, 8.46 ], [ -73.4, 8.46 ], [ -73.39, 8.46 ], [ -73.38, 8.46 ], [ -73.37, 8.46 ], [ -73.36, 8.45 ], [ -73.34, 8.44 ], [ -73.34, 8.43 ], [ -73.34, 8.42 ], [ -73.35, 8.41 ], [ -73.35, 8.38 ], [ -73.35, 8.37 ], [ -73.35, 8.33 ], [ -73.36, 8.33 ], [ -73.36, 8.32 ], [ -73.37, 8.32 ], [ -73.38, 8.31 ], [ -73.38, 8.29 ], [ -73.37, 8.29 ], [ -73.37, 8.28 ], [ -73.37, 8.27 ], [ -73.39, 8.27 ], [ -73.39, 8.26 ], [ -73.4, 8.26 ], [ -73.41, 8.26 ], [ -73.42, 8.27 ], [ -73.43, 8.26 ], [ -73.44, 8.26 ], [ -73.44, 8.25 ], [ -73.43, 8.25 ], [ -73.43, 8.24 ], [ -73.43, 8.23 ], [ -73.43, 8.22 ], [ -73.43, 8.21 ], [ -73.44, 8.21 ], [ -73.44, 8.2 ], [ -73.45, 8.19 ], [ -73.44, 8.19 ], [ -73.43, 8.18 ], [ -73.43, 8.17 ], [ -73.43, 8.16 ], [ -73.44, 8.15 ], [ -73.43, 8.14 ], [ -73.43, 8.13 ], [ -73.43, 8.12 ], [ -73.42, 8.12 ], [ -73.42, 8.11 ], [ -73.41, 8.11 ], [ -73.4, 8.11 ], [ -73.39, 8.11 ], [ -73.38, 8.11 ], [ -73.38, 8.1 ], [ -73.37, 8.09 ], [ -73.37, 8.08 ], [ -73.37, 8.07 ], [ -73.36, 8.07 ], [ -73.37, 8.06 ], [ -73.37, 8.04 ], [ -73.37, 8.03 ], [ -73.36, 8.02 ], [ -73.34, 8.02 ], [ -73.33, 8.02 ], [ -73.32, 8.01 ], [ -73.31, 8.02 ], [ -73.3, 8.01 ], [ -73.3, 8.0 ], [ -73.3, 7.99 ], [ -73.29, 7.99 ], [ -73.28, 7.99 ], [ -73.28, 7.97 ], [ -73.28, 7.95 ], [ -73.28, 7.94 ], [ -73.29, 7.93 ], [ -73.3, 7.92 ], [ -73.3, 7.91 ], [ -73.31, 7.91 ], [ -73.32, 7.91 ], [ -73.33, 7.91 ], [ -73.33, 7.9 ], [ -73.34, 7.9 ], [ -73.35, 7.9 ], [ -73.35, 7.89 ], [ -73.35, 7.88 ], [ -73.35, 7.87 ], [ -73.35, 7.86 ], [ -73.35, 7.85 ], [ -73.35, 7.84 ], [ -73.35, 7.83 ], [ -73.34, 7.81 ], [ -73.35, 7.81 ], [ -73.35, 7.8 ], [ -73.35, 7.79 ], [ -73.36, 7.79 ], [ -73.37, 7.78 ], [ -73.38, 7.77 ], [ -73.38, 7.76 ], [ -73.39, 7.75 ], [ -73.41, 7.73 ], [ -73.4, 7.72 ], [ -73.41, 7.72 ], [ -73.41, 7.71 ], [ -73.43, 7.71 ], [ -73.44, 7.7 ], [ -73.46, 7.69 ], [ -73.47, 7.68 ], [ -73.48, 7.68 ], [ -73.49, 7.68 ], [ -73.5, 7.68 ], [ -73.51, 7.68 ], [ -73.52, 7.69 ], [ -73.52, 7.71 ], [ -73.53, 7.71 ], [ -73.54, 7.71 ], [ -73.55, 7.71 ], [ -73.56, 7.72 ], [ -73.56, 7.73 ], [ -73.59, 7.74 ], [ -73.6, 7.74 ], [ -73.61, 7.74 ], [ -73.61, 7.73 ], [ -73.6, 7.73 ], [ -73.6, 7.72 ], [ -73.6, 7.71 ], [ -73.6, 7.7 ], [ -73.59, 7.7 ], [ -73.58, 7.7 ], [ -73.57, 7.7 ], [ -73.57, 7.69 ], [ -73.56, 7.69 ], [ -73.56, 7.68 ], [ -73.56, 7.67 ], [ -73.55, 7.67 ], [ -73.54, 7.66 ], [ -73.53, 7.66 ], [ -73.53, 7.65 ], [ -73.53, 7.64 ], [ -73.52, 7.64 ], [ -73.52, 7.63 ], [ -73.52, 7.62 ], [ -73.51, 7.61 ], [ -73.51, 7.6 ], [ -73.5, 7.6 ], [ -73.49, 7.6 ], [ -73.49, 7.59 ], [ -73.47, 7.58 ], [ -73.46, 7.58 ], [ -73.46, 7.57 ], [ -73.45, 7.57 ], [ -73.44, 7.57 ], [ -73.43, 7.57 ], [ -73.42, 7.57 ], [ -73.41, 7.57 ], [ -73.4, 7.57 ], [ -73.4, 7.58 ], [ -73.39, 7.58 ], [ -73.37, 7.57 ], [ -73.37, 7.56 ], [ -73.37, 7.55 ], [ -73.36, 7.55 ], [ -73.36, 7.54 ], [ -73.35, 7.54 ], [ -73.35, 7.55 ], [ -73.33, 7.55 ], [ -73.32, 7.55 ], [ -73.31, 7.55 ], [ -73.3, 7.55 ], [ -73.29, 7.55 ], [ -73.28, 7.55 ], [ -73.28, 7.54 ], [ -73.27, 7.54 ], [ -73.26, 7.53 ], [ -73.25, 7.54 ], [ -73.25, 7.55 ], [ -73.25, 7.56 ], [ -73.25, 7.57 ], [ -73.26, 7.58 ], [ -73.26, 7.59 ], [ -73.24, 7.6 ], [ -73.24, 7.62 ], [ -73.23, 7.63 ], [ -73.22, 7.63 ], [ -73.21, 7.63 ], [ -73.2, 7.63 ], [ -73.19, 7.62 ], [ -73.18, 7.62 ], [ -73.16, 7.63 ], [ -73.16, 7.62 ], [ -73.14, 7.62 ], [ -73.13, 7.61 ], [ -73.12, 7.61 ], [ -73.11, 7.61 ], [ -73.1, 7.62 ], [ -73.09, 7.61 ], [ -73.06, 7.61 ], [ -73.05, 7.61 ], [ -73.04, 7.61 ], [ -73.04, 7.62 ], [ -73.03, 7.62 ], [ -73.02, 7.62 ], [ -73.01, 7.62 ], [ -73.0, 7.62 ], [ -72.99, 7.62 ], [ -72.98, 7.62 ], [ -72.98, 7.61 ], [ -72.99, 7.6 ], [ -72.98, 7.56 ], [ -72.99, 7.55 ], [ -72.98, 7.54 ], [ -72.98, 7.53 ], [ -72.97, 7.52 ], [ -72.96, 7.52 ], [ -72.95, 7.52 ], [ -72.94, 7.51 ], [ -72.93, 7.5 ], [ -72.91, 7.49 ], [ -72.91, 7.48 ], [ -72.9, 7.48 ], [ -72.89, 7.47 ], [ -72.9, 7.45 ], [ -72.9, 7.43 ], [ -72.89, 7.43 ], [ -72.89, 7.42 ], [ -72.88, 7.41 ], [ -72.88, 7.4 ], [ -72.87, 7.39 ], [ -72.85, 7.37 ], [ -72.86, 7.36 ], [ -72.85, 7.36 ], [ -72.84, 7.36 ], [ -72.84, 7.34 ], [ -72.84, 7.33 ], [ -72.84, 7.32 ], [ -72.83, 7.3 ], [ -72.86, 7.28 ], [ -72.87, 7.28 ], [ -72.87, 7.27 ], [ -72.88, 7.27 ], [ -72.88, 7.26 ], [ -72.87, 7.26 ], [ -72.87, 7.25 ], [ -72.87, 7.24 ], [ -72.87, 7.23 ], [ -72.86, 7.23 ], [ -72.86, 7.22 ], [ -72.85, 7.21 ], [ -72.84, 7.21 ], [ -72.83, 7.21 ], [ -72.83, 7.2 ], [ -72.84, 7.2 ], [ -72.84, 7.19 ], [ -72.84, 7.17 ], [ -72.85, 7.16 ], [ -72.86, 7.15 ], [ -72.85, 7.15 ], [ -72.85, 7.14 ], [ -72.86, 7.12 ], [ -72.87, 7.11 ], [ -72.88, 7.08 ], [ -72.88, 7.07 ], [ -72.88, 7.06 ], [ -72.86, 7.06 ], [ -72.85, 7.05 ], [ -72.84, 7.05 ], [ -72.83, 7.05 ], [ -72.82, 7.04 ], [ -72.81, 7.04 ], [ -72.79, 7.04 ], [ -72.78, 7.03 ], [ -72.79, 7.02 ], [ -72.76, 7.02 ], [ -72.76, 7.01 ], [ -72.75, 7.0 ], [ -72.75, 6.99 ], [ -72.74, 6.98 ], [ -72.73, 6.99 ], [ -72.72, 7.01 ], [ -72.71, 7.01 ], [ -72.7, 7.0 ], [ -72.69, 7.01 ], [ -72.68, 7.01 ], [ -72.68, 7.0 ], [ -72.67, 6.99 ], [ -72.67, 6.97 ], [ -72.66, 6.97 ], [ -72.66, 6.98 ], [ -72.66, 6.99 ], [ -72.65, 7.0 ], [ -72.63, 6.99 ], [ -72.62, 6.99 ], [ -72.61, 6.99 ], [ -72.6, 6.99 ], [ -72.59, 6.99 ], [ -72.59, 7.0 ], [ -72.58, 7.0 ], [ -72.57, 7.0 ], [ -72.56, 7.0 ], [ -72.55, 6.99 ], [ -72.55, 6.97 ], [ -72.54, 6.96 ], [ -72.54, 6.94 ], [ -72.55, 6.92 ], [ -72.55, 6.91 ], [ -72.55, 6.9 ], [ -72.55, 6.89 ], [ -72.54, 6.89 ], [ -72.53, 6.89 ], [ -72.52, 6.89 ], [ -72.51, 6.89 ], [ -72.51, 6.9 ], [ -72.5, 6.91 ], [ -72.5, 6.92 ], [ -72.49, 6.92 ], [ -72.47, 6.91 ], [ -72.46, 6.9 ], [ -72.44, 6.89 ], [ -72.43, 6.88 ], [ -72.42, 6.88 ], [ -72.41, 6.87 ], [ -72.4, 6.87 ], [ -72.39, 6.87 ], [ -72.38, 6.88 ], [ -72.37, 6.89 ], [ -72.36, 6.89 ], [ -72.35, 6.89 ], [ -72.35, 6.9 ], [ -72.34, 6.91 ], [ -72.31, 6.93 ], [ -72.31, 6.95 ], [ -72.3, 6.96 ], [ -72.3, 6.97 ], [ -72.29, 6.99 ], [ -72.28, 7.01 ], [ -72.25, 7.01 ], [ -72.26, 6.98 ], [ -72.24, 6.98 ], [ -72.23, 6.98 ], [ -72.22, 6.99 ], [ -72.21, 7.0 ], [ -72.2, 7.01 ], [ -72.21, 7.02 ], [ -72.2, 7.03 ], [ -72.2, 7.04 ], [ -72.19, 7.04 ], [ -72.19, 7.03 ], [ -72.18, 7.03 ], [ -72.17, 7.03 ], [ -72.17, 7.05 ], [ -72.16, 7.05 ], [ -72.16, 7.04 ], [ -72.16, 7.03 ], [ -72.15, 7.03 ], [ -72.15, 7.02 ], [ -72.14, 7.01 ], [ -72.13, 7.01 ], [ -72.11, 7.0 ], [ -72.11, 7.01 ], [ -72.09, 7.02 ], [ -72.09, 7.04 ], [ -72.08, 7.05 ], [ -72.07, 7.04 ], [ -72.06, 7.04 ], [ -72.05, 7.04 ], [ -72.17, 7.25 ], [ -72.17, 7.26 ], [ -72.17, 7.27 ], [ -72.17, 7.29 ], [ -72.16, 7.31 ], [ -72.16, 7.32 ], [ -72.15, 7.33 ], [ -72.17, 7.34 ], [ -72.17, 7.35 ], [ -72.18, 7.35 ], [ -72.18, 7.36 ], [ -72.19, 7.37 ], [ -72.2, 7.38 ], [ -72.19, 7.39 ], [ -72.2, 7.39 ], [ -72.21, 7.39 ], [ -72.22, 7.4 ], [ -72.23, 7.39 ], [ -72.24, 7.39 ], [ -72.25, 7.39 ], [ -72.25, 7.38 ], [ -72.26, 7.38 ], [ -72.27, 7.38 ], [ -72.28, 7.38 ], [ -72.29, 7.39 ], [ -72.3, 7.39 ], [ -72.31, 7.38 ], [ -72.33, 7.38 ], [ -72.34, 7.39 ], [ -72.35, 7.4 ], [ -72.36, 7.39 ], [ -72.37, 7.4 ], [ -72.43, 7.4 ], [ -72.44, 7.41 ], [ -72.44, 7.42 ], [ -72.44, 7.43 ], [ -72.44, 7.44 ], [ -72.44, 7.45 ], [ -72.45, 7.46 ], [ -72.45, 7.47 ], [ -72.46, 7.48 ], [ -72.47, 7.48 ], [ -72.48, 7.49 ], [ -72.47, 7.5 ], [ -72.47, 7.51 ], [ -72.47, 7.52 ], [ -72.47, 7.53 ], [ -72.46, 7.54 ], [ -72.46, 7.55 ], [ -72.45, 7.56 ], [ -72.46, 7.58 ], [ -72.47, 7.59 ], [ -72.47, 7.61 ], [ -72.47, 7.62 ], [ -72.48, 7.63 ], [ -72.47, 7.64 ], [ -72.48, 7.65 ], [ -72.47, 7.65 ], [ -72.48, 7.66 ], [ -72.47, 7.67 ], [ -72.48, 7.68 ], [ -72.47, 7.69 ], [ -72.47, 7.7 ], [ -72.47, 7.71 ], [ -72.47, 7.72 ], [ -72.47, 7.73 ], [ -72.47, 7.75 ], [ -72.47, 7.76 ], [ -72.47, 7.77 ], [ -72.47, 7.8 ], [ -72.46, 7.8 ], [ -72.45, 7.82 ], [ -72.45, 7.83 ], [ -72.45, 7.84 ], [ -72.45, 7.85 ], [ -72.45, 7.86 ], [ -72.45, 7.87 ], [ -72.45, 7.88 ], [ -72.46, 7.88 ], [ -72.46, 7.89 ], [ -72.46, 7.9 ], [ -72.46, 7.91 ], [ -72.46, 7.92 ], [ -72.47, 7.92 ], [ -72.47, 7.93 ], [ -72.48, 7.93 ], [ -72.49, 7.93 ], [ -72.49, 7.94 ], [ -72.48, 7.94 ], [ -72.48, 7.95 ], [ -72.47, 7.96 ], [ -72.46, 7.96 ], [ -72.46, 7.97 ], [ -72.45, 7.97 ], [ -72.44, 7.97 ], [ -72.44, 7.98 ], [ -72.44, 7.99 ], [ -72.42, 7.99 ], [ -72.42, 8.0 ], [ -72.42, 8.01 ], [ -72.41, 8.02 ], [ -72.41, 8.03 ], [ -72.4, 8.03 ], [ -72.39, 8.04 ], [ -72.38, 8.03 ], [ -72.37, 8.02 ], [ -72.36, 8.01 ], [ -72.35, 8.0 ], [ -72.35, 8.02 ], [ -72.35, 8.03 ], [ -72.35, 8.04 ], [ -72.35, 8.07 ], [ -72.35, 8.08 ], [ -72.35, 8.09 ], [ -72.37, 8.09 ], [ -72.37, 8.11 ], [ -72.37, 8.12 ], [ -72.36, 8.12 ], [ -72.36, 8.13 ], [ -72.36, 8.14 ], [ -72.36, 8.15 ], [ -72.35, 8.16 ], [ -72.35, 8.17 ], [ -72.36, 8.17 ], [ -72.36, 8.18 ], [ -72.37, 8.18 ], [ -72.37, 8.19 ], [ -72.37, 8.2 ], [ -72.37, 8.21 ], [ -72.38, 8.21 ], [ -72.38, 8.22 ], [ -72.38, 8.23 ], [ -72.39, 8.24 ], [ -72.38, 8.25 ], [ -72.39, 8.25 ], [ -72.39, 8.26 ], [ -72.39, 8.27 ], [ -72.39, 8.28 ], [ -72.39, 8.29 ], [ -72.38, 8.29 ], [ -72.38, 8.3 ], [ -72.38, 8.31 ], [ -72.38, 8.32 ], [ -72.39, 8.32 ], [ -72.39, 8.33 ], [ -72.39, 8.34 ], [ -72.39, 8.35 ], [ -72.39, 8.36 ], [ -72.4, 8.36 ], [ -72.41, 8.37 ], [ -72.41, 8.38 ], [ -72.42, 8.38 ], [ -72.43, 8.38 ], [ -72.62, 8.6 ], [ -72.63, 8.6 ], [ -72.64, 8.6 ], [ -72.64, 8.61 ], [ -72.65, 8.61 ], [ -72.7, 8.81 ], [ -72.72, 8.94 ], [ -72.75, 9.01 ], [ -72.76, 9.08 ], [ -72.76, 9.09 ], [ -72.76, 9.1 ], [ -72.77, 9.1 ], [ -72.78, 9.1 ], [ -72.78, 9.11 ], [ -72.79, 9.1 ], [ -72.8, 9.11 ], [ -72.81, 9.11 ], [ -72.82, 9.11 ], [ -72.82, 9.12 ], [ -72.83, 9.12 ], [ -72.85, 9.13 ], [ -72.87, 9.13 ], [ -72.88, 9.13 ], [ -72.88, 9.12 ], [ -72.89, 9.11 ], [ -72.89, 9.1 ], [ -72.9, 9.1 ], [ -72.91, 9.1 ], [ -72.92, 9.09 ], [ -72.93, 9.08 ], [ -72.94, 9.08 ], [ -72.94, 9.09 ], [ -72.95, 9.09 ], [ -72.95, 9.1 ], [ -72.95, 9.11 ], [ -72.96, 9.11 ], [ -72.96, 9.12 ], [ -72.97, 9.13 ], [ -72.99, 9.14 ], [ -72.99, 9.15 ], [ -72.97, 9.16 ], [ -72.96, 9.17 ], [ -72.96, 9.18 ], [ -72.96, 9.2 ], [ -72.97, 9.21 ], [ -72.98, 9.22 ], [ -72.99, 9.22 ], [ -73.0, 9.22 ], [ -73.0, 9.23 ], [ -72.99, 9.23 ], [ -72.99, 9.24 ], [ -72.99, 9.25 ], [ -72.99, 9.26 ], [ -73.0, 9.27 ], [ -73.01, 9.27 ], [ -73.0, 9.29 ], [ -73.01, 9.29 ] ] ] ] } },
{ "type": "Feature", "properties": { "coddepto": 68 }, "geometry": { "type": "MultiPolygon", "coordinates": [ [ [ [ -73.77, 8.11 ], [ -73.77, 8.12 ], [ -73.77, 8.13 ], [ -73.78, 8.14 ], [ -73.8, 8.13 ], [ -73.81, 8.13 ], [ -73.81, 8.12 ], [ -73.82, 8.11 ], [ -73.83, 8.1 ], [ -73.86, 8.08 ], [ -73.87, 8.06 ], [ -73.87, 8.05 ], [ -73.87, 8.02 ], [ -73.87, 7.98 ], [ -73.86, 7.97 ], [ -73.84, 7.95 ], [ -73.83, 7.94 ], [ -73.83, 7.93 ], [ -73.83, 7.91 ], [ -73.84, 7.9 ], [ -73.83, 7.89 ], [ -73.82, 7.86 ], [ -73.82, 7.85 ], [ -73.82, 7.82 ], [ -73.81, 7.81 ], [ -73.81, 7.79 ], [ -73.8, 7.77 ], [ -73.81, 7.76 ], [ -73.82, 7.74 ], [ -73.83, 7.74 ], [ -73.83, 7.73 ], [ -73.82, 7.72 ], [ -73.81, 7.71 ], [ -73.82, 7.69 ], [ -73.81, 7.67 ], [ -73.8, 7.65 ], [ -73.8, 7.64 ], [ -73.81, 7.65 ], [ -73.82, 7.64 ], [ -73.81, 7.63 ], [ -73.81, 7.62 ], [ -73.81, 7.61 ], [ -73.83, 7.6 ], [ -73.83, 7.58 ], [ -73.84, 7.57 ], [ -73.85, 7.54 ], [ -73.85, 7.53 ], [ -73.87, 7.53 ], [ -73.87, 7.52 ], [ -73.88, 7.52 ], [ -73.88, 7.51 ], [ -73.9, 7.5 ], [ -73.91, 7.5 ], [ -73.92, 7.48 ], [ -73.92, 7.47 ], [ -73.91, 7.46 ], [ -73.91, 7.45 ], [ -73.9, 7.45 ], [ -73.9, 7.44 ], [ -73.9, 7.43 ], [ -73.9, 7.41 ], [ -73.9, 7.4 ], [ -73.9, 7.39 ], [ -73.91, 7.38 ], [ -73.9, 7.37 ], [ -73.9, 7.36 ], [ -73.91, 7.35 ], [ -73.91, 7.34 ], [ -73.91, 7.33 ], [ -73.91, 7.3 ], [ -73.92, 7.27 ], [ -73.92, 7.26 ], [ -73.92, 7.24 ], [ -73.92, 7.23 ], [ -73.92, 7.22 ], [ -73.92, 7.21 ], [ -73.94, 7.18 ], [ -73.93, 7.16 ], [ -73.93, 7.14 ], [ -73.93, 7.13 ], [ -73.93, 7.12 ], [ -73.91, 7.1 ], [ -73.89, 7.08 ], [ -73.89, 7.07 ], [ -73.88, 7.03 ], [ -73.88, 7.02 ], [ -73.88, 7.01 ], [ -73.9, 6.99 ], [ -73.92, 6.97 ], [ -73.93, 6.96 ], [ -73.95, 6.95 ], [ -73.96, 6.94 ], [ -73.99, 6.93 ], [ -74.0, 6.92 ], [ -74.01, 6.92 ], [ -74.01, 6.91 ], [ -74.02, 6.89 ], [ -74.04, 6.88 ], [ -74.06, 6.86 ], [ -74.07, 6.85 ], [ -74.08, 6.84 ], [ -74.08, 6.82 ], [ -74.11, 6.77 ], [ -74.12, 6.77 ], [ -74.13, 6.76 ], [ -74.14, 6.76 ], [ -74.16, 6.74 ], [ -74.17, 6.73 ], [ -74.18, 6.72 ], [ -74.19, 6.72 ], [ -74.21, 6.72 ], [ -74.23, 6.71 ], [ -74.24, 6.7 ], [ -74.25, 6.68 ], [ -74.26, 6.67 ], [ -74.27, 6.67 ], [ -74.28, 6.66 ], [ -74.29, 6.66 ], [ -74.31, 6.65 ], [ -74.33, 6.63 ], [ -74.34, 6.63 ], [ -74.36, 6.63 ], [ -74.37, 6.62 ], [ -74.38, 6.62 ], [ -74.39, 6.6 ], [ -74.4, 6.59 ], [ -74.41, 6.59 ], [ -74.41, 6.58 ], [ -74.4, 6.57 ], [ -74.41, 6.54 ], [ -74.39, 6.5 ], [ -74.4, 6.49 ], [ -74.4, 6.48 ], [ -74.4, 6.47 ], [ -74.4, 6.45 ], [ -74.39, 6.44 ], [ -74.37, 6.43 ], [ -74.37, 6.42 ], [ -74.37, 6.41 ], [ -74.38, 6.4 ], [ -74.39, 6.39 ], [ -74.42, 6.39 ], [ -74.44, 6.37 ], [ -74.44, 6.36 ], [ -74.45, 6.34 ], [ -74.45, 6.33 ], [ -74.47, 6.32 ], [ -74.48, 6.31 ], [ -74.5, 6.3 ], [ -74.5, 6.29 ], [ -74.51, 6.28 ], [ -74.53, 6.27 ], [ -74.53, 6.26 ], [ -74.52, 6.26 ], [ -74.52, 6.25 ], [ -74.52, 6.24 ], [ -74.51, 6.23 ], [ -74.51, 6.22 ], [ -74.51, 6.21 ], [ -74.5, 6.21 ], [ -74.49, 6.21 ], [ -74.49, 6.2 ], [ -74.48, 6.2 ], [ -74.47, 6.2 ], [ -74.47, 6.19 ], [ -74.47, 6.17 ], [ -74.48, 6.16 ], [ -74.47, 6.15 ], [ -74.45, 6.14 ], [ -74.46, 6.13 ], [ -74.45, 6.11 ], [ -74.45, 6.1 ], [ -74.44, 6.09 ], [ -74.43, 6.09 ], [ -74.42, 6.09 ], [ -74.41, 6.09 ], [ -74.41, 6.08 ], [ -74.4, 6.08 ], [ -74.4, 6.07 ], [ -74.4, 6.06 ], [ -74.39, 6.05 ], [ -74.38, 6.05 ], [ -74.38, 6.04 ], [ -74.37, 6.04 ], [ -74.36, 6.04 ], [ -74.35, 6.04 ], [ -74.34, 6.04 ], [ -74.34, 6.05 ], [ -74.34, 6.06 ], [ -74.33, 6.06 ], [ -74.33, 6.07 ], [ -74.32, 6.07 ], [ -74.31, 6.07 ], [ -74.3, 6.07 ], [ -74.3, 6.08 ], [ -74.29, 6.08 ], [ -74.28, 6.08 ], [ -74.28, 6.07 ], [ -74.27, 6.07 ], [ -74.26, 6.07 ], [ -74.26, 6.06 ], [ -74.26, 6.05 ], [ -74.26, 6.04 ], [ -74.26, 6.03 ], [ -74.26, 6.02 ], [ -74.26, 6.01 ], [ -74.26, 6.0 ], [ -74.25, 6.0 ], [ -74.24, 5.99 ], [ -74.24, 5.98 ], [ -74.23, 5.98 ], [ -74.22, 5.97 ], [ -74.24, 5.94 ], [ -74.23, 5.93 ], [ -74.23, 5.92 ], [ -74.23, 5.91 ], [ -74.24, 5.9 ], [ -74.25, 5.89 ], [ -74.26, 5.89 ], [ -74.26, 5.88 ], [ -74.27, 5.88 ], [ -74.27, 5.87 ], [ -74.27, 5.86 ], [ -74.27, 5.83 ], [ -74.25, 5.83 ], [ -74.23, 5.84 ], [ -74.22, 5.85 ], [ -74.21, 5.85 ], [ -74.2, 5.85 ], [ -74.19, 5.86 ], [ -74.2, 5.87 ], [ -74.2, 5.88 ], [ -74.19, 5.88 ], [ -74.19, 5.89 ], [ -74.18, 5.9 ], [ -74.18, 5.91 ], [ -74.17, 5.9 ], [ -74.15, 5.89 ], [ -74.13, 5.88 ], [ -74.11, 5.88 ], [ -74.1, 5.88 ], [ -74.1, 5.87 ], [ -74.09, 5.86 ], [ -74.09, 5.84 ], [ -74.08, 5.84 ], [ -74.08, 5.83 ], [ -74.08, 5.82 ], [ -74.07, 5.82 ], [ -74.06, 5.82 ], [ -74.03, 5.81 ], [ -74.03, 5.8 ], [ -74.02, 5.8 ], [ -74.02, 5.79 ], [ -74.02, 5.78 ], [ -74.01, 5.77 ], [ -74.01, 5.76 ], [ -74.0, 5.76 ], [ -74.0, 5.74 ], [ -73.99, 5.73 ], [ -73.98, 5.72 ], [ -73.97, 5.73 ], [ -73.96, 5.74 ], [ -73.94, 5.74 ], [ -73.93, 5.74 ], [ -73.92, 5.74 ], [ -73.9, 5.74 ], [ -73.89, 5.74 ], [ -73.89, 5.73 ], [ -73.88, 5.72 ], [ -73.88, 5.71 ], [ -73.86, 5.71 ], [ -73.86, 5.72 ], [ -73.86, 5.73 ], [ -73.84, 5.74 ], [ -73.82, 5.74 ], [ -73.82, 5.72 ], [ -73.82, 5.71 ], [ -73.81, 5.71 ], [ -73.8, 5.72 ], [ -73.79, 5.73 ], [ -73.79, 5.74 ], [ -73.78, 5.75 ], [ -73.76, 5.77 ], [ -73.75, 5.77 ], [ -73.74, 5.77 ], [ -73.73, 5.77 ], [ -73.72, 5.77 ], [ -73.72, 5.78 ], [ -73.71, 5.77 ], [ -73.69, 5.76 ], [ -73.68, 5.75 ], [ -73.67, 5.75 ], [ -73.66, 5.73 ], [ -73.65, 5.72 ], [ -73.65, 5.71 ], [ -73.64, 5.72 ], [ -73.64, 5.74 ], [ -73.63, 5.74 ], [ -73.63, 5.75 ], [ -73.63, 5.76 ], [ -73.63, 5.77 ], [ -73.63, 5.79 ], [ -73.62, 5.8 ], [ -73.62, 5.81 ], [ -73.6, 5.87 ], [ -73.61, 5.89 ], [ -73.63, 5.9 ], [ -73.63, 5.91 ], [ -73.63, 5.92 ], [ -73.62, 5.92 ], [ -73.61, 5.93 ], [ -73.6, 5.94 ], [ -73.59, 5.97 ], [ -73.59, 5.99 ], [ -73.58, 6.01 ], [ -73.57, 6.02 ], [ -73.56, 6.03 ], [ -73.55, 6.03 ], [ -73.54, 6.04 ], [ -73.53, 6.05 ], [ -73.53, 6.06 ], [ -73.53, 6.07 ], [ -73.53, 6.08 ], [ -73.52, 6.08 ], [ -73.52, 6.09 ], [ -73.51, 6.09 ], [ -73.52, 6.1 ], [ -73.5, 6.11 ], [ -73.49, 6.1 ], [ -73.48, 6.1 ], [ -73.48, 6.09 ], [ -73.47, 6.1 ], [ -73.46, 6.09 ], [ -73.45, 6.08 ], [ -73.44, 6.07 ], [ -73.43, 6.07 ], [ -73.42, 6.07 ], [ -73.41, 6.06 ], [ -73.4, 6.06 ], [ -73.4, 6.05 ], [ -73.39, 6.03 ], [ -73.39, 6.02 ], [ -73.38, 6.02 ], [ -73.38, 6.01 ], [ -73.37, 6.01 ], [ -73.37, 6.0 ], [ -73.37, 5.99 ], [ -73.38, 5.98 ], [ -73.37, 5.97 ], [ -73.38, 5.97 ], [ -73.38, 5.96 ], [ -73.38, 5.95 ], [ -73.39, 5.94 ], [ -73.39, 5.93 ], [ -73.4, 5.93 ], [ -73.4, 5.92 ], [ -73.4, 5.91 ], [ -73.4, 5.9 ], [ -73.41, 5.9 ], [ -73.41, 5.89 ], [ -73.42, 5.89 ], [ -73.43, 5.9 ], [ -73.44, 5.9 ], [ -73.46, 5.89 ], [ -73.45, 5.88 ], [ -73.45, 5.87 ], [ -73.46, 5.85 ], [ -73.46, 5.84 ], [ -73.47, 5.82 ], [ -73.46, 5.81 ], [ -73.45, 5.8 ], [ -73.44, 5.8 ], [ -73.43, 5.79 ], [ -73.43, 5.78 ], [ -73.43, 5.77 ], [ -73.42, 5.77 ], [ -73.41, 5.76 ], [ -73.4, 5.76 ], [ -73.39, 5.75 ], [ -73.38, 5.76 ], [ -73.38, 5.77 ], [ -73.37, 5.79 ], [ -73.36, 5.8 ], [ -73.36, 5.82 ], [ -73.35, 5.82 ], [ -73.35, 5.83 ], [ -73.35, 5.84 ], [ -73.35, 5.85 ], [ -73.35, 5.87 ], [ -73.34, 5.86 ], [ -73.33, 5.85 ], [ -73.32, 5.85 ], [ -73.31, 5.86 ], [ -73.3, 5.85 ], [ -73.29, 5.85 ], [ -73.28, 5.85 ], [ -73.27, 5.85 ], [ -73.26, 5.85 ], [ -73.27, 5.83 ], [ -73.26, 5.83 ], [ -73.25, 5.82 ], [ -73.24, 5.82 ], [ -73.23, 5.82 ], [ -73.22, 5.82 ], [ -73.2, 5.83 ], [ -73.2, 5.84 ], [ -73.19, 5.84 ], [ -73.19, 5.85 ], [ -73.2, 5.87 ], [ -73.2, 5.88 ], [ -73.21, 5.88 ], [ -73.21, 5.89 ], [ -73.22, 5.89 ], [ -73.22, 5.9 ], [ -73.22, 5.91 ], [ -73.21, 5.92 ], [ -73.22, 5.94 ], [ -73.22, 5.96 ], [ -73.22, 5.97 ], [ -73.22, 5.98 ], [ -73.21, 5.99 ], [ -73.2, 6.0 ], [ -73.18, 5.99 ], [ -73.17, 5.99 ], [ -73.16, 5.98 ], [ -73.15, 5.97 ], [ -73.14, 5.96 ], [ -73.13, 5.96 ], [ -73.12, 5.96 ], [ -73.11, 5.96 ], [ -73.1, 5.96 ], [ -73.1, 5.97 ], [ -73.09, 5.97 ], [ -73.08, 5.97 ], [ -73.08, 5.98 ], [ -73.07, 5.98 ], [ -73.07, 5.99 ], [ -73.06, 6.01 ], [ -73.04, 6.02 ], [ -73.03, 6.02 ], [ -73.03, 6.0 ], [ -73.02, 5.99 ], [ -73.02, 5.97 ], [ -73.01, 5.96 ], [ -73.0, 5.99 ], [ -72.99, 5.99 ], [ -72.98, 6.01 ], [ -72.98, 6.02 ], [ -72.97, 6.02 ], [ -72.96, 6.03 ], [ -72.96, 6.04 ], [ -72.95, 6.05 ], [ -72.95, 6.06 ], [ -72.95, 6.07 ], [ -72.94, 6.08 ], [ -72.93, 6.08 ], [ -72.92, 6.09 ], [ -72.92, 6.1 ], [ -72.92, 6.11 ], [ -72.91, 6.11 ], [ -72.9, 6.11 ], [ -72.9, 6.12 ], [ -72.89, 6.12 ], [ -72.87, 6.13 ], [ -72.87, 6.14 ], [ -72.86, 6.14 ], [ -72.85, 6.15 ], [ -72.85, 6.14 ], [ -72.83, 6.15 ], [ -72.83, 6.16 ], [ -72.83, 6.17 ], [ -72.82, 6.18 ], [ -72.81, 6.19 ], [ -72.81, 6.2 ], [ -72.8, 6.21 ], [ -72.8, 6.22 ], [ -72.79, 6.22 ], [ -72.78, 6.21 ], [ -72.77, 6.22 ], [ -72.76, 6.22 ], [ -72.75, 6.22 ], [ -72.75, 6.23 ], [ -72.74, 6.23 ], [ -72.74, 6.24 ], [ -72.75, 6.24 ], [ -72.75, 6.25 ], [ -72.75, 6.26 ], [ -72.75, 6.27 ], [ -72.75, 6.28 ], [ -72.75, 6.3 ], [ -72.76, 6.31 ], [ -72.76, 6.32 ], [ -72.75, 6.32 ], [ -72.75, 6.34 ], [ -72.75, 6.35 ], [ -72.73, 6.36 ], [ -72.73, 6.37 ], [ -72.73, 6.38 ], [ -72.73, 6.39 ], [ -72.74, 6.42 ], [ -72.73, 6.44 ], [ -72.72, 6.46 ], [ -72.73, 6.47 ], [ -72.74, 6.47 ], [ -72.74, 6.48 ], [ -72.74, 6.49 ], [ -72.75, 6.49 ], [ -72.76, 6.49 ], [ -72.76, 6.5 ], [ -72.77, 6.5 ], [ -72.77, 6.51 ], [ -72.77, 6.52 ], [ -72.78, 6.53 ], [ -72.79, 6.53 ], [ -72.8, 6.53 ], [ -72.81, 6.54 ], [ -72.81, 6.55 ], [ -72.81, 6.56 ], [ -72.8, 6.56 ], [ -72.8, 6.57 ], [ -72.79, 6.57 ], [ -72.78, 6.57 ], [ -72.78, 6.58 ], [ -72.77, 6.58 ], [ -72.76, 6.58 ], [ -72.75, 6.57 ], [ -72.74, 6.57 ], [ -72.74, 6.56 ], [ -72.73, 6.55 ], [ -72.72, 6.55 ], [ -72.71, 6.54 ], [ -72.7, 6.54 ], [ -72.7, 6.53 ], [ -72.7, 6.52 ], [ -72.69, 6.51 ], [ -72.68, 6.49 ], [ -72.68, 6.48 ], [ -72.67, 6.46 ], [ -72.66, 6.45 ], [ -72.66, 6.44 ], [ -72.65, 6.44 ], [ -72.62, 6.44 ], [ -72.61, 6.45 ], [ -72.6, 6.45 ], [ -72.6, 6.46 ], [ -72.59, 6.46 ], [ -72.59, 6.47 ], [ -72.58, 6.48 ], [ -72.57, 6.48 ], [ -72.56, 6.49 ], [ -72.54, 6.49 ], [ -72.54, 6.5 ], [ -72.54, 6.51 ], [ -72.55, 6.52 ], [ -72.54, 6.54 ], [ -72.54, 6.55 ], [ -72.55, 6.57 ], [ -72.54, 6.58 ], [ -72.54, 6.59 ], [ -72.53, 6.59 ], [ -72.52, 6.6 ], [ -72.52, 6.62 ], [ -72.51, 6.63 ], [ -72.5, 6.63 ], [ -72.5, 6.64 ], [ -72.49, 6.64 ], [ -72.49, 6.65 ], [ -72.49, 6.66 ], [ -72.49, 6.67 ], [ -72.49, 6.68 ], [ -72.48, 6.7 ], [ -72.49, 6.71 ], [ -72.49, 6.72 ], [ -72.5, 6.72 ], [ -72.5, 6.73 ], [ -72.5, 6.74 ], [ -72.49, 6.74 ], [ -72.49, 6.76 ], [ -72.5, 6.76 ], [ -72.5, 6.78 ], [ -72.5, 6.79 ], [ -72.5, 6.8 ], [ -72.49, 6.81 ], [ -72.48, 6.81 ], [ -72.48, 6.82 ], [ -72.48, 6.83 ], [ -72.48, 6.84 ], [ -72.48, 6.85 ], [ -72.49, 6.85 ], [ -72.49, 6.87 ], [ -72.5, 6.87 ], [ -72.5, 6.88 ], [ -72.5, 6.89 ], [ -72.5, 6.9 ], [ -72.5, 6.91 ], [ -72.51, 6.9 ], [ -72.51, 6.89 ], [ -72.52, 6.89 ], [ -72.53, 6.89 ], [ -72.54, 6.89 ], [ -72.55, 6.89 ], [ -72.55, 6.9 ], [ -72.55, 6.91 ], [ -72.55, 6.92 ], [ -72.54, 6.94 ], [ -72.54, 6.96 ], [ -72.55, 6.97 ], [ -72.55, 6.99 ], [ -72.56, 7.0 ], [ -72.57, 7.0 ], [ -72.58, 7.0 ], [ -72.59, 7.0 ], [ -72.59, 6.99 ], [ -72.6, 6.99 ], [ -72.61, 6.99 ], [ -72.62, 6.99 ], [ -72.63, 6.99 ], [ -72.65, 7.0 ], [ -72.66, 6.99 ], [ -72.66, 6.98 ], [ -72.66, 6.97 ], [ -72.67, 6.97 ], [ -72.67, 6.99 ], [ -72.68, 7.0 ], [ -72.68, 7.01 ], [ -72.69, 7.01 ], [ -72.7, 7.0 ], [ -72.71, 7.01 ], [ -72.72, 7.01 ], [ -72.73, 6.99 ], [ -72.74, 6.98 ], [ -72.75, 6.99 ], [ -72.75, 7.0 ], [ -72.76, 7.01 ], [ -72.76, 7.02 ], [ -72.79, 7.02 ], [ -72.78, 7.03 ], [ -72.79, 7.04 ], [ -72.81, 7.04 ], [ -72.82, 7.04 ], [ -72.83, 7.05 ], [ -72.84, 7.05 ], [ -72.85, 7.05 ], [ -72.86, 7.06 ], [ -72.87, 7.05 ], [ -72.88, 7.06 ], [ -72.88, 7.07 ], [ -72.88, 7.08 ], [ -72.87, 7.11 ], [ -72.86, 7.12 ], [ -72.85, 7.14 ], [ -72.85, 7.15 ], [ -72.86, 7.15 ], [ -72.85, 7.16 ], [ -72.84, 7.17 ], [ -72.84, 7.19 ], [ -72.84, 7.2 ], [ -72.83, 7.2 ], [ -72.83, 7.21 ], [ -72.84, 7.21 ], [ -72.85, 7.21 ], [ -72.86, 7.22 ], [ -72.86, 7.23 ], [ -72.87, 7.23 ], [ -72.87, 7.24 ], [ -72.87, 7.25 ], [ -72.87, 7.26 ], [ -72.88, 7.26 ], [ -72.88, 7.27 ], [ -72.87, 7.27 ], [ -72.87, 7.28 ], [ -72.86, 7.28 ], [ -72.83, 7.3 ], [ -72.84, 7.32 ], [ -72.84, 7.33 ], [ -72.84, 7.34 ], [ -72.84, 7.36 ], [ -72.85, 7.36 ], [ -72.86, 7.36 ], [ -72.85, 7.37 ], [ -72.87, 7.39 ], [ -72.88, 7.4 ], [ -72.88, 7.41 ], [ -72.89, 7.42 ], [ -72.89, 7.43 ], [ -72.9, 7.43 ], [ -72.9, 7.45 ], [ -72.89, 7.47 ], [ -72.9, 7.48 ], [ -72.91, 7.48 ], [ -72.91, 7.49 ], [ -72.93, 7.5 ], [ -72.94, 7.51 ], [ -72.95, 7.52 ], [ -72.96, 7.52 ], [ -72.97, 7.52 ], [ -72.98, 7.53 ], [ -72.98, 7.54 ], [ -72.99, 7.55 ], [ -72.98, 7.56 ], [ -72.99, 7.6 ], [ -72.98, 7.61 ], [ -72.98, 7.62 ], [ -72.99, 7.62 ], [ -73.0, 7.62 ], [ -73.01, 7.62 ], [ -73.02, 7.62 ], [ -73.03, 7.62 ], [ -73.04, 7.62 ], [ -73.04, 7.61 ], [ -73.05, 7.61 ], [ -73.06, 7.61 ], [ -73.09, 7.61 ], [ -73.1, 7.62 ], [ -73.11, 7.61 ], [ -73.12, 7.61 ], [ -73.13, 7.61 ], [ -73.14, 7.62 ], [ -73.16, 7.62 ], [ -73.16, 7.63 ], [ -73.18, 7.62 ], [ -73.19, 7.62 ], [ -73.2, 7.63 ], [ -73.21, 7.63 ], [ -73.22, 7.63 ], [ -73.23, 7.63 ], [ -73.24, 7.62 ], [ -73.24, 7.6 ], [ -73.26, 7.59 ], [ -73.26, 7.58 ], [ -73.25, 7.57 ], [ -73.25, 7.56 ], [ -73.25, 7.55 ], [ -73.25, 7.54 ], [ -73.26, 7.53 ], [ -73.27, 7.54 ], [ -73.28, 7.54 ], [ -73.28, 7.55 ], [ -73.29, 7.55 ], [ -73.3, 7.55 ], [ -73.31, 7.55 ], [ -73.32, 7.55 ], [ -73.33, 7.55 ], [ -73.35, 7.55 ], [ -73.35, 7.54 ], [ -73.36, 7.54 ], [ -73.36, 7.55 ], [ -73.37, 7.55 ], [ -73.37, 7.56 ], [ -73.37, 7.57 ], [ -73.39, 7.58 ], [ -73.4, 7.58 ], [ -73.4, 7.57 ], [ -73.41, 7.57 ], [ -73.42, 7.57 ], [ -73.43, 7.57 ], [ -73.44, 7.57 ], [ -73.45, 7.57 ], [ -73.46, 7.57 ], [ -73.46, 7.58 ], [ -73.47, 7.58 ], [ -73.49, 7.59 ], [ -73.49, 7.6 ], [ -73.5, 7.6 ], [ -73.51, 7.6 ], [ -73.51, 7.61 ], [ -73.52, 7.62 ], [ -73.52, 7.63 ], [ -73.52, 7.64 ], [ -73.53, 7.64 ], [ -73.53, 7.65 ], [ -73.53, 7.66 ], [ -73.54, 7.66 ], [ -73.55, 7.67 ], [ -73.56, 7.67 ], [ -73.56, 7.68 ], [ -73.56, 7.69 ], [ -73.57, 7.69 ], [ -73.57, 7.7 ], [ -73.58, 7.7 ], [ -73.59, 7.7 ], [ -73.6, 7.7 ], [ -73.6, 7.71 ], [ -73.6, 7.72 ], [ -73.6, 7.73 ], [ -73.61, 7.73 ], [ -73.61, 7.74 ], [ -73.62, 7.74 ], [ -73.63, 7.74 ], [ -73.63, 7.75 ], [ -73.76, 7.75 ], [ -73.76, 7.76 ], [ -73.76, 7.77 ], [ -73.75, 7.77 ], [ -73.74, 7.78 ], [ -73.74, 7.79 ], [ -73.74, 7.8 ], [ -73.75, 7.8 ], [ -73.75, 7.81 ], [ -73.75, 7.82 ], [ -73.74, 7.83 ], [ -73.73, 7.83 ], [ -73.72, 7.83 ], [ -73.72, 7.84 ], [ -73.72, 7.85 ], [ -73.71, 7.86 ], [ -73.7, 7.87 ], [ -73.69, 7.87 ], [ -73.69, 7.88 ], [ -73.67, 7.89 ], [ -73.67, 7.9 ], [ -73.68, 7.91 ], [ -73.68, 7.92 ], [ -73.67, 7.93 ], [ -73.68, 7.94 ], [ -73.69, 7.95 ], [ -73.7, 7.95 ], [ -73.7, 7.96 ], [ -73.7, 7.97 ], [ -73.71, 7.97 ], [ -73.72, 7.97 ], [ -73.72, 7.98 ], [ -73.72, 7.99 ], [ -73.72, 8.0 ], [ -73.72, 8.01 ], [ -73.73, 8.01 ], [ -73.73, 8.02 ], [ -73.74, 8.02 ], [ -73.74, 8.03 ], [ -73.73, 8.03 ], [ -73.73, 8.04 ], [ -73.74, 8.04 ], [ -73.75, 8.04 ], [ -73.75, 8.05 ], [ -73.75, 8.06 ], [ -73.76, 8.06 ], [ -73.76, 8.07 ], [ -73.77, 8.07 ], [ -73.77, 8.08 ], [ -73.77, 8.09 ], [ -73.78, 8.09 ], [ -73.78, 8.1 ], [ -73.77, 8.11 ] ], [ [ -73.88, 5.72 ], [ -73.87, 5.73 ], [ -73.87, 5.72 ], [ -73.88, 5.72 ] ], [ [ -73.78, 8.1 ], [ -73.79, 8.1 ], [ -73.79, 8.11 ], [ -73.78, 8.1 ] ] ] ] } },
{ "type": "Feature", "properties": { "coddepto": 11 }, "geometry": { "type": "Polygon", "coordinates": [ [ [ -74.02, 4.82 ], [ -74.04, 4.83 ], [ -74.05, 4.83 ], [ -74.06, 4.83 ], [ -74.07, 4.83 ], [ -74.07, 4.84 ], [ -74.09, 4.83 ], [ -74.08, 4.82 ], [ -74.08, 4.81 ], [ -74.09, 4.8 ], [ -74.1, 4.8 ], [ -74.11, 4.8 ], [ -74.11, 4.79 ], [ -74.11, 4.78 ], [ -74.12, 4.78 ], [ -74.12, 4.77 ], [ -74.12, 4.76 ], [ -74.12, 4.75 ], [ -74.13, 4.75 ], [ -74.13, 4.74 ], [ -74.13, 4.73 ], [ -74.14, 4.73 ], [ -74.15, 4.72 ], [ -74.16, 4.72 ], [ -74.16, 4.71 ], [ -74.17, 4.7 ], [ -74.17, 4.69 ], [ -74.17, 4.68 ], [ -74.16, 4.68 ], [ -74.16, 4.67 ], [ -74.16, 4.66 ], [ -74.17, 4.66 ], [ -74.18, 4.65 ], [ -74.19, 4.65 ], [ -74.2, 4.65 ], [ -74.21, 4.65 ], [ -74.21, 4.64 ], [ -74.22, 4.64 ], [ -74.22, 4.63 ], [ -74.22, 4.62 ], [ -74.2, 4.6 ], [ -74.18, 4.6 ], [ -74.18, 4.58 ], [ -74.18, 4.57 ], [ -74.18, 4.56 ], [ -74.18, 4.55 ], [ -74.18, 4.54 ], [ -74.18, 4.53 ], [ -74.18, 4.52 ], [ -74.18, 4.51 ], [ -74.18, 4.5 ], [ -74.18, 4.49 ], [ -74.18, 4.48 ], [ -74.19, 4.45 ], [ -74.19, 4.43 ], [ -74.2, 4.43 ], [ -74.21, 4.41 ], [ -74.21, 4.39 ], [ -74.21, 4.38 ], [ -74.21, 4.37 ], [ -74.22, 4.36 ], [ -74.22, 4.35 ], [ -74.21, 4.31 ], [ -74.22, 4.29 ], [ -74.22, 4.28 ], [ -74.22, 4.27 ], [ -74.21, 4.27 ], [ -74.21, 4.26 ], [ -74.2, 4.25 ], [ -74.21, 4.25 ], [ -74.21, 4.24 ], [ -74.22, 4.24 ], [ -74.22, 4.23 ], [ -74.22, 4.22 ], [ -74.23, 4.22 ], [ -74.24, 4.18 ], [ -74.24, 4.17 ], [ -74.24, 4.16 ], [ -74.25, 4.1 ], [ -74.26, 4.1 ], [ -74.26, 4.09 ], [ -74.27, 4.09 ], [ -74.27, 4.1 ], [ -74.28, 4.1 ], [ -74.3, 4.11 ], [ -74.31, 4.11 ], [ -74.32, 4.13 ], [ -74.33, 4.13 ], [ -74.33, 4.12 ], [ -74.34, 4.1 ], [ -74.34, 4.09 ], [ -74.35, 4.08 ], [ -74.35, 4.06 ], [ -74.36, 4.05 ], [ -74.37, 4.04 ], [ -74.36, 4.02 ], [ -74.36, 4.01 ], [ -74.37, 3.99 ], [ -74.36, 3.98 ], [ -74.36, 3.97 ], [ -74.36, 3.95 ], [ -74.35, 3.94 ], [ -74.36, 3.92 ], [ -74.36, 3.91 ], [ -74.36, 3.9 ], [ -74.37, 3.89 ], [ -74.37, 3.88 ], [ -74.39, 3.87 ], [ -74.39, 3.85 ], [ -74.4, 3.82 ], [ -74.41, 3.8 ], [ -74.42, 3.79 ], [ -74.43, 3.78 ], [ -74.43, 3.76 ], [ -74.44, 3.76 ], [ -74.45, 3.75 ], [ -74.45, 3.74 ], [ -74.44, 3.73 ], [ -74.42, 3.74 ], [ -74.41, 3.74 ], [ -74.4, 3.74 ], [ -74.4, 3.75 ], [ -74.39, 3.75 ], [ -74.39, 3.76 ], [ -74.39, 3.77 ], [ -74.38, 3.78 ], [ -74.37, 3.79 ], [ -74.36, 3.79 ], [ -74.36, 3.8 ], [ -74.35, 3.8 ], [ -74.35, 3.81 ], [ -74.34, 3.81 ], [ -74.34, 3.82 ], [ -74.33, 3.82 ], [ -74.33, 3.83 ], [ -74.32, 3.82 ], [ -74.31, 3.82 ], [ -74.3, 3.82 ], [ -74.29, 3.83 ], [ -74.3, 3.84 ], [ -74.31, 3.84 ], [ -74.3, 3.85 ], [ -74.31, 3.86 ], [ -74.32, 3.88 ], [ -74.31, 3.89 ], [ -74.3, 3.88 ], [ -74.28, 3.91 ], [ -74.27, 3.92 ], [ -74.27, 3.93 ], [ -74.26, 3.93 ], [ -74.26, 3.95 ], [ -74.25, 3.95 ], [ -74.24, 3.95 ], [ -74.24, 3.97 ], [ -74.23, 3.98 ], [ -74.23, 3.99 ], [ -74.22, 4.01 ], [ -74.2, 4.02 ], [ -74.18, 4.01 ], [ -74.18, 4.02 ], [ -74.17, 4.02 ], [ -74.16, 4.02 ], [ -74.15, 4.01 ], [ -74.15, 4.02 ], [ -74.14, 4.02 ], [ -74.14, 4.03 ], [ -74.13, 4.05 ], [ -74.12, 4.06 ], [ -74.13, 4.07 ], [ -74.13, 4.08 ], [ -74.13, 4.09 ], [ -74.12, 4.1 ], [ -74.13, 4.1 ], [ -74.13, 4.12 ], [ -74.13, 4.13 ], [ -74.12, 4.13 ], [ -74.11, 4.13 ], [ -74.11, 4.15 ], [ -74.11, 4.16 ], [ -74.11, 4.17 ], [ -74.11, 4.18 ], [ -74.12, 4.18 ], [ -74.12, 4.19 ], [ -74.12, 4.2 ], [ -74.13, 4.2 ], [ -74.14, 4.21 ], [ -74.14, 4.23 ], [ -74.15, 4.24 ], [ -74.15, 4.25 ], [ -74.15, 4.27 ], [ -74.14, 4.27 ], [ -74.13, 4.28 ], [ -74.12, 4.31 ], [ -74.11, 4.31 ], [ -74.11, 4.32 ], [ -74.11, 4.33 ], [ -74.1, 4.33 ], [ -74.11, 4.34 ], [ -74.1, 4.35 ], [ -74.1, 4.36 ], [ -74.09, 4.36 ], [ -74.1, 4.38 ], [ -74.11, 4.39 ], [ -74.12, 4.4 ], [ -74.11, 4.42 ], [ -74.11, 4.43 ], [ -74.11, 4.44 ], [ -74.1, 4.45 ], [ -74.09, 4.46 ], [ -74.08, 4.46 ], [ -74.07, 4.51 ], [ -74.06, 4.51 ], [ -74.05, 4.51 ], [ -74.04, 4.51 ], [ -74.04, 4.53 ], [ -74.03, 4.55 ], [ -74.03, 4.56 ], [ -74.02, 4.56 ], [ -74.01, 4.56 ], [ -74.01, 4.57 ], [ -74.0, 4.57 ], [ -74.0, 4.59 ], [ -74.0, 4.6 ], [ -74.0, 4.61 ], [ -73.99, 4.61 ], [ -73.99, 4.62 ], [ -73.99, 4.63 ], [ -74.01, 4.63 ], [ -74.01, 4.64 ], [ -74.03, 4.64 ], [ -74.03, 4.65 ], [ -74.03, 4.66 ], [ -74.02, 4.66 ], [ -74.01, 4.66 ], [ -74.0, 4.67 ], [ -74.0, 4.68 ], [ -74.01, 4.68 ], [ -74.01, 4.69 ], [ -74.01, 4.7 ], [ -74.01, 4.71 ], [ -74.01, 4.72 ], [ -74.01, 4.74 ], [ -74.01, 4.76 ], [ -74.02, 4.76 ], [ -74.02, 4.78 ], [ -74.02, 4.79 ], [ -74.01, 4.8 ], [ -74.0, 4.81 ], [ -74.01, 4.81 ], [ -74.01, 4.82 ], [ -74.02, 4.82 ] ] ] } },
{ "type": "Feature", "properties": { "coddepto": 88 }, "geometry": { "type": "MultiPolygon", "coordinates": [ [ [ [ -79.10666666666657, 11.99891472868214 ], [ -79.026666666666529, 12.158914728682118 ], [ -78.946666666666601, 12.318914728682117 ], [ -78.946666666666601, 12.398914728682129 ], [ -78.946666666666601, 12.478914728682113 ], [ -78.866666666666561, 12.478914728682113 ], [ -78.866666666666561, 12.638914728682124 ], [ -78.866666666666561, 12.718914728682108 ], [ -78.866666666666561, 12.798914728682107 ], [ -78.78666666666652, 12.798914728682119 ], [ -78.866666666666561, 12.878914728682135 ], [ -78.946666666666601, 12.878914728682133 ], [ -79.026666666666529, 12.798914728682121 ], [ -79.026666666666529, 12.718914728682122 ], [ -79.10666666666657, 12.638914728682137 ], [ -79.10666666666657, 12.55891472868211 ], [ -79.10666666666657, 12.398914728682144 ], [ -79.10666666666657, 12.158914728682118 ], [ -79.186666666666497, 12.078914728682122 ], [ -79.10666666666657, 11.99891472868214 ] ] ], [ [ [ -78.532323232323179, 12.883838383838379 ], [ -78.532323232323179, 12.833838383838371 ], [ -78.482323232323225, 12.833838383838383 ], [ -78.482323232323225, 12.783838383838381 ], [ -78.532323232323179, 12.783838383838381 ], [ -78.582323232323205, 12.733838383838373 ], [ -78.582323232323205, 12.683838383838365 ], [ -78.582323232323205, 12.633838383838375 ], [ -78.582323232323205, 12.583838383838385 ], [ -78.582323232323205, 12.53383838383837 ], [ -78.532323232323179, 12.533838383838377 ], [ -78.482323232323225, 12.583838383838385 ], [ -78.432323232323199, 12.583838383838385 ], [ -78.432323232323199, 12.633838383838375 ], [ -78.432323232323199, 12.683838383838367 ], [ -78.382323232323316, 12.733838383838373 ], [ -78.432323232323199, 12.733838383838375 ], [ -78.432323232323199, 12.783838383838383 ], [ -78.432323232323199, 12.833838383838383 ], [ -78.432323232323199, 12.88383838383837 ], [ -78.482323232323225, 12.883838383838379 ], [ -78.532323232323179, 12.883838383838379 ] ] ] ] } }
]
}
